
-- phpMyAdmin SQL Dump
-- version 4.2.10
-- http://www.phpmyadmin.net
--
-- Client :  localhost:3306
-- Généré le :  Lun 03 Août 2015 à 21:51
-- Version du serveur :  5.5.38
-- Version de PHP :  5.3.29

SET SQL_MODE = "NO_AUTO_VALUE_ON_ZERO";
SET time_zone = "+00:00";

--
-- Base de données :  `mystock`
--

-- --------------------------------------------------------

--
-- Structure de la table `clt_client`
--

CREATE TABLE `clt_client` (
`ID` bigint(20) NOT NULL,
  `FIRST_NAME` tinytext,
  `LAST_NAME` tinytext,
  `COMPANY_NAME` tinytext CHARACTER SET latin1,
  `ADRESS` tinytext CHARACTER SET latin1,
  `EMAIL` tinytext CHARACTER SET latin1,
  `CELL_PHONE` tinytext CHARACTER SET latin1,
  `FIXED_PHONE` tinytext CHARACTER SET latin1,
  `CURRENCY` tinytext CHARACTER SET latin1,
  `INF_COUNTRY_ID` bigint(20) DEFAULT NULL,
  `INF_CITY_ID` bigint(20) DEFAULT NULL,
  `CLIENT_STATUS_ID` bigint(20) DEFAULT NULL,
  `DEFAULT_LANGUAGE_ID` bigint(20) DEFAULT NULL,
  `ACTIVE` char(1) CHARACTER SET latin1 DEFAULT 'Y',
  `DATE_CREATION` datetime DEFAULT NULL,
  `USER_CREATION` bigint(20) DEFAULT NULL,
  `DATE_UPDATE` datetime DEFAULT NULL,
  `USER_UPDATE` bigint(20) DEFAULT NULL
) ENGINE=InnoDB AUTO_INCREMENT=2 DEFAULT CHARSET=utf8;

--
-- Contenu de la table `clt_client`
--

INSERT INTO `clt_client` (`ID`, `FIRST_NAME`, `LAST_NAME`, `COMPANY_NAME`, `ADRESS`, `EMAIL`, `CELL_PHONE`, `FIXED_PHONE`, `CURRENCY`, `INF_COUNTRY_ID`, `INF_CITY_ID`, `CLIENT_STATUS_ID`, `DEFAULT_LANGUAGE_ID`, `ACTIVE`, `DATE_CREATION`, `USER_CREATION`, `DATE_UPDATE`, `USER_UPDATE`) VALUES
(1, 'Jalal', 'TELEMSANI', 'SAJ ELEGENT', '33 passage sumica casablanca 20080 Centre ville', 'sajelegent@gmail.com', NULL, '+212 5 22 20 66 49', 'DH', 1, 2, NULL, NULL, 'Y', NULL, NULL, NULL, NULL);

--
-- Déclencheurs `clt_client`
--
DELIMITER //
CREATE TRIGGER `TRIG_BI_CLIENT` BEFORE INSERT ON `clt_client`
 FOR EACH ROW BEGIN

    -- VERFIED ACTIVE
    
    IF NEW.ACTIVE IS NULL THEN
    
      SET NEW.ACTIVE = 'Y';
    
    END IF;
    
    IF NEW.ACTIVE IS NOT NULL THEN
      
      IF upper(NEW.ACTIVE) <> 'Y' and upper(NEW.ACTIVE) <> 'N' THEN
      
          SET  NEW.ACTIVE = 'Y';
      
      end if ;
      
    END IF;
    -- DATE CREATION 
    
    SET  NEW.DATE_CREATION = now();

END
//
DELIMITER ;

-- --------------------------------------------------------

--
-- Structure de la table `clt_client_language`
--

CREATE TABLE `clt_client_language` (
`ID` bigint(20) NOT NULL,
  `CLIENT_ID` bigint(20) DEFAULT NULL,
  `LANGUAGE_ID` bigint(20) DEFAULT NULL,
  `INF_PREFIX_ID` bigint(20) DEFAULT NULL,
  `ACTIVE` char(1) CHARACTER SET latin1 DEFAULT 'Y',
  `DATE_CREATION` datetime DEFAULT NULL,
  `USER_CREATION` bigint(20) DEFAULT NULL,
  `DATE_UPDATE` datetime DEFAULT NULL,
  `USER_UPDATE` bigint(20) DEFAULT NULL
) ENGINE=InnoDB AUTO_INCREMENT=2 DEFAULT CHARSET=utf8;

--
-- Contenu de la table `clt_client_language`
--

INSERT INTO `clt_client_language` (`ID`, `CLIENT_ID`, `LANGUAGE_ID`, `INF_PREFIX_ID`, `ACTIVE`, `DATE_CREATION`, `USER_CREATION`, `DATE_UPDATE`, `USER_UPDATE`) VALUES
(1, 1, 1, 1, 'Y', NULL, NULL, NULL, NULL);

-- --------------------------------------------------------

--
-- Structure de la table `clt_client_status`
--

CREATE TABLE `clt_client_status` (
`ID` bigint(20) NOT NULL,
  `NAME` tinytext,
  `DESCRIPTION` text,
  `SORT_KEY` bigint(20) DEFAULT NULL,
  `ACTIVE` char(1) CHARACTER SET latin1 DEFAULT 'Y',
  `DATE_CREATION` datetime DEFAULT NULL,
  `USER_CREATION` bigint(20) DEFAULT NULL,
  `DATE_UPDATE` datetime DEFAULT NULL,
  `USER_UPDATE` bigint(20) DEFAULT NULL
) ENGINE=InnoDB AUTO_INCREMENT=2 DEFAULT CHARSET=utf8;

--
-- Contenu de la table `clt_client_status`
--

INSERT INTO `clt_client_status` (`ID`, `NAME`, `DESCRIPTION`, `SORT_KEY`, `ACTIVE`, `DATE_CREATION`, `USER_CREATION`, `DATE_UPDATE`, `USER_UPDATE`) VALUES
(1, 'Active', NULL, 1, 'Y', NULL, NULL, NULL, NULL);

-- --------------------------------------------------------

--
-- Structure de la table `clt_module`
--

CREATE TABLE `clt_module` (
`ID` bigint(20) NOT NULL,
  `NAME` tinytext,
  `DESCRIPTION` text,
  `CLIENT_ID` bigint(20) DEFAULT NULL,
  `MODULE_STATUS_ID` bigint(20) DEFAULT NULL,
  `MODULE_TYPE_ID` bigint(20) DEFAULT NULL,
  `SORT_KEY` bigint(20) DEFAULT NULL,
  `ACTIVE` char(1) CHARACTER SET latin1 DEFAULT 'Y',
  `DATE_CREATION` datetime DEFAULT NULL,
  `USER_CREATION` bigint(20) DEFAULT NULL,
  `DATE_UPDATE` datetime DEFAULT NULL,
  `USER_UPDATE` bigint(20) DEFAULT NULL
) ENGINE=InnoDB AUTO_INCREMENT=4 DEFAULT CHARSET=utf8;

--
-- Contenu de la table `clt_module`
--

INSERT INTO `clt_module` (`ID`, `NAME`, `DESCRIPTION`, `CLIENT_ID`, `MODULE_STATUS_ID`, `MODULE_TYPE_ID`, `SORT_KEY`, `ACTIVE`, `DATE_CREATION`, `USER_CREATION`, `DATE_UPDATE`, `USER_UPDATE`) VALUES
(1, 'WebMaster', '', 1, 1, 3, 1, 'Y', NULL, NULL, NULL, NULL),
(2, 'Admin', '', 1, 1, 2, 1, 'Y', NULL, NULL, NULL, NULL),
(3, 'Démo Stock', '', 1, 1, 1, 1, 'Y', NULL, NULL, NULL, NULL);

-- --------------------------------------------------------

--
-- Structure de la table `clt_module_parameter`
--

CREATE TABLE `clt_module_parameter` (
`ID` bigint(20) NOT NULL,
  `NAME` tinytext CHARACTER SET latin1,
  `DESCRIPTION` text CHARACTER SET latin1,
  `DEFAULT_VALUE` text,
  `MODULE_PARAMETER_TYPE_ID` bigint(20) DEFAULT NULL,
  `ACTIVE` char(1) CHARACTER SET latin1 DEFAULT 'Y',
  `DATE_CREATION` datetime DEFAULT NULL,
  `USER_CREATION` bigint(20) DEFAULT NULL,
  `DATE_UPDATE` datetime DEFAULT NULL,
  `USER_UPDATE` bigint(20) DEFAULT NULL
) ENGINE=InnoDB AUTO_INCREMENT=3 DEFAULT CHARSET=utf8;

--
-- Contenu de la table `clt_module_parameter`
--

INSERT INTO `clt_module_parameter` (`ID`, `NAME`, `DESCRIPTION`, `DEFAULT_VALUE`, `MODULE_PARAMETER_TYPE_ID`, `ACTIVE`, `DATE_CREATION`, `USER_CREATION`, `DATE_UPDATE`, `USER_UPDATE`) VALUES
(1, 'a1', 'a2', 'a3', 1, 'Y', NULL, 1, NULL, NULL),
(2, '1', '2', '3', 1, 'Y', NULL, 1, NULL, NULL);

-- --------------------------------------------------------

--
-- Structure de la table `clt_module_parameter_client`
--

CREATE TABLE `clt_module_parameter_client` (
`ID` bigint(20) NOT NULL,
  `MODULE_PARAMETER_ID` bigint(20) DEFAULT NULL,
  `VALUE` longtext,
  `MODULE_ID` bigint(20) DEFAULT NULL,
  `ACTIVE` char(1) CHARACTER SET latin1 DEFAULT 'Y',
  `DATE_CREATION` datetime DEFAULT NULL,
  `USER_CREATION` bigint(20) DEFAULT NULL,
  `DATE_UPDATE` datetime DEFAULT NULL,
  `USER_UPDATE` bigint(20) DEFAULT NULL
) ENGINE=InnoDB AUTO_INCREMENT=2 DEFAULT CHARSET=utf8;

--
-- Contenu de la table `clt_module_parameter_client`
--

INSERT INTO `clt_module_parameter_client` (`ID`, `MODULE_PARAMETER_ID`, `VALUE`, `MODULE_ID`, `ACTIVE`, `DATE_CREATION`, `USER_CREATION`, `DATE_UPDATE`, `USER_UPDATE`) VALUES
(1, 1, 'v', 1, 'Y', NULL, 1, NULL, NULL);

-- --------------------------------------------------------

--
-- Structure de la table `clt_module_parameter_type`
--

CREATE TABLE `clt_module_parameter_type` (
`ID` bigint(20) NOT NULL,
  `NAME` tinytext,
  `DESCRIPTION` text,
  `SORT_KEY` bigint(20) DEFAULT NULL,
  `ACTIVE` char(1) DEFAULT 'Y',
  `DATE_CREATION` datetime DEFAULT NULL,
  `USER_CREATION` bigint(20) DEFAULT NULL,
  `DATE_UPDATE` datetime DEFAULT NULL,
  `USER_UPDATE` bigint(20) DEFAULT NULL
) ENGINE=InnoDB AUTO_INCREMENT=2 DEFAULT CHARSET=utf8;

--
-- Contenu de la table `clt_module_parameter_type`
--

INSERT INTO `clt_module_parameter_type` (`ID`, `NAME`, `DESCRIPTION`, `SORT_KEY`, `ACTIVE`, `DATE_CREATION`, `USER_CREATION`, `DATE_UPDATE`, `USER_UPDATE`) VALUES
(1, 'clt_module_parameter_type', 'type2', 1, 'Y', NULL, NULL, NULL, NULL);

-- --------------------------------------------------------

--
-- Structure de la table `clt_module_status`
--

CREATE TABLE `clt_module_status` (
`ID` bigint(20) NOT NULL,
  `NAME` tinytext,
  `DESCRIPTION` text,
  `SORT_KEY` bigint(20) DEFAULT NULL,
  `ACTIVE` char(1) CHARACTER SET latin1 DEFAULT 'Y',
  `DATE_CREATION` datetime DEFAULT NULL,
  `USER_CREATION` bigint(20) DEFAULT NULL,
  `DATE_UPDATE` datetime DEFAULT NULL,
  `USER_UPDATE` bigint(20) DEFAULT NULL
) ENGINE=InnoDB AUTO_INCREMENT=2 DEFAULT CHARSET=utf8;

--
-- Contenu de la table `clt_module_status`
--

INSERT INTO `clt_module_status` (`ID`, `NAME`, `DESCRIPTION`, `SORT_KEY`, `ACTIVE`, `DATE_CREATION`, `USER_CREATION`, `DATE_UPDATE`, `USER_UPDATE`) VALUES
(1, 'ACTIF', NULL, 1, 'Y', NULL, NULL, NULL, NULL);

-- --------------------------------------------------------

--
-- Structure de la table `clt_module_type`
--

CREATE TABLE `clt_module_type` (
`ID` bigint(20) NOT NULL,
  `NAME` tinytext,
  `DESCRIPTION` tinytext,
  `SORT_KEY` bigint(20) DEFAULT NULL,
  `ACTIVE` char(1) DEFAULT 'Y',
  `DATE_CREATION` datetime DEFAULT NULL,
  `USER_CREATION` bigint(20) DEFAULT NULL,
  `DATE_UPDATE` datetime DEFAULT NULL,
  `USER_UPDATE` bigint(20) DEFAULT NULL
) ENGINE=InnoDB AUTO_INCREMENT=4 DEFAULT CHARSET=utf8;

--
-- Contenu de la table `clt_module_type`
--

INSERT INTO `clt_module_type` (`ID`, `NAME`, `DESCRIPTION`, `SORT_KEY`, `ACTIVE`, `DATE_CREATION`, `USER_CREATION`, `DATE_UPDATE`, `USER_UPDATE`) VALUES
(1, 'Module WebMaster', NULL, 3, 'Y', NULL, NULL, NULL, NULL),
(2, 'Module Administration', NULL, 2, 'Y', NULL, NULL, NULL, NULL),
(3, 'Module Stock Simple', NULL, 1, 'Y', NULL, NULL, NULL, NULL);

-- --------------------------------------------------------

--
-- Structure de la table `clt_parameter`
--

CREATE TABLE `clt_parameter` (
`ID` bigint(20) NOT NULL,
  `NAME` tinytext CHARACTER SET latin1,
  `DEFAULT_VALUE` text,
  `PARAMETER_TYPE_ID` bigint(20) DEFAULT NULL,
  `ACTIVE` char(1) CHARACTER SET latin1 DEFAULT 'Y',
  `DATE_CREATION` datetime DEFAULT NULL,
  `USER_CREATION` bigint(20) DEFAULT NULL,
  `DATE_UPDATE` datetime DEFAULT NULL,
  `USER_UPDATE` bigint(20) DEFAULT NULL,
  `DESCRIPTION` tinytext CHARACTER SET latin1
) ENGINE=InnoDB AUTO_INCREMENT=6 DEFAULT CHARSET=utf8;

--
-- Contenu de la table `clt_parameter`
--

INSERT INTO `clt_parameter` (`ID`, `NAME`, `DEFAULT_VALUE`, `PARAMETER_TYPE_ID`, `ACTIVE`, `DATE_CREATION`, `USER_CREATION`, `DATE_UPDATE`, `USER_UPDATE`, `DESCRIPTION`) VALUES
(1, 'Titre de l''application ', 'defaitl val 1', 1, 'Y', NULL, NULL, NULL, NULL, NULL),
(2, 'Package et jsp de page en cours', 'defaitl val 2', 1, 'Y', NULL, NULL, NULL, 1, ''),
(3, 'param 3', 'default va 3', 1, 'Y', NULL, NULL, NULL, NULL, NULL),
(4, 'nom1', 'nom3', 1, 'Y', NULL, 1, NULL, NULL, 'nom2'),
(5, '1', '3', 1, 'Y', NULL, 1, NULL, NULL, '2');

-- --------------------------------------------------------

--
-- Structure de la table `clt_parameter_client`
--

CREATE TABLE `clt_parameter_client` (
`ID` bigint(20) NOT NULL,
  `VALUE` longtext,
  `CLINET_ID` bigint(20) DEFAULT NULL,
  `PARAMETER_ID` bigint(20) DEFAULT NULL,
  `ACTIVE` char(1) CHARACTER SET latin1 DEFAULT 'Y',
  `DATE_CREATION` datetime DEFAULT NULL,
  `USER_CREATION` bigint(20) DEFAULT NULL,
  `DATE_UPDATE` datetime DEFAULT NULL,
  `USER_UPDATE` bigint(20) DEFAULT NULL
) ENGINE=InnoDB AUTO_INCREMENT=5 DEFAULT CHARSET=utf8;

--
-- Contenu de la table `clt_parameter_client`
--

INSERT INTO `clt_parameter_client` (`ID`, `VALUE`, `CLINET_ID`, `PARAMETER_ID`, `ACTIVE`, `DATE_CREATION`, `USER_CREATION`, `DATE_UPDATE`, `USER_UPDATE`) VALUES
(1, 'My Stock Management', 1, 1, 'Y', NULL, NULL, NULL, NULL),
(2, 'ma.mystock.web.beans.stock.encours,stock/encours', 1, 2, 'Y', NULL, NULL, NULL, NULL),
(3, '3', 1, 3, 'Y', NULL, 1, NULL, NULL),
(4, 'AA', 1, 4, 'Y', NULL, 1, NULL, NULL);

-- --------------------------------------------------------

--
-- Structure de la table `clt_parameter_type`
--

CREATE TABLE `clt_parameter_type` (
  `ID` bigint(20) NOT NULL,
  `NAME` tinytext,
  `DESCRIPTION` text,
  `SORT_KEY` bigint(20) DEFAULT NULL,
  `ACTIVE` char(1) CHARACTER SET latin1 DEFAULT 'Y',
  `DATE_CREATION` datetime DEFAULT NULL,
  `USER_CREATION` bigint(20) DEFAULT NULL,
  `DATE_UPDATE` datetime DEFAULT NULL,
  `USER_UPDATE` bigint(20) DEFAULT NULL
) ENGINE=InnoDB DEFAULT CHARSET=utf8;

--
-- Contenu de la table `clt_parameter_type`
--

INSERT INTO `clt_parameter_type` (`ID`, `NAME`, `DESCRIPTION`, `SORT_KEY`, `ACTIVE`, `DATE_CREATION`, `USER_CREATION`, `DATE_UPDATE`, `USER_UPDATE`) VALUES
(1, 'type1', 'desc type 11', 1, 'Y', NULL, NULL, NULL, NULL);

-- --------------------------------------------------------

--
-- Structure de la table `clt_user`
--

CREATE TABLE `clt_user` (
`ID` bigint(20) NOT NULL,
  `FIRST_NAME` tinytext CHARACTER SET latin1,
  `LAST_NAME` tinytext CHARACTER SET latin1,
  `USERNAME` tinytext CHARACTER SET latin1,
  `PASSWORD` tinytext CHARACTER SET latin1,
  `CATEGORY_ID` bigint(20) DEFAULT NULL,
  `CLIENT_ID` bigint(20) DEFAULT NULL,
  `INF_COUNTRY_ID` bigint(20) DEFAULT NULL,
  `INF_CITY_ID` bigint(20) DEFAULT NULL,
  `USER_STATUS_ID` bigint(20) DEFAULT NULL,
  `DEFAULT_LANGUAGE_ID` bigint(20) DEFAULT NULL,
  `ACTIVE` char(1) CHARACTER SET latin1 DEFAULT 'Y',
  `DATE_CREATION` datetime DEFAULT NULL,
  `USER_CREATION` bigint(20) DEFAULT NULL,
  `DATE_UPDATE` datetime DEFAULT NULL,
  `USER_UPDATE` bigint(20) DEFAULT NULL,
  `SUPER_ADMIN` char(1) CHARACTER SET latin1 DEFAULT NULL,
  `CLT_MODULE_ID` bigint(20) DEFAULT NULL,
  `CELL_PHONE` varchar(45) DEFAULT NULL,
  `FIXED_PHONE` varchar(45) DEFAULT NULL,
  `ADRESS` tinytext,
  `SORT_KEY` bigint(20) DEFAULT NULL
) ENGINE=InnoDB AUTO_INCREMENT=2 DEFAULT CHARSET=utf8;

--
-- Contenu de la table `clt_user`
--

INSERT INTO `clt_user` (`ID`, `FIRST_NAME`, `LAST_NAME`, `USERNAME`, `PASSWORD`, `CATEGORY_ID`, `CLIENT_ID`, `INF_COUNTRY_ID`, `INF_CITY_ID`, `USER_STATUS_ID`, `DEFAULT_LANGUAGE_ID`, `ACTIVE`, `DATE_CREATION`, `USER_CREATION`, `DATE_UPDATE`, `USER_UPDATE`, `SUPER_ADMIN`, `CLT_MODULE_ID`, `CELL_PHONE`, `FIXED_PHONE`, `ADRESS`, `SORT_KEY`) VALUES
(1, 'Abdessamad HALLAL', 'HALLAL', 'admin', '8308651804facb7b9af8ffc53a33a22d6a1c8ac2', 1, 1, 1, 2, 1, 0, 'Y', NULL, NULL, NULL, NULL, NULL, 1, 'aaa', 'fff', 'rrrrG', NULL);

-- --------------------------------------------------------

--
-- Structure de la table `clt_user_category`
--

CREATE TABLE `clt_user_category` (
`ID` bigint(20) NOT NULL,
  `NAME` tinytext,
  `DESCRIPTION` text,
  `SORT_KEY` bigint(20) DEFAULT NULL,
  `MODULE_ID` bigint(20) DEFAULT NULL,
  `ACTIVE` char(1) CHARACTER SET latin1 DEFAULT 'Y',
  `DATE_CREATION` datetime DEFAULT NULL,
  `USER_CREATION` bigint(20) DEFAULT NULL,
  `DATE_UPDATE` datetime DEFAULT NULL,
  `USER_UPDATE` bigint(20) DEFAULT NULL
) ENGINE=InnoDB AUTO_INCREMENT=2 DEFAULT CHARSET=utf8;

--
-- Contenu de la table `clt_user_category`
--

INSERT INTO `clt_user_category` (`ID`, `NAME`, `DESCRIPTION`, `SORT_KEY`, `MODULE_ID`, `ACTIVE`, `DATE_CREATION`, `USER_CREATION`, `DATE_UPDATE`, `USER_UPDATE`) VALUES
(1, 'Category 1', NULL, 1, 1, 'Y', NULL, NULL, NULL, NULL);

-- --------------------------------------------------------

--
-- Structure de la table `clt_user_client`
--

CREATE TABLE `clt_user_client` (
`ID` bigint(20) NOT NULL,
  `USER_ID` bigint(20) DEFAULT NULL,
  `CLIENT_ID` bigint(20) DEFAULT NULL,
  `ACTIVE` char(1) DEFAULT 'Y',
  `DATE_CREATION` datetime DEFAULT NULL,
  `USER_CREATION` bigint(20) DEFAULT NULL,
  `DATE_UPDATE` datetime DEFAULT NULL,
  `USER_UPDATE` bigint(20) DEFAULT NULL
) ENGINE=InnoDB AUTO_INCREMENT=2 DEFAULT CHARSET=utf8;

--
-- Contenu de la table `clt_user_client`
--

INSERT INTO `clt_user_client` (`ID`, `USER_ID`, `CLIENT_ID`, `ACTIVE`, `DATE_CREATION`, `USER_CREATION`, `DATE_UPDATE`, `USER_UPDATE`) VALUES
(1, 1, 1, 'Y', NULL, NULL, NULL, NULL);

-- --------------------------------------------------------

--
-- Structure de la table `clt_user_group`
--

CREATE TABLE `clt_user_group` (
`ID` bigint(20) NOT NULL,
  `USER_ID` bigint(20) DEFAULT NULL,
  `INF_GROUP_ID` bigint(20) DEFAULT NULL,
  `ACTIVE` char(1) CHARACTER SET latin1 DEFAULT 'Y',
  `DATE_CREATION` datetime DEFAULT NULL,
  `USER_CREATION` bigint(20) DEFAULT NULL,
  `DATE_UPDATE` datetime DEFAULT NULL,
  `USER_UPDATE` bigint(20) DEFAULT NULL
) ENGINE=InnoDB AUTO_INCREMENT=3 DEFAULT CHARSET=utf8;

--
-- Contenu de la table `clt_user_group`
--

INSERT INTO `clt_user_group` (`ID`, `USER_ID`, `INF_GROUP_ID`, `ACTIVE`, `DATE_CREATION`, `USER_CREATION`, `DATE_UPDATE`, `USER_UPDATE`) VALUES
(2, 1, 1, 'Y', NULL, NULL, NULL, NULL);

-- --------------------------------------------------------

--
-- Structure de la table `clt_user_module`
--

CREATE TABLE `clt_user_module` (
`ID` bigint(20) NOT NULL,
  `USER_ID` bigint(20) DEFAULT NULL,
  `MODULE_ID` bigint(20) DEFAULT NULL,
  `SUPER_ADMIN` char(1) CHARACTER SET latin1 DEFAULT NULL,
  `ACTIVE` char(1) CHARACTER SET latin1 DEFAULT 'Y',
  `DATE_CREATION` datetime DEFAULT NULL,
  `USER_CREATION` bigint(20) DEFAULT NULL,
  `DATE_UPDATE` datetime DEFAULT NULL,
  `USER_UPDATE` bigint(20) DEFAULT NULL
) ENGINE=InnoDB AUTO_INCREMENT=4 DEFAULT CHARSET=utf8;

--
-- Contenu de la table `clt_user_module`
--

INSERT INTO `clt_user_module` (`ID`, `USER_ID`, `MODULE_ID`, `SUPER_ADMIN`, `ACTIVE`, `DATE_CREATION`, `USER_CREATION`, `DATE_UPDATE`, `USER_UPDATE`) VALUES
(1, 1, 1, 'O', 'Y', NULL, NULL, NULL, NULL),
(2, 1, 2, 'O', 'Y', NULL, NULL, NULL, NULL),
(3, 1, 3, 'O', 'Y', NULL, NULL, NULL, NULL);

-- --------------------------------------------------------

--
-- Structure de la table `clt_user_status`
--

CREATE TABLE `clt_user_status` (
`ID` bigint(20) NOT NULL,
  `NAME` tinytext,
  `DESCRIPTION` text,
  `SORT_KEY` bigint(20) DEFAULT NULL,
  `ACTIVE` char(1) CHARACTER SET latin1 DEFAULT 'Y',
  `DATE_CREATION` datetime DEFAULT NULL,
  `USER_CREATION` bigint(20) DEFAULT NULL,
  `DATE_UPDATE` datetime DEFAULT NULL,
  `USER_UPDATE` bigint(20) DEFAULT NULL
) ENGINE=InnoDB AUTO_INCREMENT=2 DEFAULT CHARSET=utf8;

--
-- Contenu de la table `clt_user_status`
--

INSERT INTO `clt_user_status` (`ID`, `NAME`, `DESCRIPTION`, `SORT_KEY`, `ACTIVE`, `DATE_CREATION`, `USER_CREATION`, `DATE_UPDATE`, `USER_UPDATE`) VALUES
(1, 'Actif 1', NULL, 1, 'Y', NULL, NULL, NULL, NULL);

-- --------------------------------------------------------

--
-- Structure de la table `inf_basic_parameter`
--

CREATE TABLE `inf_basic_parameter` (
`ID` bigint(20) NOT NULL,
  `NAME` tinytext CHARACTER SET latin1,
  `DESCRIPTION` text CHARACTER SET latin1,
  `VALUE` text,
  `BASIC_PARAMETER_TYPE_ID` bigint(20) DEFAULT NULL,
  `ACTIVE` char(1) CHARACTER SET latin1 DEFAULT 'Y',
  `DATE_CREATION` datetime DEFAULT NULL,
  `USER_CREATION` bigint(20) DEFAULT NULL,
  `DATE_UPDATE` datetime DEFAULT NULL,
  `USER_UPDATE` bigint(20) DEFAULT NULL
) ENGINE=InnoDB AUTO_INCREMENT=11 DEFAULT CHARSET=utf8;

--
-- Contenu de la table `inf_basic_parameter`
--

INSERT INTO `inf_basic_parameter` (`ID`, `NAME`, `DESCRIPTION`, `VALUE`, `BASIC_PARAMETER_TYPE_ID`, `ACTIVE`, `DATE_CREATION`, `USER_CREATION`, `DATE_UPDATE`, `USER_UPDATE`) VALUES
(1, 'URL de l''application', 'url de l''application utilisé pour récupérer les images et styles et les fichiers javascript', 'http://localhost:8083/MyStock', 1, 'Y', NULL, NULL, NULL, NULL),
(2, 'Variable de css, js et img', 'ce variable pour reladoer les fichiers pour chaque requûets HTTP', 'Y', 1, 'Y', NULL, NULL, NULL, NULL),
(3, 'default prefixe', 'le préfixe qui sera pardéfaut', 'default', 1, 'Y', NULL, NULL, NULL, NULL),
(4, 'langue par défaut', 'le code du langue', 'fr', 1, 'Y', NULL, NULL, NULL, NULL),
(5, 'copyright', 'le nom de la société', 'My Systems', 1, 'Y', NULL, NULL, NULL, NULL),
(6, 'Authentification', 'le titre de page d''authentification', 'My Stock Management', 1, 'Y', NULL, NULL, NULL, 1),
(7, 'Le nom de l''application', NULL, 'My Stock Management', 1, 'Y', NULL, NULL, NULL, NULL),
(8, 'Les droits', 'les droits qui s''affichent dans le footer ', 'Copyright © 2015 ', 1, 'Y', NULL, NULL, NULL, NULL),
(9, 'Réfresh tous les composants', 'Réfresh tous les composants', 'http://localhost:8083/MyStock/servlet/refreshContextListener?username=user&password=pass', 1, 'Y', NULL, NULL, NULL, NULL),
(10, 'param 101', 'desc pour param 101', '101', 2, 'Y', NULL, 1, NULL, 1);

-- --------------------------------------------------------

--
-- Structure de la table `inf_basic_parameter_type`
--

CREATE TABLE `inf_basic_parameter_type` (
`ID` bigint(20) NOT NULL,
  `NAME` tinytext,
  `DESCRIPTION` text,
  `SORT_KEY` bigint(20) DEFAULT NULL,
  `ACTIVE` char(1) CHARACTER SET latin1 DEFAULT 'Y',
  `DATE_CREATION` datetime DEFAULT NULL,
  `USER_CREATION` bigint(20) DEFAULT NULL,
  `DATE_UPDATE` datetime DEFAULT NULL,
  `USER_UPDATE` bigint(20) DEFAULT NULL
) ENGINE=InnoDB AUTO_INCREMENT=3 DEFAULT CHARSET=utf8;

--
-- Contenu de la table `inf_basic_parameter_type`
--

INSERT INTO `inf_basic_parameter_type` (`ID`, `NAME`, `DESCRIPTION`, `SORT_KEY`, `ACTIVE`, `DATE_CREATION`, `USER_CREATION`, `DATE_UPDATE`, `USER_UPDATE`) VALUES
(1, 'basic config', 'basic config', 1, 'Y', NULL, NULL, NULL, NULL),
(2, 'type 1', 'esc type 1', 1, 'Y', NULL, NULL, NULL, NULL);

-- --------------------------------------------------------

--
-- Structure de la table `inf_city`
--

CREATE TABLE `inf_city` (
`ID` bigint(20) NOT NULL,
  `CODE` tinytext CHARACTER SET latin1,
  `NAME` tinytext,
  `DESCRIPTION` tinytext,
  `SORT_KEY` bigint(20) DEFAULT NULL,
  `COUNTRY_ID` bigint(20) DEFAULT NULL,
  `CLT_MODULE_ID` bigint(20) DEFAULT NULL,
  `ACTIVE` char(1) CHARACTER SET latin1 DEFAULT 'Y',
  `DATE_CREATION` datetime DEFAULT NULL,
  `USER_CREATION` bigint(20) DEFAULT NULL,
  `DATE_UPDATE` datetime DEFAULT NULL,
  `USER_UPDATE` bigint(20) DEFAULT NULL
) ENGINE=InnoDB AUTO_INCREMENT=5 DEFAULT CHARSET=utf8;

--
-- Contenu de la table `inf_city`
--

INSERT INTO `inf_city` (`ID`, `CODE`, `NAME`, `DESCRIPTION`, `SORT_KEY`, `COUNTRY_ID`, `CLT_MODULE_ID`, `ACTIVE`, `DATE_CREATION`, `USER_CREATION`, `DATE_UPDATE`, `USER_UPDATE`) VALUES
(1, NULL, 'Rabat', NULL, NULL, 1, 1, 'Y', NULL, NULL, NULL, NULL),
(2, NULL, 'Casablanca', NULL, NULL, 1, 1, 'Y', NULL, NULL, NULL, NULL),
(3, NULL, 'Rabat2', NULL, NULL, NULL, 1, 'Y', NULL, NULL, NULL, NULL),
(4, NULL, '111city1', NULL, NULL, NULL, 1, 'Y', NULL, NULL, NULL, NULL);

-- --------------------------------------------------------

--
-- Structure de la table `inf_country`
--

CREATE TABLE `inf_country` (
`ID` bigint(20) NOT NULL,
  `CODE` tinytext CHARACTER SET latin1,
  `NAME` tinytext,
  `DESCRIPTION` tinytext,
  `SORT_KEY` bigint(20) DEFAULT NULL,
  `ACTIVE` char(1) CHARACTER SET latin1 DEFAULT 'Y',
  `DATE_CREATION` datetime DEFAULT NULL,
  `USER_CREATION` bigint(20) DEFAULT NULL,
  `DATE_UPDATE` datetime DEFAULT NULL,
  `USER_UPDATE` bigint(20) DEFAULT NULL,
  `CLT_MODULE_ID` bigint(20) DEFAULT NULL
) ENGINE=InnoDB AUTO_INCREMENT=4 DEFAULT CHARSET=utf8;

--
-- Contenu de la table `inf_country`
--

INSERT INTO `inf_country` (`ID`, `CODE`, `NAME`, `DESCRIPTION`, `SORT_KEY`, `ACTIVE`, `DATE_CREATION`, `USER_CREATION`, `DATE_UPDATE`, `USER_UPDATE`, `CLT_MODULE_ID`) VALUES
(1, NULL, 'Maroc', NULL, NULL, 'Y', NULL, NULL, NULL, NULL, 1),
(2, NULL, 'Maroc2', NULL, NULL, 'Y', NULL, NULL, NULL, NULL, 1),
(3, NULL, 'pay12', NULL, NULL, 'Y', NULL, NULL, NULL, NULL, 1);

-- --------------------------------------------------------

--
-- Structure de la table `inf_group`
--

CREATE TABLE `inf_group` (
`ID` bigint(20) NOT NULL,
  `NAME` tinytext,
  `DESCRIPTION` text,
  `CLT_MODULE_ID` bigint(20) DEFAULT NULL,
  `SORT_KEY` bigint(20) DEFAULT NULL,
  `ACTIVE` char(1) CHARACTER SET latin1 DEFAULT 'Y',
  `DATE_CREATION` datetime DEFAULT NULL,
  `USER_CREATION` bigint(20) DEFAULT NULL,
  `DATE_UPDATE` datetime DEFAULT NULL,
  `USER_UPDATE` bigint(20) DEFAULT NULL
) ENGINE=InnoDB AUTO_INCREMENT=2 DEFAULT CHARSET=utf8;

--
-- Contenu de la table `inf_group`
--

INSERT INTO `inf_group` (`ID`, `NAME`, `DESCRIPTION`, `CLT_MODULE_ID`, `SORT_KEY`, `ACTIVE`, `DATE_CREATION`, `USER_CREATION`, `DATE_UPDATE`, `USER_UPDATE`) VALUES
(1, 'group 1', NULL, 1, 1, 'Y', NULL, NULL, NULL, NULL);

-- --------------------------------------------------------

--
-- Structure de la table `inf_item`
--

CREATE TABLE `inf_item` (
  `CODE` varchar(255) NOT NULL,
  `ACTIVE` char(1) CHARACTER SET latin1 DEFAULT 'Y',
  `DATE_CREATION` datetime DEFAULT NULL,
  `USER_CREATION` bigint(20) DEFAULT NULL,
  `DATE_UPDATE` varchar(45) DEFAULT NULL,
  `USER_UPDATE` bigint(20) DEFAULT NULL
) ENGINE=InnoDB DEFAULT CHARSET=utf8;

--
-- Contenu de la table `inf_item`
--

INSERT INTO `inf_item` (`CODE`, `ACTIVE`, `DATE_CREATION`, `USER_CREATION`, `DATE_UPDATE`, `USER_UPDATE`) VALUES
('basicParameter', 'Y', NULL, NULL, NULL, NULL),
('basicParameter.s1', 'Y', NULL, NULL, NULL, NULL),
('basicParameter.s1.basicParameterType', 'Y', NULL, NULL, NULL, NULL),
('basicParameter.s1.description', 'Y', NULL, NULL, NULL, NULL),
('basicParameter.s1.id', 'Y', NULL, NULL, NULL, NULL),
('basicParameter.s1.name', 'Y', NULL, NULL, NULL, NULL),
('basicParameter.s1.value', 'Y', NULL, NULL, NULL, NULL),
('basicParameter.s2', 'Y', NULL, NULL, NULL, NULL),
('basicParameter.s2.basicParameterType', 'Y', NULL, NULL, NULL, NULL),
('basicParameter.s2.description', 'Y', NULL, NULL, NULL, NULL),
('basicParameter.s2.id', 'Y', NULL, NULL, NULL, NULL),
('basicParameter.s2.name', 'Y', NULL, NULL, NULL, NULL),
('basicParameter.s2.value', 'Y', NULL, NULL, NULL, NULL),
('blValidation', 'Y', NULL, NULL, NULL, NULL),
('blValidation.s1', 'Y', NULL, NULL, NULL, NULL),
('blValidation.s1.customerName', 'Y', NULL, NULL, NULL, NULL),
('blValidation.s1.description', 'Y', NULL, NULL, NULL, NULL),
('blValidation.s1.id', 'Y', NULL, NULL, NULL, NULL),
('blValidation.s1.sumQuantity', 'Y', NULL, NULL, NULL, NULL),
('blValidation.s1.sumTotalPriceBuy', 'Y', NULL, NULL, NULL, NULL),
('blValidation.s2', 'Y', NULL, NULL, NULL, NULL),
('blValidation.s2.customer', 'Y', NULL, NULL, NULL, NULL),
('blValidation.s2.description', 'Y', NULL, NULL, NULL, NULL),
('blValidation.s3', 'Y', NULL, NULL, NULL, NULL),
('blValidation.s3.color', 'Y', NULL, NULL, NULL, NULL),
('blValidation.s3.quantity', 'Y', NULL, NULL, NULL, NULL),
('blValidation.s3.reference', 'Y', NULL, NULL, NULL, NULL),
('blValidation.s3.size', 'Y', NULL, NULL, NULL, NULL),
('blValidation.s3.totalTtc', 'Y', NULL, NULL, NULL, NULL),
('blValidation.s3.unitPriceBuy', 'Y', NULL, NULL, NULL, NULL),
('blValidation.s4', 'Y', NULL, NULL, NULL, NULL),
('blValidation.s4.color', 'Y', NULL, NULL, NULL, NULL),
('blValidation.s4.price', 'Y', NULL, NULL, NULL, NULL),
('blValidation.s4.quantity', 'Y', NULL, NULL, NULL, NULL),
('blValidation.s4.reference', 'Y', NULL, NULL, NULL, NULL),
('blValidation.s4.size', 'Y', NULL, NULL, NULL, NULL),
('blValidation.s4.totalPriceBuy', 'Y', NULL, NULL, NULL, NULL),
('blValidation.s5', 'Y', NULL, NULL, NULL, NULL),
('blValidation.s5.sumQuantity', 'Y', NULL, NULL, NULL, NULL),
('blValidation.s5.sumTotal', 'Y', NULL, NULL, NULL, NULL),
('blValidation.s6', 'Y', NULL, NULL, NULL, NULL),
('bonLivraison', 'Y', NULL, NULL, NULL, NULL),
('bonLivraison.s1', 'Y', NULL, NULL, NULL, NULL),
('bonLivraison.s1.customer', 'Y', NULL, NULL, NULL, NULL),
('bonLivraison.s1.description', 'Y', NULL, NULL, NULL, NULL),
('bonLivraison.s2', 'Y', NULL, NULL, NULL, NULL),
('bonLivraison.s2.color', 'Y', NULL, NULL, NULL, NULL),
('bonLivraison.s2.quantity', 'Y', NULL, NULL, NULL, NULL),
('bonLivraison.s2.reference', 'Y', NULL, NULL, NULL, NULL),
('bonLivraison.s2.size', 'Y', NULL, NULL, NULL, NULL),
('bonLivraison.s2.totalTtc', 'Y', NULL, NULL, NULL, NULL),
('bonLivraison.s2.unitPriceBuy', 'Y', NULL, NULL, NULL, NULL),
('bonLivraison.s3', 'Y', NULL, NULL, NULL, NULL),
('bonLivraison.s3.color', 'Y', NULL, NULL, NULL, NULL),
('bonLivraison.s3.price', 'Y', NULL, NULL, NULL, NULL),
('bonLivraison.s3.quantity', 'Y', NULL, NULL, NULL, NULL),
('bonLivraison.s3.reference', 'Y', NULL, NULL, NULL, NULL),
('bonLivraison.s3.size', 'Y', NULL, NULL, NULL, NULL),
('bonLivraison.s3.totalPriceBuy', 'Y', NULL, NULL, NULL, NULL),
('bonLivraison.s4', 'Y', NULL, NULL, NULL, NULL),
('bonLivraison.s4.sumQuantity', 'Y', NULL, NULL, NULL, NULL),
('bonLivraison.s4.sumTotal', 'Y', NULL, NULL, NULL, NULL),
('bonLivraison.s5', 'Y', NULL, NULL, NULL, NULL),
('customer', 'Y', NULL, NULL, NULL, NULL),
('customer.s1', 'Y', NULL, NULL, NULL, NULL),
('customer.s1.active', 'Y', NULL, NULL, NULL, NULL),
('customer.s1.adress', 'Y', NULL, NULL, NULL, NULL),
('customer.s1.cellPhone', 'Y', NULL, NULL, NULL, NULL),
('customer.s1.city', 'Y', NULL, NULL, NULL, NULL),
('customer.s1.country', 'Y', NULL, NULL, NULL, NULL),
('customer.s1.email', 'Y', NULL, NULL, NULL, NULL),
('customer.s1.firstName', 'Y', NULL, NULL, NULL, NULL),
('customer.s1.fixedPhone', 'Y', NULL, NULL, NULL, NULL),
('customer.s1.lastName', 'Y', NULL, NULL, NULL, NULL),
('customer.s1.type', 'Y', NULL, NULL, NULL, NULL),
('customer.s2', 'Y', NULL, NULL, NULL, NULL),
('customer.s2.adress', 'Y', NULL, NULL, NULL, NULL),
('customer.s2.cellPhone', 'Y', NULL, NULL, NULL, NULL),
('customer.s2.city', 'Y', NULL, NULL, NULL, NULL),
('customer.s2.country', 'Y', NULL, NULL, NULL, NULL),
('customer.s2.email', 'Y', NULL, NULL, NULL, NULL),
('customer.s2.firstName', 'Y', NULL, NULL, NULL, NULL),
('customer.s2.fixedPhone', 'Y', NULL, NULL, NULL, NULL),
('customer.s2.lastName', 'Y', NULL, NULL, NULL, NULL),
('customer.s2.type', 'Y', NULL, NULL, NULL, NULL),
('globals', 'Y', NULL, NULL, NULL, NULL),
('globals.forms', 'Y', NULL, NULL, NULL, NULL),
('globals.forms.add', 'Y', NULL, NULL, NULL, NULL),
('globals.forms.cancel', 'Y', NULL, NULL, NULL, NULL),
('globals.forms.clean', 'Y', NULL, NULL, NULL, NULL),
('globals.forms.confirmClean', 'Y', NULL, NULL, NULL, NULL),
('globals.forms.confirmDelete', 'Y', NULL, NULL, NULL, NULL),
('globals.forms.delete', 'Y', NULL, NULL, NULL, NULL),
('globals.forms.edit', 'Y', NULL, NULL, NULL, NULL),
('globals.forms.no', 'Y', NULL, NULL, NULL, NULL),
('globals.forms.save', 'Y', NULL, NULL, NULL, NULL),
('globals.forms.validate', 'Y', NULL, NULL, NULL, NULL),
('globals.forms.yes', 'Y', NULL, NULL, NULL, NULL),
('globals.list', 'Y', NULL, NULL, NULL, NULL),
('globals.list.activate', 'Y', NULL, NULL, NULL, NULL),
('globals.list.confirmDelete', 'Y', NULL, NULL, NULL, NULL),
('globals.list.delete', 'Y', NULL, NULL, NULL, NULL),
('globals.list.edit', 'Y', NULL, NULL, NULL, NULL),
('globals.list.option', 'Y', NULL, NULL, NULL, NULL),
('globals.list.validate', 'Y', NULL, NULL, NULL, NULL),
('globals.list.vide', 'Y', NULL, NULL, NULL, NULL),
('inventaire', 'Y', NULL, NULL, NULL, NULL),
('inventaire.s1', 'Y', NULL, NULL, NULL, NULL),
('inventaire.s1.active', 'Y', NULL, NULL, NULL, NULL),
('inventaire.s1.designation', 'Y', NULL, NULL, NULL, NULL),
('inventaire.s1.priceBuy', 'Y', NULL, NULL, NULL, NULL),
('inventaire.s1.priceSale', 'Y', NULL, NULL, NULL, NULL),
('inventaire.s1.productColorName', 'Y', NULL, NULL, NULL, NULL),
('inventaire.s1.productSizeName', 'Y', NULL, NULL, NULL, NULL),
('inventaire.s1.quantity', 'Y', NULL, NULL, NULL, NULL),
('inventaire.s1.quantityCount', 'Y', NULL, NULL, NULL, NULL),
('inventaire.s1.receptionValidCount', 'Y', NULL, NULL, NULL, NULL),
('inventaire.s1.reference', 'Y', NULL, NULL, NULL, NULL),
('inventaire.s1.unitPriceBuyMax', 'Y', NULL, NULL, NULL, NULL),
('inventaire.s1.unitPriceBuyMin', 'Y', NULL, NULL, NULL, NULL),
('inventaire.s1.unitPriceBuyMoyenne', 'Y', NULL, NULL, NULL, NULL),
('login', 'Y', NULL, NULL, NULL, NULL),
('login.s1', 'Y', NULL, NULL, NULL, NULL),
('login.s1.forgetPassword', 'Y', NULL, NULL, NULL, NULL),
('login.s1.getAccount', 'Y', NULL, NULL, NULL, NULL),
('login.s1.login', 'Y', NULL, NULL, NULL, NULL),
('login.s1.password', 'Y', NULL, NULL, NULL, NULL),
('login.s1.sessionActive', 'Y', NULL, NULL, NULL, NULL),
('login.s1.username', 'Y', NULL, NULL, NULL, NULL),
('module', 'Y', NULL, NULL, NULL, NULL),
('module.s1', 'Y', NULL, NULL, NULL, NULL),
('module.s1.access', 'Y', NULL, NULL, NULL, NULL),
('module.s1.logout', 'Y', NULL, NULL, NULL, NULL),
('moduleParameter', 'Y', NULL, NULL, NULL, NULL),
('moduleParameter.s1', 'Y', NULL, NULL, NULL, NULL),
('moduleParameter.s1.description', 'Y', NULL, NULL, NULL, NULL),
('moduleParameter.s1.id', 'Y', NULL, NULL, NULL, NULL),
('moduleParameter.s1.moduleParameterType', 'Y', NULL, NULL, NULL, NULL),
('moduleParameter.s1.name', 'Y', NULL, NULL, NULL, NULL),
('moduleParameter.s1.value', 'Y', NULL, NULL, NULL, NULL),
('moduleParameter.s2', 'Y', NULL, NULL, NULL, NULL),
('moduleParameter.s2.description', 'Y', NULL, NULL, NULL, NULL),
('moduleParameter.s2.id', 'Y', NULL, NULL, NULL, NULL),
('moduleParameter.s2.moduleParameterType', 'Y', NULL, NULL, NULL, NULL),
('moduleParameter.s2.name', 'Y', NULL, NULL, NULL, NULL),
('moduleParameter.s2.value', 'Y', NULL, NULL, NULL, NULL),
('moduleParameterClient', 'Y', NULL, NULL, NULL, NULL),
('moduleParameterClient.s1', 'Y', NULL, NULL, NULL, NULL),
('moduleParameterClient.s1.company', 'Y', NULL, NULL, NULL, NULL),
('moduleParameterClient.s1.email', 'Y', NULL, NULL, NULL, NULL),
('moduleParameterClient.s1.name', 'Y', NULL, NULL, NULL, NULL),
('moduleParameterClient.s2', 'Y', NULL, NULL, NULL, NULL),
('moduleParameterClient.s2.descriptionModule', 'Y', NULL, NULL, NULL, NULL),
('moduleParameterClient.s2.moduleTypeName', 'Y', NULL, NULL, NULL, NULL),
('moduleParameterClient.s2.nameModule', 'Y', NULL, NULL, NULL, NULL),
('moduleParameterClient.s3', 'Y', NULL, NULL, NULL, NULL),
('moduleParameterClient.s3.client', 'Y', NULL, NULL, NULL, NULL),
('moduleParameterClient.s3.defaultValue', 'Y', NULL, NULL, NULL, NULL),
('moduleParameterClient.s3.parameterModuleName', 'Y', NULL, NULL, NULL, NULL),
('moduleParameterClient.s3.parameterModuleTypeName', 'Y', NULL, NULL, NULL, NULL),
('moduleParameterClient.s3.value', 'Y', NULL, NULL, NULL, NULL),
('moduleParameterClient.s4', 'Y', NULL, NULL, NULL, NULL),
('moduleParameterClient.s4.client', 'Y', NULL, NULL, NULL, NULL),
('moduleParameterClient.s4.parameterModule', 'Y', NULL, NULL, NULL, NULL),
('moduleParameterClient.s4.parameterModuleDefaultValue', 'Y', NULL, NULL, NULL, NULL),
('moduleParameterClient.s4.value', 'Y', NULL, NULL, NULL, NULL),
('p003', 'Y', NULL, NULL, NULL, NULL),
('p003.s1', 'Y', NULL, NULL, NULL, NULL),
('p003.s1.amount', 'Y', NULL, NULL, NULL, NULL),
('p003.s1.description', 'Y', NULL, NULL, NULL, NULL),
('p003.s1.expenseType', 'Y', NULL, NULL, NULL, NULL),
('p003.s1.expenseTypeName', 'Y', NULL, NULL, NULL, NULL),
('p003.s1.name', 'Y', NULL, NULL, NULL, NULL),
('p003.s2', 'Y', NULL, NULL, NULL, NULL),
('p003.s2.amount', 'Y', NULL, NULL, NULL, NULL),
('p003.s2.description', 'Y', NULL, NULL, NULL, NULL),
('p003.s2.name', 'Y', NULL, NULL, NULL, NULL),
('p003.s2.type', 'Y', NULL, NULL, NULL, NULL),
('page1.s1.name', 'Y', NULL, NULL, NULL, NULL),
('pageParameter', 'Y', NULL, NULL, NULL, NULL),
('pageParameter.s1', 'Y', NULL, NULL, NULL, NULL),
('pageParameter.s1.description', 'Y', NULL, NULL, NULL, NULL),
('pageParameter.s1.id', 'Y', NULL, NULL, NULL, NULL),
('pageParameter.s1.name', 'Y', NULL, NULL, NULL, NULL),
('pageParameter.s1.page', 'Y', NULL, NULL, NULL, NULL),
('pageParameter.s1.pageParameterType', 'Y', NULL, NULL, NULL, NULL),
('pageParameter.s1.value', 'Y', NULL, NULL, NULL, NULL),
('pageParameter.s2', 'Y', NULL, NULL, NULL, NULL),
('pageParameter.s2.description', 'Y', NULL, NULL, NULL, NULL),
('pageParameter.s2.id', 'Y', NULL, NULL, NULL, NULL),
('pageParameter.s2.name', 'Y', NULL, NULL, NULL, NULL),
('pageParameter.s2.page', 'Y', NULL, NULL, NULL, NULL),
('pageParameter.s2.pageParameterType', 'Y', NULL, NULL, NULL, NULL),
('pageParameter.s2.value', 'Y', NULL, NULL, NULL, NULL),
('pageParameterModule', 'Y', NULL, NULL, NULL, NULL),
('pageParameterModule.s1', 'Y', NULL, NULL, NULL, NULL),
('pageParameterModule.s1.company', 'Y', NULL, NULL, NULL, NULL),
('pageParameterModule.s1.email', 'Y', NULL, NULL, NULL, NULL),
('pageParameterModule.s1.name', 'Y', NULL, NULL, NULL, NULL),
('pageParameterModule.s2', 'Y', NULL, NULL, NULL, NULL),
('pageParameterModule.s2.descriptionModule', 'Y', NULL, NULL, NULL, NULL),
('pageParameterModule.s2.moduleTypeName', 'Y', NULL, NULL, NULL, NULL),
('pageParameterModule.s2.nameModule', 'Y', NULL, NULL, NULL, NULL),
('pageParameterModule.s3', 'Y', NULL, NULL, NULL, NULL),
('pageParameterModule.s3.client', 'Y', NULL, NULL, NULL, NULL),
('pageParameterModule.s3.pageDescription', 'Y', NULL, NULL, NULL, NULL),
('pageParameterModule.s3.pageName', 'Y', NULL, NULL, NULL, NULL),
('pageParameterModule.s3.pageTypeName', 'Y', NULL, NULL, NULL, NULL),
('pageParameterModule.s4', 'Y', NULL, NULL, NULL, NULL),
('pageParameterModule.s4.client', 'Y', NULL, NULL, NULL, NULL),
('pageParameterModule.s4.pageParameter', 'Y', NULL, NULL, NULL, NULL),
('pageParameterModule.s4.pageParameterDefaultValue', 'Y', NULL, NULL, NULL, NULL),
('pageParameterModule.s4.value', 'Y', NULL, NULL, NULL, NULL),
('pageParameterModule.s5', 'Y', NULL, NULL, NULL, NULL),
('pageParameterModule.s5.client', 'Y', NULL, NULL, NULL, NULL),
('pageParameterModule.s5.pageParameter', 'Y', NULL, NULL, NULL, NULL),
('pageParameterModule.s5.pageParameterDefaultValue', 'Y', NULL, NULL, NULL, NULL),
('pageParameterModule.s5.value', 'Y', NULL, NULL, NULL, NULL),
('parameter', 'Y', NULL, NULL, NULL, NULL),
('parameter.s1', 'Y', NULL, NULL, NULL, NULL),
('parameter.s1.description', 'Y', NULL, NULL, NULL, NULL),
('parameter.s1.id', 'Y', NULL, NULL, NULL, NULL),
('parameter.s1.name', 'Y', NULL, NULL, NULL, NULL),
('parameter.s1.parameterType', 'Y', NULL, NULL, NULL, NULL),
('parameter.s1.value', 'Y', NULL, NULL, NULL, NULL),
('parameter.s2', 'Y', NULL, NULL, NULL, NULL),
('parameter.s2.description', 'Y', NULL, NULL, NULL, NULL),
('parameter.s2.id', 'Y', NULL, NULL, NULL, NULL),
('parameter.s2.name', 'Y', NULL, NULL, NULL, NULL),
('parameter.s2.parameterType', 'Y', NULL, NULL, NULL, NULL),
('parameter.s2.value', 'Y', NULL, NULL, NULL, NULL),
('parameterClient', 'Y', NULL, NULL, NULL, NULL),
('parameterClient.s1', 'Y', NULL, NULL, NULL, NULL),
('parameterClient.s1.company', 'Y', NULL, NULL, NULL, NULL),
('parameterClient.s1.email', 'Y', NULL, NULL, NULL, NULL),
('parameterClient.s1.name', 'Y', NULL, NULL, NULL, NULL),
('parameterClient.s2', 'Y', NULL, NULL, NULL, NULL),
('parameterClient.s2.client', 'Y', NULL, NULL, NULL, NULL),
('parameterClient.s2.defaultValue', 'Y', NULL, NULL, NULL, NULL),
('parameterClient.s2.parameterName', 'Y', NULL, NULL, NULL, NULL),
('parameterClient.s2.parameterTypeName', 'Y', NULL, NULL, NULL, NULL),
('parameterClient.s2.value', 'Y', NULL, NULL, NULL, NULL),
('parameterClient.s3', 'Y', NULL, NULL, NULL, NULL),
('parameterClient.s3.client', 'Y', NULL, NULL, NULL, NULL),
('parameterClient.s3.parameter', 'Y', NULL, NULL, NULL, NULL),
('parameterClient.s3.parameterDefaultValue', 'Y', NULL, NULL, NULL, NULL),
('parameterClient.s3.value', 'Y', NULL, NULL, NULL, NULL),
('product', 'Y', NULL, NULL, NULL, NULL),
('product.s1', 'Y', NULL, NULL, NULL, NULL),
('product.s1.color', 'Y', NULL, NULL, NULL, NULL),
('product.s1.designation', 'Y', NULL, NULL, NULL, NULL),
('product.s1.family', 'Y', NULL, NULL, NULL, NULL),
('product.s1.priceBuy', 'Y', NULL, NULL, NULL, NULL),
('product.s1.pricesale', 'Y', NULL, NULL, NULL, NULL),
('product.s1.quantity', 'Y', NULL, NULL, NULL, NULL),
('product.s1.reference', 'Y', NULL, NULL, NULL, NULL),
('product.s1.size', 'Y', NULL, NULL, NULL, NULL),
('product.s1.status', 'Y', NULL, NULL, NULL, NULL),
('product.s1.title', 'Y', NULL, NULL, NULL, NULL),
('product.s2', 'Y', NULL, NULL, NULL, NULL),
('product.s2.active', 'Y', NULL, NULL, NULL, NULL),
('product.s2.color', 'Y', NULL, NULL, NULL, NULL),
('product.s2.designation', 'Y', NULL, NULL, NULL, NULL),
('product.s2.family', 'Y', NULL, NULL, NULL, NULL),
('product.s2.priceBuy', 'Y', NULL, NULL, NULL, NULL),
('product.s2.pricesale', 'Y', NULL, NULL, NULL, NULL),
('product.s2.quantity', 'Y', NULL, NULL, NULL, NULL),
('product.s2.reference', 'Y', NULL, NULL, NULL, NULL),
('product.s2.size', 'Y', NULL, NULL, NULL, NULL),
('product.s2.status', 'Y', NULL, NULL, NULL, NULL),
('profile.s1', 'Y', NULL, NULL, NULL, NULL),
('profile.s1.adress', 'Y', NULL, NULL, NULL, NULL),
('profile.s1.cellPhone', 'Y', NULL, NULL, NULL, NULL),
('profile.s1.email', 'Y', NULL, NULL, NULL, NULL),
('profile.s1.firstName', 'Y', NULL, NULL, NULL, NULL),
('profile.s1.fixedPhone', 'Y', NULL, NULL, NULL, NULL),
('profile.s1.lastName', 'Y', NULL, NULL, NULL, NULL),
('profile.s1.password', 'Y', NULL, NULL, NULL, NULL),
('profile.s1.replayRassword', 'Y', NULL, NULL, NULL, NULL),
('reception', 'Y', NULL, NULL, NULL, NULL),
('reception.s1', 'Y', NULL, NULL, NULL, NULL),
('reception.s1.active', 'Y', NULL, NULL, NULL, NULL),
('reception.s1.amount', 'Y', NULL, NULL, NULL, NULL),
('reception.s1.deadline', 'Y', NULL, NULL, NULL, NULL),
('reception.s1.id', 'Y', NULL, NULL, NULL, NULL),
('reception.s1.name', 'Y', NULL, NULL, NULL, NULL),
('reception.s1.souche', 'Y', NULL, NULL, NULL, NULL),
('reception.s1.supplierId', 'Y', NULL, NULL, NULL, NULL),
('reception.s1.valid', 'Y', NULL, NULL, NULL, NULL),
('reception.s2', 'Y', NULL, NULL, NULL, NULL),
('reception.s2.amount', 'Y', NULL, NULL, NULL, NULL),
('reception.s2.deadline', 'Y', NULL, NULL, NULL, NULL),
('reception.s2.deposit', 'Y', NULL, NULL, NULL, NULL),
('reception.s2.description', 'Y', NULL, NULL, NULL, NULL),
('reception.s2.id', 'Y', NULL, NULL, NULL, NULL),
('reception.s2.name', 'Y', NULL, NULL, NULL, NULL),
('reception.s2.sizes', 'Y', NULL, NULL, NULL, NULL),
('reception.s2.souche', 'Y', NULL, NULL, NULL, NULL),
('reception.s2.supplier', 'Y', NULL, NULL, NULL, NULL),
('reception.s2.valid', 'Y', NULL, NULL, NULL, NULL),
('reception.s3', 'Y', NULL, NULL, NULL, NULL),
('reception.s3.designation', 'Y', NULL, NULL, NULL, NULL),
('reception.s3.id', 'Y', NULL, NULL, NULL, NULL),
('reception.s3.quantity', 'Y', NULL, NULL, NULL, NULL),
('reception.s3.remise', 'Y', NULL, NULL, NULL, NULL),
('reception.s3.totalHt', 'Y', NULL, NULL, NULL, NULL),
('reception.s3.totalTtc', 'Y', NULL, NULL, NULL, NULL),
('reception.s3.tva', 'Y', NULL, NULL, NULL, NULL),
('reception.s3.unitPriceBuy', 'Y', NULL, NULL, NULL, NULL),
('reception.s4', 'Y', NULL, NULL, NULL, NULL),
('reception.s4.designation', 'Y', NULL, NULL, NULL, NULL),
('reception.s4.id', 'Y', NULL, NULL, NULL, NULL),
('reception.s4.quantity', 'Y', NULL, NULL, NULL, NULL),
('reception.s4.remise', 'Y', NULL, NULL, NULL, NULL),
('reception.s4.totalHt', 'Y', NULL, NULL, NULL, NULL),
('reception.s4.totalTtc', 'Y', NULL, NULL, NULL, NULL),
('reception.s4.tva', 'Y', NULL, NULL, NULL, NULL),
('reception.s4.unitPriceBuy', 'Y', NULL, NULL, NULL, NULL),
('reception.s5', 'Y', NULL, NULL, NULL, NULL),
('reception.s5.quantityTotal', 'Y', NULL, NULL, NULL, NULL),
('reception.s5.remiseAvg', 'Y', NULL, NULL, NULL, NULL),
('reception.s5.totalHtTotal', 'Y', NULL, NULL, NULL, NULL),
('reception.s5.totalTtcTotal', 'Y', NULL, NULL, NULL, NULL),
('reception.s5.tvaAvg', 'Y', NULL, NULL, NULL, NULL),
('reception.s5.unitPriceBuyTotal', 'Y', NULL, NULL, NULL, NULL),
('receptionHistory', 'Y', NULL, NULL, NULL, NULL),
('receptionHistory.s1', 'Y', NULL, NULL, NULL, NULL),
('receptionHistory.s1.active', 'Y', NULL, NULL, NULL, NULL),
('receptionHistory.s1.amount', 'Y', NULL, NULL, NULL, NULL),
('receptionHistory.s1.deadline', 'Y', NULL, NULL, NULL, NULL),
('receptionHistory.s1.id', 'Y', NULL, NULL, NULL, NULL),
('receptionHistory.s1.name', 'Y', NULL, NULL, NULL, NULL),
('receptionHistory.s1.souche', 'Y', NULL, NULL, NULL, NULL),
('receptionHistory.s1.supplierId', 'Y', NULL, NULL, NULL, NULL),
('receptionHistory.s2', 'Y', NULL, NULL, NULL, NULL),
('receptionHistory.s2.amount', 'Y', NULL, NULL, NULL, NULL),
('receptionHistory.s2.deadline', 'Y', NULL, NULL, NULL, NULL),
('receptionHistory.s2.deposit', 'Y', NULL, NULL, NULL, NULL),
('receptionHistory.s2.description', 'Y', NULL, NULL, NULL, NULL),
('receptionHistory.s2.id', 'Y', NULL, NULL, NULL, NULL),
('receptionHistory.s2.name', 'Y', NULL, NULL, NULL, NULL),
('receptionHistory.s2.souche', 'Y', NULL, NULL, NULL, NULL),
('receptionHistory.s2.supplier', 'Y', NULL, NULL, NULL, NULL),
('receptionHistory.s3', 'Y', NULL, NULL, NULL, NULL),
('receptionHistory.s3.designation', 'Y', NULL, NULL, NULL, NULL),
('receptionHistory.s3.id', 'Y', NULL, NULL, NULL, NULL),
('receptionHistory.s3.quantity', 'Y', NULL, NULL, NULL, NULL),
('receptionHistory.s3.remise', 'Y', NULL, NULL, NULL, NULL),
('receptionHistory.s3.totalHt', 'Y', NULL, NULL, NULL, NULL),
('receptionHistory.s3.totalTtc', 'Y', NULL, NULL, NULL, NULL),
('receptionHistory.s3.tva', 'Y', NULL, NULL, NULL, NULL),
('receptionHistory.s3.unitPriceBuy', 'Y', NULL, NULL, NULL, NULL),
('receptionHistory.s4', 'Y', NULL, NULL, NULL, NULL),
('receptionHistory.s4.quantityTotal', 'Y', NULL, NULL, NULL, NULL),
('receptionHistory.s4.remiseAvg', 'Y', NULL, NULL, NULL, NULL),
('receptionHistory.s4.totalHtTotal', 'Y', NULL, NULL, NULL, NULL),
('receptionHistory.s4.totalTtcTotal', 'Y', NULL, NULL, NULL, NULL),
('receptionHistory.s4.tvaAvg', 'Y', NULL, NULL, NULL, NULL),
('receptionHistory.s4.unitPriceBuyTotal', 'Y', NULL, NULL, NULL, NULL),
('receptionValidation', 'Y', NULL, NULL, NULL, NULL),
('receptionValidation.s1', 'Y', NULL, NULL, NULL, NULL),
('receptionValidation.s1.active', 'Y', NULL, NULL, NULL, NULL),
('receptionValidation.s1.amount', 'Y', NULL, NULL, NULL, NULL),
('receptionValidation.s1.deadline', 'Y', NULL, NULL, NULL, NULL),
('receptionValidation.s1.id', 'Y', NULL, NULL, NULL, NULL),
('receptionValidation.s1.name', 'Y', NULL, NULL, NULL, NULL),
('receptionValidation.s1.souche', 'Y', NULL, NULL, NULL, NULL),
('receptionValidation.s1.supplierId', 'Y', NULL, NULL, NULL, NULL),
('receptionValidation.s2', 'Y', NULL, NULL, NULL, NULL),
('receptionValidation.s2.amount', 'Y', NULL, NULL, NULL, NULL),
('receptionValidation.s2.deadline', 'Y', NULL, NULL, NULL, NULL),
('receptionValidation.s2.deposit', 'Y', NULL, NULL, NULL, NULL),
('receptionValidation.s2.description', 'Y', NULL, NULL, NULL, NULL),
('receptionValidation.s2.id', 'Y', NULL, NULL, NULL, NULL),
('receptionValidation.s2.name', 'Y', NULL, NULL, NULL, NULL),
('receptionValidation.s2.souche', 'Y', NULL, NULL, NULL, NULL),
('receptionValidation.s2.supplier', 'Y', NULL, NULL, NULL, NULL),
('receptionValidation.s3', 'Y', NULL, NULL, NULL, NULL),
('receptionValidation.s3.designation', 'Y', NULL, NULL, NULL, NULL),
('receptionValidation.s3.id', 'Y', NULL, NULL, NULL, NULL),
('receptionValidation.s3.quantity', 'Y', NULL, NULL, NULL, NULL),
('receptionValidation.s3.remise', 'Y', NULL, NULL, NULL, NULL),
('receptionValidation.s3.totalHt', 'Y', NULL, NULL, NULL, NULL),
('receptionValidation.s3.totalTtc', 'Y', NULL, NULL, NULL, NULL),
('receptionValidation.s3.tva', 'Y', NULL, NULL, NULL, NULL),
('receptionValidation.s3.unitPriceBuy', 'Y', NULL, NULL, NULL, NULL),
('receptionValidation.s4', 'Y', NULL, NULL, NULL, NULL),
('receptionValidation.s4.quantityTotal', 'Y', NULL, NULL, NULL, NULL),
('receptionValidation.s4.remiseAvg', 'Y', NULL, NULL, NULL, NULL),
('receptionValidation.s4.totalHtTotal', 'Y', NULL, NULL, NULL, NULL),
('receptionValidation.s4.totalTtcTotal', 'Y', NULL, NULL, NULL, NULL),
('receptionValidation.s4.tvaAvg', 'Y', NULL, NULL, NULL, NULL),
('receptionValidation.s4.unitPriceBuyTotal', 'Y', NULL, NULL, NULL, NULL),
('rofile.s1.cellPhone', 'Y', NULL, NULL, NULL, NULL),
('stockState', 'Y', NULL, NULL, NULL, NULL),
('stockState.s1', 'Y', NULL, NULL, NULL, NULL),
('stockState.s1.productNotValid', 'Y', NULL, NULL, NULL, NULL),
('stockState.s1.productValid', 'Y', NULL, NULL, NULL, NULL),
('stockState.s1.quantityCount', 'Y', NULL, NULL, NULL, NULL),
('stockState.s1.receptionInprogressCount', 'Y', NULL, NULL, NULL, NULL),
('stockState.s1.receptionValidCount', 'Y', NULL, NULL, NULL, NULL),
('stockState.s1.unitPriceBuyMax', 'Y', NULL, NULL, NULL, NULL),
('stockState.s1.unitPriceBuyMin', 'Y', NULL, NULL, NULL, NULL),
('stockState.s1.unitPriceBuyMoyenne', 'Y', NULL, NULL, NULL, NULL),
('supplier', 'Y', NULL, NULL, NULL, NULL),
('supplier.s1', 'Y', NULL, NULL, NULL, NULL),
('supplier.s1.active', 'Y', NULL, NULL, NULL, NULL),
('supplier.s1.adress', 'Y', NULL, NULL, NULL, NULL),
('supplier.s1.cellPhone', 'Y', NULL, NULL, NULL, NULL),
('supplier.s1.city', 'Y', NULL, NULL, NULL, NULL),
('supplier.s1.companyName', 'Y', NULL, NULL, NULL, NULL),
('supplier.s1.country', 'Y', NULL, NULL, NULL, NULL),
('supplier.s1.email', 'Y', NULL, NULL, NULL, NULL),
('supplier.s1.firstName', 'Y', NULL, NULL, NULL, NULL),
('supplier.s1.fixedPhone', 'Y', NULL, NULL, NULL, NULL),
('supplier.s1.lastName', 'Y', NULL, NULL, NULL, NULL),
('supplier.s1.postCode', 'Y', NULL, NULL, NULL, NULL),
('supplier.s1.type', 'Y', NULL, NULL, NULL, NULL),
('supplier.s2', 'Y', NULL, NULL, NULL, NULL),
('supplier.s2.adress', 'Y', NULL, NULL, NULL, NULL),
('supplier.s2.cellPhone', 'Y', NULL, NULL, NULL, NULL),
('supplier.s2.city', 'Y', NULL, NULL, NULL, NULL),
('supplier.s2.companyName', 'Y', NULL, NULL, NULL, NULL),
('supplier.s2.country', 'Y', NULL, NULL, NULL, NULL),
('supplier.s2.email', 'Y', NULL, NULL, NULL, NULL),
('supplier.s2.firstName', 'Y', NULL, NULL, NULL, NULL),
('supplier.s2.fixedPhone', 'Y', NULL, NULL, NULL, NULL),
('supplier.s2.lastName', 'Y', NULL, NULL, NULL, NULL),
('supplier.s2.postCode', 'Y', NULL, NULL, NULL, NULL),
('supplier.s2.type', 'Y', NULL, NULL, NULL, NULL),
('validation.v1.dataTypeChar', 'Y', NULL, NULL, NULL, NULL),
('validation.v1.dataTypeDateTime', 'Y', NULL, NULL, NULL, NULL),
('validation.v1.dataTypeDouble', 'Y', NULL, NULL, NULL, NULL),
('validation.v1.dataTypeInteger', 'Y', NULL, NULL, NULL, NULL),
('validation.v1.formatTypeCodePostale', 'Y', NULL, NULL, NULL, NULL),
('validation.v1.formatTypeDate', 'Y', NULL, NULL, NULL, NULL),
('validation.v1.formatTypeDateTime', 'Y', NULL, NULL, NULL, NULL),
('validation.v1.formatTypeEmail', 'Y', NULL, NULL, NULL, NULL),
('validation.v1.formatTypeFax', 'Y', NULL, NULL, NULL, NULL),
('validation.v1.formatTypePhone', 'Y', NULL, NULL, NULL, NULL),
('validation.v1.formatTypeTime', 'Y', NULL, NULL, NULL, NULL),
('validation.v1.maxlenght', 'Y', NULL, NULL, NULL, NULL),
('validation.v1.maxWord', 'Y', NULL, NULL, NULL, NULL),
('validation.v1.required', 'Y', NULL, NULL, NULL, NULL);

-- --------------------------------------------------------

--
-- Structure de la table `inf_language`
--

CREATE TABLE `inf_language` (
`ID` bigint(20) NOT NULL,
  `CODE` tinytext,
  `NAME` tinytext,
  `SORT_KEY` bigint(20) DEFAULT NULL,
  `ACTIVE` char(1) CHARACTER SET latin1 DEFAULT 'Y',
  `DATE_CREATION` datetime DEFAULT NULL,
  `USER_CREATION` bigint(20) DEFAULT NULL,
  `DATE_UPDATE` datetime DEFAULT NULL,
  `USER_UPDATE` bigint(20) DEFAULT NULL
) ENGINE=InnoDB AUTO_INCREMENT=3 DEFAULT CHARSET=utf8;

--
-- Contenu de la table `inf_language`
--

INSERT INTO `inf_language` (`ID`, `CODE`, `NAME`, `SORT_KEY`, `ACTIVE`, `DATE_CREATION`, `USER_CREATION`, `DATE_UPDATE`, `USER_UPDATE`) VALUES
(1, 'fr', 'Français de France', 1, 'Y', '2014-09-30 00:00:00', 1, '2014-09-16 00:00:00', NULL),
(2, 'en', 'Anglais', NULL, 'Y', NULL, NULL, NULL, NULL);

-- --------------------------------------------------------

--
-- Structure de la table `inf_lovs`
--

CREATE TABLE `inf_lovs` (
`ID` bigint(20) NOT NULL,
  `NAME` tinytext,
  `DESCRIPTION` text,
  `TABLE_PREFIX` tinytext,
  `TABLE` tinytext,
  `VIEW` tinytext,
  `ITEM_CODE` tinytext,
  `SORT_KEY` bigint(20) DEFAULT NULL,
  `ACTIVE` char(20) DEFAULT NULL,
  `DATE_CREATION` datetime DEFAULT NULL,
  `USER_CREATION` bigint(20) DEFAULT NULL,
  `DATE_UPDATE` datetime DEFAULT NULL,
  `USER_UPDATE` bigint(20) DEFAULT NULL,
  `CLT_MODULE_ID` bigint(20) DEFAULT NULL,
  `ENTITY` tinytext
) ENGINE=InnoDB AUTO_INCREMENT=5 DEFAULT CHARSET=utf8;

--
-- Contenu de la table `inf_lovs`
--

INSERT INTO `inf_lovs` (`ID`, `NAME`, `DESCRIPTION`, `TABLE_PREFIX`, `TABLE`, `VIEW`, `ITEM_CODE`, `SORT_KEY`, `ACTIVE`, `DATE_CREATION`, `USER_CREATION`, `DATE_UPDATE`, `USER_UPDATE`, `CLT_MODULE_ID`, `ENTITY`) VALUES
(1, 'Les types de fournisseurs', NULL, 'sm', 'sm_supplier_type', 'v_sm_supplier_type', 'itemCode', 1, 'Y', NULL, NULL, NULL, NULL, 1, 'SmSupplierType'),
(2, 'La couleurs', NULL, 'sm', 'sm_expense_type', 'v_sm_expense_type', 'itemCode', 2, 'Y', NULL, NULL, NULL, NULL, 1, 'SmProductColor'),
(3, 'Les Pays', NULL, NULL, NULL, NULL, NULL, NULL, 'Y', NULL, NULL, NULL, NULL, 1, 'InfCountry'),
(4, 'Les villes', NULL, NULL, NULL, NULL, NULL, NULL, 'Y', NULL, NULL, NULL, NULL, 1, 'InfCity');

-- --------------------------------------------------------

--
-- Structure de la table `inf_prefix`
--

CREATE TABLE `inf_prefix` (
`ID` bigint(20) NOT NULL,
  `CODE` tinytext,
  `SORT_KEY` bigint(20) DEFAULT NULL,
  `ACTIVE` char(1) CHARACTER SET latin1 DEFAULT 'Y',
  `DATE_CREATION` datetime DEFAULT NULL,
  `USER_CREATION` bigint(20) DEFAULT NULL,
  `DATE_UPDATE` datetime DEFAULT NULL,
  `USER_UPDATE` bigint(20) DEFAULT NULL
) ENGINE=InnoDB AUTO_INCREMENT=2 DEFAULT CHARSET=utf8;

--
-- Contenu de la table `inf_prefix`
--

INSERT INTO `inf_prefix` (`ID`, `CODE`, `SORT_KEY`, `ACTIVE`, `DATE_CREATION`, `USER_CREATION`, `DATE_UPDATE`, `USER_UPDATE`) VALUES
(1, 'default', 1, 'Y', NULL, NULL, NULL, NULL);

-- --------------------------------------------------------

--
-- Structure de la table `inf_privilege`
--

CREATE TABLE `inf_privilege` (
`ID` bigint(20) NOT NULL,
  `ITEM_CODE` varchar(255) DEFAULT NULL,
  `ROLE_ID` bigint(20) DEFAULT NULL,
  `ACTIVE` char(1) CHARACTER SET latin1 DEFAULT 'Y',
  `DATE_CREATION` datetime DEFAULT NULL,
  `USER_CREATION` bigint(20) DEFAULT NULL,
  `DATE_UPDATE` datetime DEFAULT NULL,
  `USER_UPDATE` bigint(20) DEFAULT NULL
) ENGINE=InnoDB AUTO_INCREMENT=5 DEFAULT CHARSET=utf8;

--
-- Contenu de la table `inf_privilege`
--

INSERT INTO `inf_privilege` (`ID`, `ITEM_CODE`, `ROLE_ID`, `ACTIVE`, `DATE_CREATION`, `USER_CREATION`, `DATE_UPDATE`, `USER_UPDATE`) VALUES
(1, 'login', 1, 'Y', NULL, NULL, NULL, NULL),
(2, 'login.s1', 1, 'Y', NULL, NULL, NULL, NULL),
(3, 'login.s1.username', 1, 'Y', NULL, NULL, NULL, NULL),
(4, 'login.s1.password', 1, 'Y', NULL, NULL, NULL, NULL);

-- --------------------------------------------------------

--
-- Structure de la table `inf_role`
--

CREATE TABLE `inf_role` (
`ID` bigint(20) NOT NULL,
  `NAME` tinytext,
  `DESCRIPTION` text,
  `SORT_KEY` bigint(20) DEFAULT NULL,
  `CLT_MODULE_ID` bigint(20) DEFAULT NULL,
  `ACTIVE` char(1) CHARACTER SET latin1 DEFAULT 'Y',
  `DATE_CREATION` datetime DEFAULT NULL,
  `USER_CREATION` bigint(20) DEFAULT NULL,
  `DATE_UPDATE` datetime DEFAULT NULL,
  `USER_UPDATE` bigint(20) DEFAULT NULL
) ENGINE=InnoDB AUTO_INCREMENT=2 DEFAULT CHARSET=utf8;

--
-- Contenu de la table `inf_role`
--

INSERT INTO `inf_role` (`ID`, `NAME`, `DESCRIPTION`, `SORT_KEY`, `CLT_MODULE_ID`, `ACTIVE`, `DATE_CREATION`, `USER_CREATION`, `DATE_UPDATE`, `USER_UPDATE`) VALUES
(1, 'Role 1', 'Role 1', 1, 1, 'Y', NULL, NULL, NULL, NULL);

-- --------------------------------------------------------

--
-- Structure de la table `inf_role_group`
--

CREATE TABLE `inf_role_group` (
`ID` bigint(20) NOT NULL,
  `ROLE_ID` bigint(20) DEFAULT NULL,
  `GROUP_ID` bigint(20) DEFAULT NULL,
  `ACTIVE` char(1) CHARACTER SET latin1 DEFAULT 'Y',
  `DATE_CREATION` datetime DEFAULT NULL,
  `USER_CREATION` bigint(20) DEFAULT NULL,
  `DATE_UPDATE` datetime DEFAULT NULL,
  `USER_UPDATE` bigint(20) DEFAULT NULL
) ENGINE=InnoDB AUTO_INCREMENT=2 DEFAULT CHARSET=utf8;

--
-- Contenu de la table `inf_role_group`
--

INSERT INTO `inf_role_group` (`ID`, `ROLE_ID`, `GROUP_ID`, `ACTIVE`, `DATE_CREATION`, `USER_CREATION`, `DATE_UPDATE`, `USER_UPDATE`) VALUES
(1, 1, 1, 'Y', NULL, NULL, NULL, NULL);

-- --------------------------------------------------------

--
-- Structure de la table `inf_text`
--

CREATE TABLE `inf_text` (
`ID` bigint(20) NOT NULL,
  `PREFIX` bigint(20) DEFAULT NULL,
  `ITEM_CODE` varchar(255) DEFAULT NULL,
  `VALUE` longtext,
  `TEXT_TYPE_ID` bigint(20) DEFAULT NULL,
  `LANGUAGE_ID` bigint(20) DEFAULT NULL,
  `ACTIVE` char(1) CHARACTER SET latin1 DEFAULT 'Y',
  `DATE_CREATION` datetime DEFAULT NULL,
  `USER_CREATION` bigint(20) DEFAULT NULL,
  `DATE_UPDATE` datetime DEFAULT NULL,
  `USER_UPDATE` bigint(20) DEFAULT NULL
) ENGINE=InnoDB AUTO_INCREMENT=524 DEFAULT CHARSET=utf8;

--
-- Contenu de la table `inf_text`
--

INSERT INTO `inf_text` (`ID`, `PREFIX`, `ITEM_CODE`, `VALUE`, `TEXT_TYPE_ID`, `LANGUAGE_ID`, `ACTIVE`, `DATE_CREATION`, `USER_CREATION`, `DATE_UPDATE`, `USER_UPDATE`) VALUES
(2, 1, 'login.s1.password', 'Mot de passe', 3, 1, 'Y', NULL, NULL, NULL, NULL),
(3, 1, 'login.s1.username', 'E-mail', 3, 1, 'Y', NULL, NULL, NULL, NULL),
(4, 1, 'login.s1.username', 'username', 6, 1, 'Y', NULL, NULL, NULL, NULL),
(5, 1, 'login.s1.login', 'Se connecter', 3, 1, 'Y', NULL, NULL, NULL, NULL),
(10, 1, 'page1.s1.name', 'Résumé Général', 3, 1, 'Y', NULL, NULL, NULL, NULL),
(11, 1, 'validation.v1.dataTypeInteger', '{0} doit être de type integer', 7, 1, 'Y', NULL, NULL, NULL, NULL),
(12, 1, 'validation.v1.dataTypeDouble', '{0} doit être de type double', 7, 1, 'Y', NULL, NULL, NULL, NULL),
(13, 1, 'validation.v1.maxWord', '{0} ne doit pas dépasser {1} mots', 7, 1, 'Y', NULL, NULL, NULL, NULL),
(14, 1, 'validation.v1.formatTypeDate', '{0} doit être de type date', 7, 1, 'Y', NULL, NULL, NULL, NULL),
(15, 1, 'validation.v1.dataTypeChar', '{0} doit être de type caractère', 7, 1, 'Y', NULL, NULL, NULL, NULL),
(16, 1, 'validation.v1.dataTypeDateTime', '{0} doit être de type datetime', 7, 1, 'Y', NULL, NULL, NULL, NULL),
(17, 1, 'validation.v1.formatTypeEmail', '{0} doit être de type email', 7, 1, 'Y', NULL, NULL, NULL, NULL),
(18, 1, 'validation.v1.formatTypePhone', '{0} doit être de type phone', 7, 1, 'Y', NULL, NULL, NULL, NULL),
(19, 1, 'validation.v1.maxlenght', '{0} ne doit pas dépasser {1} char', 7, 1, 'Y', NULL, NULL, NULL, NULL),
(20, 1, 'validation.v1.required', '{0} est obligatoire', 7, 1, 'Y', NULL, NULL, NULL, NULL),
(26, 1, 'p003.s1', 'La liste des dépenses', 1, 1, 'Y', NULL, NULL, NULL, NULL),
(27, 1, 'p003.s1.name', 'Libelle', 3, 1, 'Y', NULL, NULL, NULL, NULL),
(28, 1, 'p003.s1.description', 'Description', 3, 1, 'Y', NULL, NULL, NULL, NULL),
(29, 1, 'p003.s1.amount', 'Montant', 3, 1, 'Y', NULL, NULL, NULL, NULL),
(30, 1, 'p003.s1.expenseTypeName', 'Type de charge', 3, 1, 'Y', NULL, NULL, NULL, NULL),
(34, 1, 'p003.s2', 'Ajouter / Modifier un dépense', 1, 1, 'Y', NULL, NULL, NULL, NULL),
(36, 1, 'p003.s2.type', 'Type de charge', 3, 1, 'Y', NULL, NULL, NULL, NULL),
(37, 1, 'p003.s2.name', 'Libelle', 3, 1, 'Y', NULL, NULL, NULL, NULL),
(38, 1, 'p003.s2.description', 'Description', 3, 1, 'Y', NULL, NULL, NULL, NULL),
(39, 1, 'p003.s2.amount', 'Montant', 3, 1, 'Y', NULL, NULL, NULL, NULL),
(41, 1, 'supplier.s1', 'Ajouter / Modifier un fournisseur', 1, 1, 'Y', NULL, NULL, NULL, NULL),
(43, 1, 'supplier.s2', 'Liste des fournisseurs', 1, 1, 'Y', NULL, NULL, NULL, NULL),
(45, 1, 'supplier.s2.country', 'Pays', 3, 1, 'Y', NULL, NULL, NULL, NULL),
(46, 1, 'supplier.s2.city', 'Ville', 3, 1, 'Y', NULL, NULL, NULL, NULL),
(47, 1, 'supplier.s2.email', 'E-Mail', 3, 1, 'Y', NULL, NULL, NULL, NULL),
(49, 1, 'supplier.s2.fixedPhone', 'Télé Fixe', 3, 1, 'Y', NULL, NULL, NULL, NULL),
(50, 1, 'supplier.s2.cellPhone', 'Télé Portable', 3, 1, 'Y', NULL, NULL, NULL, NULL),
(51, 1, 'supplier.s2.companyName', 'Nom de Société ', 3, 1, 'Y', NULL, NULL, NULL, NULL),
(52, 1, 'product.s1', 'List Produits :', 1, 1, 'Y', NULL, NULL, NULL, NULL),
(53, 1, 'product.s1.designation', 'Designation', 3, 1, 'Y', NULL, NULL, NULL, NULL),
(54, 1, 'product.s1.quantity', 'quantity', 3, 1, 'Y', NULL, NULL, NULL, NULL),
(55, 1, 'product.s1.reference', 'reference', 3, 1, 'Y', NULL, NULL, NULL, NULL),
(56, 1, 'product.s1.pricesale', 'pricesale', 3, 1, 'Y', NULL, NULL, NULL, NULL),
(57, 1, 'product.s1.status', 'status', 3, 1, 'Y', NULL, NULL, NULL, NULL),
(58, 1, 'product.s1.size', 'size', 3, 1, 'Y', NULL, NULL, NULL, NULL),
(59, 1, 'product.s1.family', 'family', 3, 1, 'Y', NULL, NULL, NULL, NULL),
(60, 1, 'product.s1.color', 'color', 3, 1, 'Y', NULL, NULL, NULL, NULL),
(61, 1, 'product.s1.edit', 'edit', 3, 1, 'Y', NULL, NULL, NULL, NULL),
(62, 1, 'product.s1.delete', 'delete', 3, 1, 'Y', NULL, NULL, NULL, NULL),
(63, 1, 'product.s1', 'List Produit : ', 1, 1, 'Y', NULL, NULL, NULL, NULL),
(64, 1, 'product.s2.cancel', 'cancel', 3, 1, 'Y', NULL, NULL, NULL, NULL),
(65, 1, 'product.s2.save', 'save', 3, 1, 'Y', NULL, NULL, NULL, NULL),
(66, 1, 'product.s2.color', 'product Color', 3, 1, 'Y', NULL, NULL, NULL, NULL),
(67, 1, 'product.s2.family', 'product Family', 3, 1, 'Y', NULL, NULL, NULL, NULL),
(68, 1, 'product.s2.size', 'product Size', 3, 1, 'Y', NULL, NULL, NULL, NULL),
(69, 1, 'product.s2.status', 'product Status', 3, 1, 'Y', NULL, NULL, NULL, NULL),
(70, 1, 'product.s2.pricesale', 'pricesale', 3, 1, 'Y', NULL, NULL, NULL, NULL),
(71, 1, 'product.s2.reference', 'reference', 3, 1, 'Y', NULL, NULL, NULL, NULL),
(72, 1, 'product.s2.quantity', 'quantity', 3, 1, 'Y', NULL, NULL, NULL, NULL),
(73, 1, 'product.s2.designation', 'designation', 3, 1, 'Y', NULL, NULL, NULL, NULL),
(74, 1, 'product.s2', 'Ajouter un nouveau produit', 1, 1, 'Y', NULL, NULL, NULL, NULL),
(75, 1, 'supplier.s1.firstName', 'Prénom', 3, 1, 'Y', NULL, NULL, NULL, NULL),
(76, 1, 'supplier.s1.lastName', 'Nom', 3, 1, 'Y', NULL, NULL, NULL, NULL),
(77, 1, 'supplier.s1.country', 'Pays', 3, 1, 'Y', NULL, NULL, NULL, NULL),
(78, 1, 'supplier.s1.city', 'Ville', 3, 1, 'Y', NULL, NULL, NULL, NULL),
(79, 1, 'supplier.s1.companyName', 'Nom de Société ', 3, 1, 'Y', NULL, NULL, NULL, NULL),
(80, 1, 'supplier.s1.cellPhone', 'Télé Portable', 3, 1, 'Y', NULL, NULL, NULL, NULL),
(81, 1, 'supplier.s1.fixedPhone', 'Télé Fixe', 3, 1, 'Y', NULL, NULL, NULL, NULL),
(82, 1, 'supplier.s1.adress', 'Adresse', 3, 1, 'Y', NULL, NULL, NULL, NULL),
(83, 1, 'supplier.s1.email', 'E-Mail', 3, 1, 'Y', NULL, NULL, NULL, NULL),
(84, 1, 'supplier.s1.type', 'Type', 3, 1, 'Y', NULL, NULL, NULL, NULL),
(89, 1, 'supplier.s2.type', 'Type ', 3, 1, 'Y', NULL, NULL, NULL, NULL),
(90, 1, 'globals.list.delete', 'Supprimer', 3, 1, 'Y', NULL, NULL, NULL, NULL),
(91, 1, 'globals.list.edit', 'Modifier', 3, 1, 'Y', NULL, NULL, NULL, NULL),
(92, 1, 'globals.list.option', 'Option', 3, 1, 'Y', NULL, NULL, NULL, NULL),
(93, 1, 'globals.list.activate', 'Activer', 3, 1, 'Y', NULL, NULL, NULL, NULL),
(94, 1, 'globals.list.validate', 'Valider', 3, 1, 'Y', NULL, NULL, NULL, NULL),
(95, 1, 'globals.list.vide', 'la liste est vide.', 3, 1, 'Y', NULL, NULL, NULL, NULL),
(96, 1, 'globals.list.confirmDelete', 'Êtes-vous sûr de vouloir supprimer ?', 3, 1, 'Y', NULL, NULL, NULL, NULL),
(97, 1, 'globals.forms.add', 'Ajouter', 3, 1, 'Y', NULL, NULL, NULL, NULL),
(98, 1, 'globals.forms.edit', 'Modifier', 3, 1, 'Y', NULL, NULL, NULL, NULL),
(99, 1, 'globals.forms.cancel', 'Annuler', 3, 1, 'Y', NULL, NULL, NULL, NULL),
(100, 1, 'globals.forms.save', 'Sauvegarder', 3, 1, 'Y', NULL, NULL, NULL, NULL),
(101, 1, 'globals.forms.delete', 'Supprimer', 3, 1, 'Y', NULL, NULL, NULL, NULL),
(102, 1, 'globals.forms.confirmDelete', 'Êtes-vous sûr de vouloir supprimer ?', 3, 1, 'Y', NULL, NULL, NULL, NULL),
(103, 1, 'reception.s1', 'La liste des réceptions en cours', 1, 1, 'Y', NULL, NULL, NULL, NULL),
(104, 1, 'reception.s1.id', 'Code', 3, 1, 'Y', NULL, NULL, NULL, NULL),
(105, 1, 'reception.s1.name', 'Nom', 3, 1, 'Y', NULL, NULL, NULL, NULL),
(106, 1, 'reception.s1.supplierId', 'Fournisseur', 3, 1, 'Y', NULL, NULL, NULL, NULL),
(107, 1, 'reception.s1.active', 'Active', 3, 1, 'Y', NULL, NULL, NULL, NULL),
(108, 1, 'reception.s1.deadline', 'Échéance', 3, 1, 'Y', NULL, NULL, NULL, NULL),
(109, 1, 'reception.s1.souche', 'La souche', 3, 1, 'Y', NULL, NULL, NULL, NULL),
(110, 1, 'reception.s1.amount', 'Le montant totale', 3, 1, 'Y', NULL, NULL, NULL, NULL),
(111, 1, 'reception.s1.valid', 'Valide', 3, 1, 'Y', NULL, NULL, NULL, NULL),
(112, 1, 'globals.forms.yes', 'Oui', 3, 1, 'Y', NULL, NULL, NULL, NULL),
(113, 1, 'globals.forms.no', 'Non', 3, 1, 'Y', NULL, NULL, NULL, NULL),
(146, 1, 'reception.s2', 'Ajouter une réception ', 1, 1, 'Y', NULL, NULL, NULL, NULL),
(147, 1, 'reception.s2.id', 'Code', 3, 1, 'Y', NULL, NULL, NULL, NULL),
(148, 1, 'reception.s2.name', 'Nom', 3, 1, 'Y', NULL, NULL, NULL, NULL),
(149, 1, 'reception.s2.supplier', 'Fournisseur ', 3, 1, 'Y', NULL, NULL, NULL, NULL),
(150, 1, 'reception.s2.deadline', 'Échéance', 3, 1, 'Y', NULL, NULL, NULL, NULL),
(151, 1, 'reception.s2.souche', 'La souche', 3, 1, 'Y', NULL, NULL, NULL, NULL),
(152, 1, 'reception.s2.amount', 'Montant totale', 3, 1, 'Y', NULL, NULL, NULL, NULL),
(153, 1, 'reception.s2.valid', 'Valide', 3, 1, 'Y', NULL, NULL, NULL, NULL),
(155, 1, 'reception.s2.deposit', 'Depôt', 3, 1, 'Y', NULL, NULL, NULL, NULL),
(156, 1, 'reception.s2.description', 'Description ', 3, 1, 'Y', NULL, NULL, NULL, NULL),
(158, 1, 'supplier.s1.active', 'Active', 3, 1, 'Y', NULL, NULL, NULL, NULL),
(159, 1, 'product', 'La gestion des produits ', 1, 1, 'Y', NULL, NULL, NULL, NULL),
(160, 1, 'product.s2.active', 'Active', 3, 1, 'Y', NULL, NULL, NULL, NULL),
(161, 1, 'p003.s1.expenseTypeName', 'Type de charge', 3, 1, 'Y', NULL, NULL, NULL, NULL),
(162, 1, 'customer.s2', 'La liste des clients', 1, 1, 'Y', NULL, NULL, NULL, NULL),
(163, 1, 'customer.s2.firstName', 'Prénom', 3, 1, 'Y', NULL, NULL, NULL, NULL),
(164, 1, 'customer.s1', 'Ajouter / Modifier un client', 1, 1, 'Y', NULL, NULL, NULL, NULL),
(165, 1, 'customer.s2.lastName', 'Nom', 3, 1, 'Y', NULL, NULL, NULL, NULL),
(166, 1, 'customer.s2.country', 'Pays', 3, 1, 'Y', NULL, NULL, NULL, NULL),
(167, 1, 'customer.s2.city', 'Ville', 3, 1, 'Y', NULL, NULL, NULL, NULL),
(168, 1, 'customer.s2.email', 'E-Mail', 3, 1, 'Y', NULL, NULL, NULL, NULL),
(169, 1, 'customer.s2.adress', 'Adresse', 3, 1, 'Y', NULL, NULL, NULL, NULL),
(170, 1, 'customer.s2.fixedPhone', 'Télé Fixe', 3, 1, 'Y', NULL, NULL, NULL, NULL),
(171, 1, 'customer.s2.cellPhone', 'Télé Portable', 3, 1, 'Y', NULL, NULL, NULL, NULL),
(172, 1, 'customer.s1.firstName', 'Prénom', 3, 1, 'Y', NULL, NULL, NULL, NULL),
(173, 1, 'customer.s1.lastName', 'Nom', 3, 1, 'Y', NULL, NULL, NULL, NULL),
(174, 1, 'customer.s1.country', 'Pays', 3, 1, 'Y', NULL, NULL, NULL, NULL),
(175, 1, 'customer.s1.city', 'Ville', 3, 1, 'Y', NULL, NULL, NULL, NULL),
(176, 1, 'customer.s1.cellPhone', 'Télé Portable', 3, 1, 'Y', NULL, NULL, NULL, NULL),
(177, 1, 'customer.s1.fixedPhone', 'Télé Fixe', 3, 1, 'Y', NULL, NULL, NULL, NULL),
(178, 1, 'customer.s1.adress', 'Adresse', 3, 1, 'Y', NULL, NULL, NULL, NULL),
(179, 1, 'customer.s1.email', 'E-Mail', 3, 1, 'Y', NULL, NULL, NULL, NULL),
(180, 1, 'customer.s1.type', 'Type', 3, 1, 'Y', NULL, NULL, NULL, NULL),
(186, 1, 'customer.s1.active', 'Active ', 3, 1, 'Y', NULL, NULL, NULL, NULL),
(187, 1, 'product.s1.priceBuy', 'price by', 3, 1, 'Y', NULL, NULL, NULL, NULL),
(188, 1, 'product.s2.priceBuy', 'price by', 3, 1, 'Y', NULL, NULL, NULL, NULL),
(189, 1, 'supplier.s1.postCode', 'Code postale', 3, 1, 'Y', NULL, NULL, NULL, NULL),
(190, 1, 'supplier.s2.postCode', 'Code postale', 3, 1, 'Y', NULL, NULL, NULL, NULL),
(202, 1, 'reception.s3', 'Ajouter des produits', 1, 1, 'Y', NULL, NULL, NULL, NULL),
(203, 1, 'reception.s3.id', 'Code d''article ', 3, 1, 'Y', NULL, NULL, NULL, NULL),
(204, 1, 'reception.s3.designation', 'Designation', 3, 1, 'Y', NULL, NULL, NULL, NULL),
(205, 1, 'reception.s3.quantity', 'Qté ', 3, 1, 'Y', NULL, NULL, NULL, NULL),
(206, 1, 'reception.s3.unitPriceBuy', 'Prix d''achat', 3, 1, 'Y', NULL, NULL, NULL, NULL),
(207, 1, 'reception.s3.remise', 'Remise', 3, 1, 'Y', NULL, NULL, NULL, NULL),
(208, 1, 'reception.s3.totalHt', 'Total HT', 3, 1, 'Y', NULL, NULL, NULL, NULL),
(209, 1, 'reception.s3.tva', 'Tva', 3, 1, 'Y', NULL, NULL, NULL, NULL),
(210, 1, 'reception.s3.totalTtc', 'Total TTC', 3, 1, 'Y', NULL, NULL, NULL, NULL),
(211, 1, 'globals.forms.confirmClean', 'Etes-vous sur de vouloir vider le formulaire ?', 3, 1, 'Y', NULL, NULL, NULL, NULL),
(212, 1, 'globals.forms.clean', 'vider le fourmulaire', 3, 1, 'Y', NULL, NULL, NULL, NULL),
(213, 1, 'reception.s4', 'La liste des produits', 1, 1, 'Y', NULL, NULL, NULL, NULL),
(214, 1, 'reception.s4.id', 'Code d''article ', 3, 1, 'Y', NULL, NULL, NULL, NULL),
(215, 1, 'reception.s4.designation', 'Designation', 3, 1, 'Y', NULL, NULL, NULL, NULL),
(216, 1, 'reception.s4.quantity', 'Qté ', 3, 1, 'Y', NULL, NULL, NULL, NULL),
(217, 1, 'reception.s4.unitPriceBuy', 'Prix d''achat', 3, 1, 'Y', NULL, NULL, NULL, NULL),
(218, 1, 'reception.s4.remise', 'Remise', 3, 1, 'Y', NULL, NULL, NULL, NULL),
(219, 1, 'reception.s4.totalHt', 'Total HT', 3, 1, 'Y', NULL, NULL, NULL, NULL),
(220, 1, 'reception.s4.tva', 'Tva', 3, 1, 'Y', NULL, NULL, NULL, NULL),
(221, 1, 'reception.s4.totalTtc', 'Total TTC', 3, 1, 'Y', NULL, NULL, NULL, NULL),
(222, 1, 'page1.s1.name', 'name msg', 2, 1, 'Y', NULL, NULL, NULL, NULL),
(223, 1, 'page1.s1.name', 'name help', 4, 1, 'Y', NULL, NULL, NULL, NULL),
(224, 1, 'globals.forms.validate', 'Valider', 3, 1, 'Y', NULL, NULL, NULL, NULL),
(225, 1, 'globals.forms.validate', 'Validate', 3, 2, 'Y', NULL, NULL, NULL, NULL),
(226, 1, 'receptionValidation.s1', 'La liste des réceptions qui sont prêt pour la validation', 1, 1, 'Y', NULL, NULL, NULL, NULL),
(227, 1, 'receptionValidation.s1.id', 'Code', 3, 1, 'Y', NULL, NULL, NULL, NULL),
(228, 1, 'receptionValidation.s1.name', 'Nom', 3, 1, 'Y', NULL, NULL, NULL, NULL),
(229, 1, 'receptionValidation.s1.supplierId', 'Fournisseur', 3, 1, 'Y', NULL, NULL, NULL, NULL),
(230, 1, 'receptionValidation.s1.active', 'Active', 3, 1, 'Y', NULL, NULL, NULL, NULL),
(231, 1, 'receptionValidation.s1.deadline', 'Échéance', 3, 1, 'Y', NULL, NULL, NULL, NULL),
(232, 1, 'receptionValidation.s1.souche', 'La souche', 3, 1, 'Y', NULL, NULL, NULL, NULL),
(233, 1, 'receptionValidation.s1.amount', 'Le montant totale', 3, 1, 'Y', NULL, NULL, NULL, NULL),
(234, 1, 'receptionValidation.s1.valid', 'Valide', 3, 1, 'Y', NULL, NULL, NULL, NULL),
(235, 1, 'receptionValidation.s2', 'Détails de réception ', 1, 1, 'Y', NULL, NULL, NULL, NULL),
(236, 1, 'receptionValidation.s2.id', 'Code', 3, 1, 'Y', NULL, NULL, NULL, NULL),
(237, 1, 'receptionValidation.s2.name', 'Nom', 3, 1, 'Y', NULL, NULL, NULL, NULL),
(238, 1, 'receptionValidation.s2.supplier', 'Fournisseur ', 3, 1, 'Y', NULL, NULL, NULL, NULL),
(239, 1, 'receptionValidation.s2.deadline', 'Échéance', 3, 1, 'Y', NULL, NULL, NULL, NULL),
(240, 1, 'receptionValidation.s2.souche', 'La souche', 3, 1, 'Y', NULL, NULL, NULL, NULL),
(241, 1, 'receptionValidation.s2.amount', 'Montant totale', 3, 1, 'Y', NULL, NULL, NULL, NULL),
(242, 1, 'receptionValidation.s2.valid', 'Valide', 3, 1, 'Y', NULL, NULL, NULL, NULL),
(243, 1, 'receptionValidation.s2.deposit', 'Depôt', 3, 1, 'Y', NULL, NULL, NULL, NULL),
(244, 1, 'receptionValidation.s2.description', 'Description ', 3, 1, 'Y', NULL, NULL, NULL, NULL),
(245, 1, 'receptionValidation.s3', 'Ajouter des produits', 1, 1, 'Y', NULL, NULL, NULL, NULL),
(246, 1, 'receptionValidation.s3.id', 'Code d''article ', 3, 1, 'Y', NULL, NULL, NULL, NULL),
(247, 1, 'receptionValidation.s3.designation', 'Designation', 3, 1, 'Y', NULL, NULL, NULL, NULL),
(248, 1, 'receptionValidation.s3.quantity', 'Qté ', 3, 1, 'Y', NULL, NULL, NULL, NULL),
(249, 1, 'receptionValidation.s3.unitPriceBuy', 'Prix d''achat', 3, 1, 'Y', NULL, NULL, NULL, NULL),
(250, 1, 'receptionValidation.s3.remise', 'Remise', 3, 1, 'Y', NULL, NULL, NULL, NULL),
(251, 1, 'receptionValidation.s3.totalHt', 'Total HT', 3, 1, 'Y', NULL, NULL, NULL, NULL),
(252, 1, 'receptionValidation.s3.tva', 'Tva', 3, 1, 'Y', NULL, NULL, NULL, NULL),
(253, 1, 'receptionValidation.s3.totalTtc', 'Total TTC', 3, 1, 'Y', NULL, NULL, NULL, NULL),
(254, 1, 'receptionHistory.s1', 'Hisortique des réceptions', 1, 1, 'Y', NULL, NULL, NULL, NULL),
(255, 1, 'receptionHistory.s1.id', 'Code', 3, 1, 'Y', NULL, NULL, NULL, NULL),
(256, 1, 'receptionHistory.s1.name', 'Nom', 3, 1, 'Y', NULL, NULL, NULL, NULL),
(257, 1, 'receptionHistory.s1.supplierId', 'Fournisseur', 3, 1, 'Y', NULL, NULL, NULL, NULL),
(258, 1, 'receptionHistory.s1.active', 'Active', 3, 1, 'Y', NULL, NULL, NULL, NULL),
(259, 1, 'receptionHistory.s1.deadline', 'Échéance', 3, 1, 'Y', NULL, NULL, NULL, NULL),
(260, 1, 'receptionHistory.s1.souche', 'La souche', 3, 1, 'Y', NULL, NULL, NULL, NULL),
(261, 1, 'receptionHistory.s1.amount', 'Le montant totale', 3, 1, 'Y', NULL, NULL, NULL, NULL),
(262, 1, 'receptionHistory.s1.valid', 'Valide', 3, 1, 'Y', NULL, NULL, NULL, NULL),
(263, 1, 'receptionHistory.s2', 'Détails de réception ', 1, 1, 'Y', NULL, NULL, NULL, NULL),
(264, 1, 'receptionHistory.s2.id', 'Code', 3, 1, 'Y', NULL, NULL, NULL, NULL),
(265, 1, 'receptionHistory.s2.name', 'Nom', 3, 1, 'Y', NULL, NULL, NULL, NULL),
(266, 1, 'receptionHistory.s2.supplier', 'Fournisseur ', 3, 1, 'Y', NULL, NULL, NULL, NULL),
(267, 1, 'receptionHistory.s2.deadline', 'Échéance', 3, 1, 'Y', NULL, NULL, NULL, NULL),
(268, 1, 'receptionHistory.s2.souche', 'La souche', 3, 1, 'Y', NULL, NULL, NULL, NULL),
(269, 1, 'receptionHistory.s2.amount', 'Montant totale', 3, 1, 'Y', NULL, NULL, NULL, NULL),
(270, 1, 'receptionHistory.s2.valid', 'Valide', 3, 1, 'Y', NULL, NULL, NULL, NULL),
(271, 1, 'receptionHistory.s2.deposit', 'Depôt', 3, 1, 'Y', NULL, NULL, NULL, NULL),
(272, 1, 'receptionHistory.s2.description', 'Description ', 3, 1, 'Y', NULL, NULL, NULL, NULL),
(273, 1, 'receptionHistory.s3', 'Ajouter des produits', 1, 1, 'Y', NULL, NULL, NULL, NULL),
(274, 1, 'receptionHistory.s3.id', 'Code d''article ', 3, 1, 'Y', NULL, NULL, NULL, NULL),
(275, 1, 'receptionHistory.s3.designation', 'Designation', 3, 1, 'Y', NULL, NULL, NULL, NULL),
(276, 1, 'receptionHistory.s3.quantity', 'Qté ', 3, 1, 'Y', NULL, NULL, NULL, NULL),
(277, 1, 'receptionHistory.s3.unitPriceBuy', 'Prix d''achat', 3, 1, 'Y', NULL, NULL, NULL, NULL),
(278, 1, 'receptionHistory.s3.remise', 'Remise', 3, 1, 'Y', NULL, NULL, NULL, NULL),
(279, 1, 'receptionHistory.s3.totalHt', 'Total HT', 3, 1, 'Y', NULL, NULL, NULL, NULL),
(280, 1, 'receptionHistory.s3.tva', 'Tva', 3, 1, 'Y', NULL, NULL, NULL, NULL),
(281, 1, 'receptionHistory.s3.totalTtc', 'Total TTC', 3, 1, 'Y', NULL, NULL, NULL, NULL),
(282, 1, 'receptionValidation.s4', 'Résumé', 1, 1, 'Y', NULL, NULL, NULL, NULL),
(283, 1, 'receptionValidation.s4.quantityTotal', 'La quantité totale', 3, 1, 'Y', NULL, NULL, NULL, NULL),
(284, 1, 'receptionValidation.s4.unitPriceBuyTotal', 'Le prix unitaire totale', 3, 1, 'Y', NULL, NULL, NULL, NULL),
(285, 1, 'receptionValidation.s4.remiseAvg', 'La moyenne de remise', 3, 1, 'Y', NULL, NULL, NULL, NULL),
(286, 1, 'receptionValidation.s4.tvaAvg', 'La monyenne de TVA', 3, 1, 'Y', NULL, NULL, NULL, NULL),
(287, 1, 'receptionValidation.s4.totalHtTotal', 'hore taxt total', 3, 1, 'Y', NULL, NULL, NULL, NULL),
(288, 1, 'receptionValidation.s4.totalTtcTotal', 'TTC total', 3, 1, 'Y', NULL, NULL, NULL, NULL),
(289, 1, 'receptionHistory.s4', 'Résumé Général', 1, 1, 'Y', NULL, NULL, NULL, NULL),
(290, 1, 'receptionHistory.s4.quantityTotal', 'La quantité totale', 3, 1, 'Y', NULL, NULL, NULL, NULL),
(291, 1, 'receptionHistory.s4.unitPriceBuyTotal', 'Le prix unitaire totale', 3, 1, 'Y', NULL, NULL, NULL, NULL),
(292, 1, 'receptionHistory.s4.remiseAvg', 'La moyenne de remise', 3, 1, 'Y', NULL, NULL, NULL, NULL),
(293, 1, 'receptionHistory.s4.tvaAvg', 'La monyenne de TVA', 3, 1, 'Y', NULL, NULL, NULL, NULL),
(294, 1, 'receptionHistory.s4.totalHtTotal', 'hore taxt total', 3, 1, 'Y', NULL, NULL, NULL, NULL),
(295, 1, 'receptionHistory.s4.totalTtcTotal', 'TTC total', 3, 1, 'Y', NULL, NULL, NULL, NULL),
(303, 1, 'reception.s5', 'Résumé Général', 1, 1, 'Y', NULL, NULL, NULL, NULL),
(304, 1, 'reception.s5.quantityTotal', 'La quantité totale', 3, 1, 'Y', NULL, NULL, NULL, NULL),
(305, 1, 'reception.s5.unitPriceBuyTotal', 'Le prix unitaire totale', 3, 1, 'Y', NULL, NULL, NULL, NULL),
(306, 1, 'reception.s5.remiseAvg', 'La moyenne de remise', 3, 1, 'Y', NULL, NULL, NULL, NULL),
(307, 1, 'reception.s5.tvaAvg', 'La monyenne de TVA', 3, 1, 'Y', NULL, NULL, NULL, NULL),
(308, 1, 'reception.s5.totalHtTotal', 'hore taxt total', 3, 1, 'Y', NULL, NULL, NULL, NULL),
(309, 1, 'reception.s5.totalTtcTotal', 'TTC total', 3, 1, 'Y', NULL, NULL, NULL, NULL),
(310, 1, 'reception.s4.totalHt', 'Total HT', 1, 1, 'Y', NULL, NULL, NULL, NULL),
(311, 1, 'reception.s4.totalTtc', 'Total TTC', 1, 1, 'Y', NULL, NULL, NULL, NULL),
(312, 1, 'inventaire.s1', 'Inventaire générale', 1, 1, 'Y', NULL, NULL, NULL, NULL),
(313, 1, 'inventaire.s1.reference', 'Réf', 3, 1, 'Y', NULL, NULL, NULL, NULL),
(314, 1, 'inventaire.s1.designation', 'Designation', 3, 1, 'Y', NULL, NULL, NULL, NULL),
(315, 1, 'inventaire.s1.quantity', 'Quantité', 3, 1, 'Y', NULL, NULL, NULL, NULL),
(316, 1, 'inventaire.s1.priceBuy', 'Prix de vente', 3, 1, 'Y', NULL, NULL, NULL, NULL),
(317, 1, 'inventaire.s1.priceSale', 'Prix d''achat', 3, 1, 'Y', NULL, NULL, NULL, NULL),
(318, 1, 'inventaire.s1.active', 'Active', 3, 1, 'Y', NULL, NULL, NULL, NULL),
(319, 1, 'inventaire.s1.receptionValidCount', 'Nombre de réception', 3, 1, 'Y', NULL, NULL, NULL, NULL),
(320, 1, 'inventaire.s1.unitPriceBuyMax', 'Max de prix de vent', 3, 1, 'Y', NULL, NULL, NULL, NULL),
(321, 1, 'inventaire.s1.unitPriceBuyMoyenne', 'Moyenne de prix de vente', 3, 1, 'Y', NULL, NULL, NULL, NULL),
(322, 1, 'inventaire.s1.unitPriceBuyMin', 'Min de prix de vente', 3, 1, 'Y', NULL, NULL, NULL, NULL),
(323, 1, 'inventaire.s1.quantityCount', 'Total des quantité', 3, 1, 'Y', NULL, NULL, NULL, NULL),
(324, 1, 'stockState', 'Statut de stock', 1, 1, 'Y', NULL, NULL, NULL, NULL),
(325, 1, 'stockState.s1', 'Statut de stock', 1, 1, 'Y', NULL, NULL, NULL, NULL),
(326, 1, 'stockState.s1.receptionValidCount', 'Le nombre des réceptions valide', 3, 1, 'Y', NULL, NULL, NULL, NULL),
(327, 1, 'stockState.s1.unitPriceBuyMax', 'le max de prix unitaire de vente', 3, 1, 'Y', NULL, NULL, NULL, NULL),
(328, 1, 'stockState.s1.unitPriceBuyMoyenne', 'la moyenne de prix unitaire de vente', 3, 1, 'Y', NULL, NULL, NULL, NULL),
(329, 1, 'stockState.s1.unitPriceBuyMin', 'Le min de prix de vent unitaire', 3, 1, 'Y', NULL, NULL, NULL, NULL),
(330, 1, 'stockState.s1.quantityCount', 'Total des quantités', 3, 1, 'Y', NULL, NULL, NULL, NULL),
(331, 1, 'stockState.s1.productValid', 'Le nombre de produit valide', 3, 1, 'Y', NULL, NULL, NULL, NULL),
(332, 1, 'stockState.s1.productNotValid', 'Le nombre de produit non valide', 3, 1, 'Y', NULL, NULL, NULL, NULL),
(333, 1, 'stockState.s1.receptionInprogressCount', 'Le nombre des réceptions qui sont en cours', 3, 1, 'Y', NULL, NULL, NULL, NULL),
(334, 1, 'login.s1.forgetPassword', 'Mot de passe oublié.', 3, 1, 'Y', NULL, NULL, NULL, NULL),
(335, 1, 'login.s1.getAccount', 'Obtenir d''un compte', 3, 1, 'Y', NULL, NULL, NULL, NULL),
(336, 1, 'login.s1.sessionActive', 'Garder ma session active', 3, 1, 'Y', NULL, NULL, NULL, NULL),
(337, 1, 'login.s1', 'Authentification', 1, 1, 'Y', NULL, NULL, NULL, NULL),
(338, 1, 'module.s1.access', 'Accès au module', 3, 1, 'Y', NULL, NULL, NULL, NULL),
(339, 1, 'module.s1.logout', 'Déconnexion', 3, 1, 'Y', NULL, NULL, NULL, NULL),
(340, 1, 'bonLivraison.s1', 'Nouveau bon de livraison', 1, 1, 'Y', NULL, NULL, NULL, NULL),
(341, 1, 'bonLivraison.s1.customer', 'Client', 3, 1, 'Y', NULL, NULL, NULL, NULL),
(342, 1, 'bonLivraison.s1.description', 'Note', 3, 1, 'Y', NULL, NULL, NULL, NULL),
(343, 1, 'bonLivraison.s2', 'Ajouter un produit', 1, 1, 'Y', NULL, NULL, NULL, NULL),
(344, 1, 'bonLivraison.s2.reference', 'Réf', 3, 1, 'Y', NULL, NULL, NULL, NULL),
(345, 1, 'bonLivraison.s2.color', 'Couleur', 3, 1, 'Y', NULL, NULL, NULL, NULL),
(346, 1, 'bonLivraison.s2.size', 'Taille', 3, 1, 'Y', NULL, NULL, NULL, NULL),
(347, 1, 'bonLivraison.s2.unitPriceBuy', 'Prix', 3, 1, 'Y', NULL, NULL, NULL, NULL),
(348, 1, 'bonLivraison.s2.quantity', 'Qté', 3, 1, 'Y', NULL, NULL, NULL, NULL),
(349, 1, 'bonLivraison.s2.totalTtc', 'Total', 3, 1, 'Y', NULL, NULL, NULL, NULL),
(350, 1, 'bonLivraison.s3', 'La liste des articles', 1, 1, 'Y', NULL, NULL, NULL, NULL),
(351, 1, 'bonLivraison.s3.reference', 'Réf', 3, 1, 'Y', NULL, NULL, NULL, NULL),
(352, 1, 'bonLivraison.s3.color', 'Couleur', 3, 1, 'Y', NULL, NULL, NULL, NULL),
(353, 1, 'bonLivraison.s3.size', 'Taille', 3, 1, 'Y', NULL, NULL, NULL, NULL),
(354, 1, 'bonLivraison.s3.price', 'Prix Unitaire', 3, 1, 'Y', NULL, NULL, NULL, NULL),
(355, 1, 'bonLivraison.s3.quantity', 'Qté', 3, 1, 'Y', NULL, NULL, NULL, NULL),
(356, 1, 'bonLivraison.s3.totalPriceBuy', 'Prix Totale', 3, 1, 'Y', NULL, NULL, NULL, NULL),
(357, 1, 'bonLivraison.s4', 'Résumé Général', 1, 1, 'Y', NULL, NULL, NULL, NULL),
(358, 1, 'bonLivraison.s5', 'Mode de paiement', 1, 1, 'Y', NULL, NULL, NULL, NULL),
(359, 1, 'bonLivraison.s4.sumQuantity', 'Quantité Totale', 3, 1, 'Y', NULL, NULL, NULL, NULL),
(360, 1, 'bonLivraison.s4.sumTotal', 'Montant Totale', 1, 1, 'Y', NULL, NULL, NULL, NULL),
(361, 1, 'blValidation.s1.id', 'Code', 3, 1, 'Y', NULL, NULL, NULL, NULL),
(362, 1, 'blValidation.s1.customerName', 'Client', 3, 1, 'Y', NULL, NULL, NULL, NULL),
(363, 1, 'blValidation.s1.description', 'Note', 3, 1, 'Y', NULL, NULL, NULL, NULL),
(364, 1, 'blValidation.s1.sumTotalPriceBuy', 'Prix Total', 3, 1, 'Y', NULL, NULL, NULL, NULL),
(365, 1, 'blValidation.s1', 'La liste des ventes attentes', 1, 1, 'Y', NULL, NULL, NULL, NULL),
(366, 1, 'blValidation.s2', 'Modifer un vente', 1, 1, 'Y', NULL, NULL, NULL, NULL),
(367, 1, 'blValidation.s2.customer', 'Client', 3, 1, 'Y', NULL, NULL, NULL, NULL),
(368, 1, 'blValidation.s2.description', 'Note', 3, 1, 'Y', NULL, NULL, NULL, NULL),
(369, 1, 'blValidation.s3.reference', 'Réf', 3, 1, 'Y', NULL, NULL, NULL, NULL),
(370, 1, 'blValidation.s3.color', 'Couleur', 3, 1, 'Y', NULL, NULL, NULL, NULL),
(371, 1, 'blValidation.s3.size', 'Taille', 3, 1, 'Y', NULL, NULL, NULL, NULL),
(372, 1, 'blValidation.s3.unitPriceBuy', 'Prix', 3, 1, 'Y', NULL, NULL, NULL, NULL),
(373, 1, 'blValidation.s3.quantity', 'Qté', 3, 1, 'Y', NULL, NULL, NULL, NULL),
(374, 1, 'blValidation.s3.totalTtc', 'Total', 3, 1, 'Y', NULL, NULL, NULL, NULL),
(375, 1, 'blValidation.s4', 'La liste des articles', 1, 1, 'Y', NULL, NULL, NULL, NULL),
(376, 1, 'blValidation.s4.reference', 'Réf', 3, 1, 'Y', NULL, NULL, NULL, NULL),
(377, 1, 'blValidation.s4.color', 'Couleur', 3, 1, 'Y', NULL, NULL, NULL, NULL),
(378, 1, 'blValidation.s4.size', 'Taille', 3, 1, 'Y', NULL, NULL, NULL, NULL),
(379, 1, 'blValidation.s4.price', 'Prix', 3, 1, 'Y', NULL, NULL, NULL, NULL),
(380, 1, 'blValidation.s4.quantity', 'Qté', 3, 1, 'Y', NULL, NULL, NULL, NULL),
(381, 1, 'blValidation.s4.totalPriceBuy', 'Total', 3, 1, 'Y', NULL, NULL, NULL, NULL),
(382, 1, 'blValidation.s5', 'Résumé Général', 1, 1, 'Y', NULL, NULL, NULL, NULL),
(383, 1, 'blValidation.s5.sumQuantity', 'Qté Total', 3, 1, 'Y', NULL, NULL, NULL, NULL),
(384, 1, 'blValidation.s5.sumTotal', 'Montant Total', 3, 1, 'Y', NULL, NULL, NULL, NULL),
(385, 1, 'blValidation.s5', 'Mode de paiement', 3, 1, 'Y', NULL, NULL, NULL, NULL),
(386, 1, 'blValidation.s3', 'Ajouter un article', 1, 1, 'Y', NULL, NULL, NULL, NULL),
(387, 1, 'blValidation.s1.sumQuantity', 'Qté Total', 3, 1, 'Y', NULL, NULL, NULL, NULL),
(388, 1, 'blValidation.s6', 'Mode de paiement', 1, 1, 'Y', NULL, NULL, NULL, NULL),
(389, 1, 'reception.s2.sizes', 'Taille de Réception', 3, 1, 'Y', NULL, NULL, NULL, NULL),
(390, 1, 'inventaire.s1.productSizeName', 'Taille', 3, 1, 'Y', NULL, NULL, NULL, NULL),
(391, 1, 'inventaire.s1.productColorName', 'Couleur', 3, 1, 'Y', NULL, NULL, NULL, NULL),
(393, 1, 'profile.s1.firstName', 'Prénom', 3, 1, 'Y', NULL, NULL, NULL, NULL),
(394, 1, 'profile.s1.lastName', 'Nom', 3, 1, 'Y', NULL, NULL, NULL, NULL),
(395, 1, 'profile.s1.email', 'E-mail', 3, 1, 'Y', NULL, NULL, NULL, NULL),
(396, 1, 'profile.s1.password', 'Mot de passe', 3, 1, 'Y', NULL, NULL, NULL, NULL),
(397, 1, 'profile.s1.replayRassword', 'Re mot de passe', 3, 1, 'Y', NULL, NULL, NULL, NULL),
(398, 1, 'profile.s1.cellPhone', 'Télé Mobile', 3, 1, 'Y', NULL, NULL, NULL, NULL),
(399, 1, 'profile.s1.fixedPhone', 'Télé Fixe', 3, 1, 'Y', NULL, NULL, NULL, NULL),
(400, 1, 'profile.s1.adress', 'Adresse', 3, 1, 'Y', NULL, NULL, NULL, NULL),
(401, 1, 'profile.s1', 'Modifier Mon Profile', 1, 1, 'Y', NULL, NULL, NULL, NULL),
(402, 1, 'basicParameter.s1', 'Basic Parameter', 1, 1, 'Y', NULL, NULL, NULL, NULL),
(403, 1, 'basicParameter.s1.id', 'ID', 3, 1, 'Y', NULL, NULL, NULL, NULL),
(404, 1, 'basicParameter.s1.name', 'Nom', 3, 1, 'Y', NULL, NULL, NULL, NULL),
(405, 1, 'basicParameter.s1.description', 'Description', 3, 1, 'Y', NULL, NULL, NULL, NULL),
(406, 1, 'basicParameter.s1.value', 'Valuer', 3, 1, 'Y', NULL, NULL, NULL, NULL),
(407, 1, 'basicParameter.s1.basicParameterType', 'Type', 3, 1, 'Y', NULL, NULL, NULL, NULL),
(408, 1, 'basicParameter.s2', 'Ajouter / Editer basic Parameter', 1, 1, 'Y', NULL, NULL, NULL, NULL),
(409, 1, 'basicParameter.s2.id', 'ID', 3, 1, 'Y', NULL, NULL, NULL, NULL),
(410, 1, 'basicParameter.s2.name', 'Nom', 3, 1, 'Y', NULL, NULL, NULL, NULL),
(411, 1, 'basicParameter.s2.description', 'Description', 3, 1, 'Y', NULL, NULL, NULL, NULL),
(412, 1, 'basicParameter.s2.value', 'Valuer', 3, 1, 'Y', NULL, NULL, NULL, NULL),
(413, 1, 'basicParameter.s2.basicParameterType', 'Type', 3, 1, 'Y', NULL, NULL, NULL, NULL),
(414, 1, 'basicParameter.s1', 'Basic Parameter', 1, 1, 'Y', NULL, NULL, NULL, NULL),
(415, 1, 'basicParameter.s1.id', 'ID', 3, 1, 'Y', NULL, NULL, NULL, NULL),
(416, 1, 'basicParameter.s1.name', 'Nom', 3, 1, 'Y', NULL, NULL, NULL, NULL),
(417, 1, 'basicParameter.s1.description', 'Description', 3, 1, 'Y', NULL, NULL, NULL, NULL),
(418, 1, 'basicParameter.s1.value', 'Valuer', 3, 1, 'Y', NULL, NULL, NULL, NULL),
(419, 1, 'basicParameter.s1.basicParameterType', 'Type', 3, 1, 'Y', NULL, NULL, NULL, NULL),
(420, 1, 'basicParameter.s2', 'Ajouter / Editer basic Parameter', 1, 1, 'Y', NULL, NULL, NULL, NULL),
(421, 1, 'basicParameter.s2.id', 'ID', 3, 1, 'Y', NULL, NULL, NULL, NULL),
(422, 1, 'basicParameter.s2.name', 'Nom', 3, 1, 'Y', NULL, NULL, NULL, NULL),
(423, 1, 'basicParameter.s2.description', 'Description', 3, 1, 'Y', NULL, NULL, NULL, NULL),
(424, 1, 'basicParameter.s2.value', 'Valuer', 3, 1, 'Y', NULL, NULL, NULL, NULL),
(425, 1, 'basicParameter.s2.basicParameterType', 'Type', 3, 1, 'Y', NULL, NULL, NULL, NULL),
(426, 1, 'moduleParameter.s1', 'Parameter du module', 1, 1, 'Y', NULL, NULL, NULL, NULL),
(427, 1, 'moduleParameter.s1.id', 'ID', 3, 1, 'Y', NULL, NULL, NULL, NULL),
(428, 1, 'moduleParameter.s1.name', 'Nom', 3, 1, 'Y', NULL, NULL, NULL, NULL),
(429, 1, 'moduleParameter.s1.description', 'Description', 3, 1, 'Y', NULL, NULL, NULL, NULL),
(430, 1, 'moduleParameter.s1.value', 'Valuer', 3, 1, 'Y', NULL, NULL, NULL, NULL),
(431, 1, 'moduleParameter.s1.moduleParameterType', 'Type', 3, 1, 'Y', NULL, NULL, NULL, NULL),
(432, 1, 'moduleParameter.s2', 'Ajouter / Editer Parameter du module', 1, 1, 'Y', NULL, NULL, NULL, NULL),
(433, 1, 'moduleParameter.s2.id', 'ID', 3, 1, 'Y', NULL, NULL, NULL, NULL),
(434, 1, 'moduleParameter.s2.name', 'Nom', 3, 1, 'Y', NULL, NULL, NULL, NULL),
(435, 1, 'moduleParameter.s2.description', 'Description', 3, 1, 'Y', NULL, NULL, NULL, NULL),
(436, 1, 'moduleParameter.s2.value', 'Valuer', 3, 1, 'Y', NULL, NULL, NULL, NULL),
(437, 1, 'moduleParameter.s2.moduleParameterType', 'Type', 3, 1, 'Y', NULL, NULL, NULL, NULL),
(438, 1, 'parameterClient.s1', 'Liste du client', 1, 1, 'Y', NULL, NULL, NULL, NULL),
(439, 1, 'parameterClient.s1.name', 'Nom et prenom', 3, 1, 'Y', NULL, NULL, NULL, NULL),
(440, 1, 'parameterClient.s1.company', 'Societer', 3, 1, 'Y', NULL, NULL, NULL, NULL),
(441, 1, 'parameterClient.s1.email', 'Email', 3, 1, 'Y', NULL, NULL, NULL, NULL),
(442, 1, 'parameterClient.s2', 'Parameter du client', 1, 1, 'Y', NULL, NULL, NULL, NULL),
(443, 1, 'parameterClient.s2.client', 'Client', 3, 1, 'Y', NULL, NULL, NULL, NULL),
(444, 1, 'parameterClient.s2.parameterName', 'Nom de parameter', 3, 1, 'Y', NULL, NULL, NULL, NULL),
(445, 1, 'parameterClient.s2.parameterTypeName', 'Type de parameter', 3, 1, 'Y', NULL, NULL, NULL, NULL),
(446, 1, 'parameterClient.s2.value', 'Valuer', 3, 1, 'Y', NULL, NULL, NULL, NULL),
(447, 1, 'parameterClient.s2.defaultValue', 'Valeur par défaut', 3, 1, 'Y', NULL, NULL, NULL, NULL),
(448, 1, 'parameterClient.s3', 'Ajouter / Editer Parameter du client', 1, 1, 'Y', NULL, NULL, NULL, NULL),
(449, 1, 'parameterClient.s3.client', 'Client', 3, 1, 'Y', NULL, NULL, NULL, NULL),
(450, 1, 'parameterClient.s3.parameter', 'Nom de parameter', 3, 1, 'Y', NULL, NULL, NULL, NULL),
(451, 1, 'parameterClient.s3.parameterDefaultValue', 'Valeur par défaut', 3, 1, 'Y', NULL, NULL, NULL, NULL),
(452, 1, 'parameterClient.s3.value', 'Valuer', 3, 1, 'Y', NULL, NULL, NULL, NULL),
(453, 1, 'parameter.s1', 'Paramètres', 1, 1, 'Y', NULL, NULL, NULL, NULL),
(454, 1, 'parameter.s1.id', 'ID', 3, 1, 'Y', NULL, NULL, NULL, NULL),
(455, 1, 'parameter.s1.name', 'Nom', 3, 1, 'Y', NULL, NULL, NULL, NULL),
(456, 1, 'parameter.s1.description', 'Description', 3, 1, 'Y', NULL, NULL, NULL, NULL),
(457, 1, 'parameter.s1.value', 'Valuer', 3, 1, 'Y', NULL, NULL, NULL, NULL),
(458, 1, 'parameter.s1.parameterType', 'Type', 3, 1, 'Y', NULL, NULL, NULL, NULL),
(459, 1, 'parameter.s2', 'Ajouter / Editer paramètres', 1, 1, 'Y', NULL, NULL, NULL, NULL),
(460, 1, 'parameter.s2.id', 'ID', 3, 1, 'Y', NULL, NULL, NULL, NULL),
(461, 1, 'parameter.s2.name', 'Nom', 3, 1, 'Y', NULL, NULL, NULL, NULL),
(462, 1, 'parameter.s2.description', 'Description', 3, 1, 'Y', NULL, NULL, NULL, NULL),
(463, 1, 'parameter.s2.value', 'Valuer', 3, 1, 'Y', NULL, NULL, NULL, NULL),
(464, 1, 'parameter.s2.parameterType', 'Type', 3, 1, 'Y', NULL, NULL, NULL, NULL),
(465, 1, 'pageParameterModule.s1', 'Liste du client', 1, 1, 'Y', NULL, NULL, NULL, NULL),
(466, 1, 'pageParameterModule.s1.name', 'Nom et prenom', 3, 1, 'Y', NULL, NULL, NULL, NULL),
(467, 1, 'pageParameterModule.s1.company', 'Societer', 3, 1, 'Y', NULL, NULL, NULL, NULL),
(468, 1, 'pageParameterModule.s1.email', 'Email', 3, 1, 'Y', NULL, NULL, NULL, NULL),
(469, 1, 'pageParameterModule.s2', 'Liste du module', 1, 1, 'Y', NULL, NULL, NULL, NULL),
(470, 1, 'pageParameterModule.s2.nameModule', 'Nom du module', 3, 1, 'Y', NULL, NULL, NULL, NULL),
(471, 1, 'pageParameterModule.s2.descriptionModule', 'Description du module', 3, 1, 'Y', NULL, NULL, NULL, NULL),
(472, 1, 'pageParameterModule.s2.moduleTypeName', 'Type du module', 3, 1, 'Y', NULL, NULL, NULL, NULL),
(473, 1, 'pageParameterModule.s3', 'Liste du page', 1, 1, 'Y', NULL, NULL, NULL, NULL),
(474, 1, 'pageParameterModule.s3.client', 'Client', 3, 1, 'Y', NULL, NULL, NULL, NULL),
(475, 1, 'pageParameterModule.s3.pageName', 'Nom du page', 3, 1, 'Y', NULL, NULL, NULL, NULL),
(476, 1, 'pageParameterModule.s3.pageDescription', 'Description du page', 3, 1, 'Y', NULL, NULL, NULL, NULL),
(477, 1, 'pageParameterModule.s3.pageTypeName', 'Nom du type page', 3, 1, 'Y', NULL, NULL, NULL, NULL),
(478, 1, 'pageParameterModule.s4', 'Ajouter / Editer Parameter du page/module', 1, 1, 'Y', NULL, NULL, NULL, NULL),
(479, 1, 'pageParameterModule.s4.pageParameter', 'Nom de parameter du page', 3, 1, 'Y', NULL, NULL, NULL, NULL),
(480, 1, 'pageParameterModule.s4.pageParameterDefaultValue', 'Valeur par défaut', 3, 1, 'Y', NULL, NULL, NULL, NULL),
(481, 1, 'pageParameterModule.s4.value', 'Valuer', 3, 1, 'Y', NULL, NULL, NULL, NULL),
(482, 1, 'pageParameterModule.s5', 'Ajouter / Editer Parameter du page/module', 1, 1, 'Y', NULL, NULL, NULL, NULL),
(483, 1, 'pageParameterModule.s5.pageParameter', 'Nom de parameter du page', 3, 1, 'Y', NULL, NULL, NULL, NULL),
(484, 1, 'pageParameterModule.s5.pageParameterDefaultValue', 'Valeur par défaut', 3, 1, 'Y', NULL, NULL, NULL, NULL),
(485, 1, 'pageParameterModule.s5.value', 'Valuer', 3, 1, 'Y', NULL, NULL, NULL, NULL),
(486, 1, 'pageParameter.s1', 'Parameter du page', 1, 1, 'Y', NULL, NULL, NULL, NULL),
(487, 1, 'pageParameter.s1.id', 'ID', 3, 1, 'Y', NULL, NULL, NULL, NULL),
(488, 1, 'pageParameter.s1.name', 'Nom', 3, 1, 'Y', NULL, NULL, NULL, NULL),
(489, 1, 'pageParameter.s1.description', 'Description', 3, 1, 'Y', NULL, NULL, NULL, NULL),
(490, 1, 'pageParameter.s1.value', 'Valuer', 3, 1, 'Y', NULL, NULL, NULL, NULL),
(491, 1, 'pageParameter.s1.pageParameterType', 'Type', 3, 1, 'Y', NULL, NULL, NULL, NULL),
(492, 1, 'pageParameter.s1.page', 'Page', 3, 1, 'Y', NULL, NULL, NULL, NULL),
(493, 1, 'pageParameter.s2', 'Ajouter / Editer Parameter du page', 1, 1, 'Y', NULL, NULL, NULL, NULL),
(494, 1, 'pageParameter.s2.id', 'ID', 3, 1, 'Y', NULL, NULL, NULL, NULL),
(495, 1, 'pageParameter.s2.name', 'Nom', 3, 1, 'Y', NULL, NULL, NULL, NULL),
(496, 1, 'pageParameter.s2.description', 'Description', 3, 1, 'Y', NULL, NULL, NULL, NULL),
(497, 1, 'pageParameter.s2.value', 'Valuer', 3, 1, 'Y', NULL, NULL, NULL, NULL),
(498, 1, 'pageParameter.s2.pageParameterType', 'Type', 3, 1, 'Y', NULL, NULL, NULL, NULL),
(499, 1, 'pageParameter.s2.page', 'Page', 3, 1, 'Y', NULL, NULL, NULL, NULL),
(500, 1, 'moduleParameterClient.s1', 'Liste du client', 1, 1, 'Y', NULL, NULL, NULL, NULL),
(501, 1, 'moduleParameterClient.s1.name', 'Nom et prenom', 3, 1, 'Y', NULL, NULL, NULL, NULL),
(502, 1, 'moduleParameterClient.s1.company', 'Societer', 3, 1, 'Y', NULL, NULL, NULL, NULL),
(503, 1, 'moduleParameterClient.s1.email', 'Email', 3, 1, 'Y', NULL, NULL, NULL, NULL),
(504, 1, 'moduleParameterClient.s2', 'Liste du module', 1, 1, 'Y', NULL, NULL, NULL, NULL),
(505, 1, 'moduleParameterClient.s2.nameModule', 'Nom du module', 3, 1, 'Y', NULL, NULL, NULL, NULL),
(506, 1, 'moduleParameterClient.s2.descriptionModule', 'Description du module', 3, 1, 'Y', NULL, NULL, NULL, NULL),
(507, 1, 'moduleParameterClient.s2.moduleTypeName', 'Type du module', 3, 1, 'Y', NULL, NULL, NULL, NULL),
(508, 1, 'moduleParameterClient.s3', 'Parameter du module/client', 1, 1, 'Y', NULL, NULL, NULL, NULL),
(509, 1, 'moduleParameterClient.s3.client', 'Client', 3, 1, 'Y', NULL, NULL, NULL, NULL),
(510, 1, 'moduleParameterClient.s3.parameterModuleName', 'Nom de parameter du module', 3, 1, 'Y', NULL, NULL, NULL, NULL),
(511, 1, 'moduleParameterClient.s3.parameterModuleTypeName', 'Type de parameter du module', 3, 1, 'Y', NULL, NULL, NULL, NULL),
(512, 1, 'moduleParameterClient.s3.value', 'Valuer', 3, 1, 'Y', NULL, NULL, NULL, NULL),
(513, 1, 'moduleParameterClient.s3.defaultValue', 'Valeur par défaut', 3, 1, 'Y', NULL, NULL, NULL, NULL),
(514, 1, 'moduleParameterClient.s4', 'Ajouter / Editer Parameter du module/client', 1, 1, 'Y', NULL, NULL, NULL, NULL),
(515, 1, 'moduleParameterClient.s4.client', 'Client', 3, 1, 'Y', NULL, NULL, NULL, NULL),
(516, 1, 'moduleParameterClient.s4.parameterModule', 'Nom de parameter du module', 3, 1, 'Y', NULL, NULL, NULL, NULL),
(517, 1, 'moduleParameterClient.s4.parameterModuleDefaultValue', 'Valeur par défaut', 3, 1, 'Y', NULL, NULL, NULL, NULL),
(518, 1, 'moduleParameterClient.s4.value', 'Valuer', 3, 1, 'Y', NULL, NULL, NULL, NULL),
(519, 1, 'validation.v1.formatTypeFax', '{0} doit être de type fax', 7, 1, 'Y', NULL, NULL, NULL, NULL),
(520, 1, 'validation.v1.formatTypeCodePostale', '{0} doit être de type code postale', 7, 1, 'Y', NULL, NULL, NULL, NULL),
(521, 1, 'validation.v1.formatTypeTime', '{0} doit être de type time', 7, 1, 'Y', NULL, NULL, NULL, NULL),
(522, 1, 'validation.v1.formatTypeDateTime', '{0} doit être de type datetime', 7, 1, 'Y', NULL, NULL, NULL, NULL),
(523, 1, 'validation.v1.formatTypePattern', '{0} doit être un {1}', 7, 1, 'Y', NULL, NULL, NULL, NULL);

-- --------------------------------------------------------

--
-- Structure de la table `inf_text_type`
--

CREATE TABLE `inf_text_type` (
`ID` bigint(20) NOT NULL,
  `CODE` tinytext CHARACTER SET latin1,
  `DESCRIPTION` text,
  `SORT_KEY` bigint(20) DEFAULT NULL,
  `ACTIVE` char(1) CHARACTER SET latin1 DEFAULT 'Y',
  `DATE_CREATION` datetime DEFAULT NULL,
  `USER_CREATION` bigint(20) DEFAULT NULL,
  `DATE_UPDATE` datetime DEFAULT NULL,
  `USER_UPDATE` bigint(20) DEFAULT NULL
) ENGINE=InnoDB AUTO_INCREMENT=8 DEFAULT CHARSET=utf8;

--
-- Contenu de la table `inf_text_type`
--

INSERT INTO `inf_text_type` (`ID`, `CODE`, `DESCRIPTION`, `SORT_KEY`, `ACTIVE`, `DATE_CREATION`, `USER_CREATION`, `DATE_UPDATE`, `USER_UPDATE`) VALUES
(1, 'title', NULL, NULL, 'Y', NULL, NULL, NULL, NULL),
(2, 'message', NULL, NULL, 'Y', NULL, NULL, NULL, NULL),
(3, 'label', NULL, NULL, 'Y', NULL, NULL, NULL, NULL),
(4, 'help', NULL, NULL, 'Y', NULL, NULL, NULL, NULL),
(5, 'comment', NULL, NULL, 'Y', NULL, NULL, NULL, NULL),
(6, 'placeholder', NULL, NULL, 'Y', NULL, NULL, NULL, NULL),
(7, 'error', NULL, NULL, 'Y', NULL, NULL, NULL, NULL);

-- --------------------------------------------------------

--
-- Structure de la table `pm_attribute_exclud`
--

CREATE TABLE `pm_attribute_exclud` (
`ID` bigint(20) NOT NULL,
  `PAGE_ID` bigint(20) DEFAULT NULL,
  `INF_ITEM_CODE` tinytext,
  `CLT_MODULE_ID` bigint(20) DEFAULT NULL,
  `ACTIVE` char(1) CHARACTER SET latin1 DEFAULT 'Y',
  `DATE_CREATION` datetime DEFAULT NULL,
  `USER_CREATION` bigint(20) DEFAULT NULL,
  `DATE_UPDATE` datetime DEFAULT NULL,
  `USER_UPDATE` bigint(20) DEFAULT NULL
) ENGINE=InnoDB AUTO_INCREMENT=2 DEFAULT CHARSET=utf8;

--
-- Contenu de la table `pm_attribute_exclud`
--

INSERT INTO `pm_attribute_exclud` (`ID`, `PAGE_ID`, `INF_ITEM_CODE`, `CLT_MODULE_ID`, `ACTIVE`, `DATE_CREATION`, `USER_CREATION`, `DATE_UPDATE`, `USER_UPDATE`) VALUES
(1, 3, 'ok', 1, 'Y', NULL, NULL, NULL, NULL);

-- --------------------------------------------------------

--
-- Structure de la table `pm_attribute_validation`
--

CREATE TABLE `pm_attribute_validation` (
`ID` bigint(20) NOT NULL,
  `PAGE_ID` bigint(20) DEFAULT NULL,
  `INF_ITEM_CODE` tinytext,
  `VALIDATION_ID` bigint(20) DEFAULT NULL,
  `PARAMS` mediumtext CHARACTER SET latin1,
  `CUSTOM_ERROR` text CHARACTER SET latin1,
  `CLT_MODULE_ID` bigint(20) DEFAULT NULL,
  `ACTIVE` char(1) CHARACTER SET latin1 DEFAULT 'Y',
  `DATE_CREATION` datetime DEFAULT NULL,
  `USER_CREATION` bigint(20) DEFAULT NULL,
  `DATE_UPDATE` datetime DEFAULT NULL,
  `USER_UPDATE` bigint(20) DEFAULT NULL
) ENGINE=InnoDB AUTO_INCREMENT=286 DEFAULT CHARSET=utf8;

--
-- Contenu de la table `pm_attribute_validation`
--

INSERT INTO `pm_attribute_validation` (`ID`, `PAGE_ID`, `INF_ITEM_CODE`, `VALIDATION_ID`, `PARAMS`, `CUSTOM_ERROR`, `CLT_MODULE_ID`, `ACTIVE`, `DATE_CREATION`, `USER_CREATION`, `DATE_UPDATE`, `USER_UPDATE`) VALUES
(1, 1, 'page1.s1.name', 10, '', 'error', 1, 'Y', NULL, NULL, NULL, NULL),
(2, 1, 'page1.s1.name', 7, '', NULL, 1, 'Y', NULL, NULL, NULL, NULL),
(3, 1, 'page1.s1.name', 9, '3', NULL, 1, 'Y', NULL, NULL, NULL, NULL),
(5, 3, 'expense.s2.description', 10, NULL, NULL, 1, 'Y', NULL, NULL, NULL, NULL),
(7, 3, 'expense.s2.amount', 10, NULL, NULL, 1, 'Y', NULL, NULL, NULL, NULL),
(8, 3, 'expense.s2.amount', 2, NULL, NULL, 1, 'Y', NULL, NULL, NULL, NULL),
(10, 3, 'expense.s2.type', 10, NULL, NULL, 1, 'Y', NULL, NULL, NULL, NULL),
(11, 4, 'supplier.s1.type', 10, NULL, NULL, 1, 'Y', NULL, NULL, NULL, NULL),
(14, 4, 'supplier.s1.country', 10, NULL, NULL, 1, 'Y', NULL, NULL, NULL, NULL),
(15, 4, 'supplier.s1.city', 10, NULL, NULL, 1, 'Y', NULL, NULL, NULL, NULL),
(16, 4, 'supplier.s1.companyName', 10, NULL, NULL, 1, 'Y', NULL, NULL, NULL, NULL),
(18, 4, 'supplier.s1.fixedPhone', 10, NULL, NULL, 1, 'Y', NULL, NULL, NULL, NULL),
(19, 4, 'supplier.s1.adress', 10, NULL, NULL, 1, 'Y', NULL, NULL, NULL, NULL),
(20, 4, 'supplier.s1.email', 10, NULL, NULL, 1, 'Y', NULL, NULL, NULL, NULL),
(21, 4, 'supplier.s1.active', 10, NULL, NULL, 1, 'Y', NULL, NULL, NULL, NULL),
(22, 6, 'reception.s2.name', 10, '', 'error', 1, 'Y', NULL, NULL, NULL, NULL),
(24, 6, 'reception.s2.supplier', 10, '', '', 1, 'Y', NULL, NULL, NULL, NULL),
(31, 5, 'product.s2.designation', 10, NULL, NULL, 1, 'Y', NULL, NULL, NULL, NULL),
(32, 5, 'product.s2.quantity', 10, NULL, NULL, 1, 'Y', NULL, NULL, NULL, NULL),
(33, 5, 'product.s2.reference', 10, NULL, NULL, 1, 'Y', NULL, NULL, NULL, NULL),
(34, 5, 'product.s2.pricesale', 10, NULL, NULL, 1, 'Y', NULL, NULL, NULL, NULL),
(35, 5, 'product.s2.active', 10, NULL, NULL, 1, 'Y', NULL, NULL, NULL, NULL),
(36, 5, 'product.s2.status', 10, NULL, NULL, 1, 'Y', NULL, NULL, NULL, NULL),
(37, 5, 'product.s2.size', 10, NULL, NULL, 1, 'Y', NULL, NULL, NULL, NULL),
(38, 5, 'product.s2.family', 10, NULL, NULL, 1, 'Y', NULL, NULL, NULL, NULL),
(39, 5, 'product.s2.color', 10, NULL, NULL, 1, 'Y', NULL, NULL, NULL, NULL),
(40, 5, 'product.s2.save', 10, NULL, NULL, 1, 'Y', NULL, NULL, NULL, NULL),
(41, 5, 'product.s2.quantity', 1, NULL, NULL, 1, 'Y', NULL, NULL, NULL, NULL),
(42, 5, 'product.s2.pricesale', 2, NULL, NULL, 1, 'Y', NULL, NULL, NULL, NULL),
(43, 3, 'expense.s2.name', 10, NULL, NULL, 1, 'Y', NULL, NULL, NULL, NULL),
(44, 5, 'product.s2.priceBuy', 2, NULL, NULL, 1, 'Y', NULL, NULL, NULL, NULL),
(45, 5, 'product.s2.priceBuy', 10, NULL, NULL, 1, 'Y', NULL, NULL, NULL, NULL),
(46, 4, 'supplier.s1.postCode', 1, NULL, NULL, 1, 'Y', NULL, NULL, NULL, NULL),
(50, 7, 'customer.s1.adress', 10, NULL, NULL, 1, 'Y', NULL, NULL, NULL, NULL),
(51, 7, 'customer.s1.country', 10, NULL, NULL, 1, 'Y', NULL, NULL, NULL, NULL),
(52, 7, 'customer.s1.city', 10, NULL, NULL, 1, 'Y', NULL, NULL, NULL, NULL),
(53, 7, 'customer.s1.type', 10, NULL, NULL, 1, 'Y', NULL, NULL, NULL, NULL),
(54, 7, 'customer.s1.active', 10, NULL, NULL, 1, 'Y', NULL, NULL, NULL, NULL),
(55, 13, 'bonLivraison.s1.customer', 10, NULL, NULL, 1, 'Y', NULL, NULL, NULL, NULL),
(56, 13, 'bonLivraison.s1.description', 10, NULL, NULL, 1, 'Y', NULL, NULL, NULL, NULL),
(57, 1, 'page1.s1.name', 10, '', 'error', 3, 'Y', NULL, NULL, NULL, NULL),
(58, 1, 'page1.s1.name', 7, '', NULL, 3, 'Y', NULL, NULL, NULL, NULL),
(59, 1, 'page1.s1.name', 9, '3', NULL, 3, 'Y', NULL, NULL, NULL, NULL),
(60, 3, 'expense.s2.description', 10, NULL, NULL, 3, 'Y', NULL, NULL, NULL, NULL),
(61, 3, 'expense.s2.amount', 10, NULL, NULL, 3, 'Y', NULL, NULL, NULL, NULL),
(62, 3, 'expense.s2.amount', 2, NULL, NULL, 3, 'Y', NULL, NULL, NULL, NULL),
(63, 3, 'expense.s2.type', 10, NULL, NULL, 3, 'Y', NULL, NULL, NULL, NULL),
(64, 4, 'supplier.s1.type', 10, NULL, NULL, 3, 'Y', NULL, NULL, NULL, NULL),
(65, 4, 'supplier.s1.country', 10, NULL, NULL, 3, 'Y', NULL, NULL, NULL, NULL),
(66, 4, 'supplier.s1.city', 10, NULL, NULL, 3, 'Y', NULL, NULL, NULL, NULL),
(67, 4, 'supplier.s1.companyName', 10, NULL, NULL, 3, 'Y', NULL, NULL, NULL, NULL),
(68, 4, 'supplier.s1.fixedPhone', 10, NULL, NULL, 3, 'Y', NULL, NULL, NULL, NULL),
(69, 4, 'supplier.s1.adress', 10, NULL, NULL, 3, 'Y', NULL, NULL, NULL, NULL),
(70, 4, 'supplier.s1.email', 10, NULL, NULL, 3, 'Y', NULL, NULL, NULL, NULL),
(71, 4, 'supplier.s1.active', 10, NULL, NULL, 3, 'Y', NULL, NULL, NULL, NULL),
(72, 6, 'reception.s2.name', 10, '', 'error', 3, 'Y', NULL, NULL, NULL, NULL),
(73, 6, 'reception.s2.supplier', 10, '', '', 3, 'Y', NULL, NULL, NULL, NULL),
(74, 5, 'product.s2.designation', 10, NULL, NULL, 3, 'Y', NULL, NULL, NULL, NULL),
(75, 5, 'product.s2.quantity', 10, NULL, NULL, 3, 'Y', NULL, NULL, NULL, NULL),
(76, 5, 'product.s2.reference', 10, NULL, NULL, 3, 'Y', NULL, NULL, NULL, NULL),
(77, 5, 'product.s2.pricesale', 10, NULL, NULL, 3, 'Y', NULL, NULL, NULL, NULL),
(78, 5, 'product.s2.active', 10, NULL, NULL, 3, 'Y', NULL, NULL, NULL, NULL),
(79, 5, 'product.s2.status', 10, NULL, NULL, 3, 'Y', NULL, NULL, NULL, NULL),
(80, 5, 'product.s2.size', 10, NULL, NULL, 3, 'Y', NULL, NULL, NULL, NULL),
(81, 5, 'product.s2.family', 10, NULL, NULL, 3, 'Y', NULL, NULL, NULL, NULL),
(82, 5, 'product.s2.color', 10, NULL, NULL, 3, 'Y', NULL, NULL, NULL, NULL),
(83, 5, 'product.s2.save', 10, NULL, NULL, 3, 'Y', NULL, NULL, NULL, NULL),
(84, 5, 'product.s2.quantity', 1, NULL, NULL, 3, 'Y', NULL, NULL, NULL, NULL),
(85, 5, 'product.s2.pricesale', 2, NULL, NULL, 3, 'Y', NULL, NULL, NULL, NULL),
(86, 3, 'expense.s2.name', 10, NULL, NULL, 3, 'Y', NULL, NULL, NULL, NULL),
(87, 5, 'product.s2.priceBuy', 2, NULL, NULL, 3, 'Y', NULL, NULL, NULL, NULL),
(88, 5, 'product.s2.priceBuy', 10, NULL, NULL, 3, 'Y', NULL, NULL, NULL, NULL),
(89, 4, 'supplier.s1.postCode', 1, NULL, NULL, 3, 'Y', NULL, NULL, NULL, NULL),
(90, 7, 'customer.s1.adress', 10, NULL, NULL, 3, 'Y', NULL, NULL, NULL, NULL),
(91, 7, 'customer.s1.country', 10, NULL, NULL, 3, 'Y', NULL, NULL, NULL, NULL),
(92, 7, 'customer.s1.city', 10, NULL, NULL, 3, 'Y', NULL, NULL, NULL, NULL),
(93, 7, 'customer.s1.type', 10, NULL, NULL, 3, 'Y', NULL, NULL, NULL, NULL),
(94, 7, 'customer.s1.active', 10, NULL, NULL, 3, 'Y', NULL, NULL, NULL, NULL),
(95, 13, 'bonLivraison.s1.customer', 10, NULL, NULL, 3, 'Y', NULL, NULL, NULL, NULL),
(96, 13, 'bonLivraison.s1.description', 10, NULL, NULL, 3, 'Y', NULL, NULL, NULL, NULL),
(120, 1, 'page1.s1.name', 10, '', 'error', 4, 'Y', NULL, NULL, NULL, NULL),
(121, 1, 'page1.s1.name', 7, '', NULL, 4, 'Y', NULL, NULL, NULL, NULL),
(122, 1, 'page1.s1.name', 9, '3', NULL, 4, 'Y', NULL, NULL, NULL, NULL),
(123, 3, 'expense.s2.description', 10, NULL, NULL, 4, 'Y', NULL, NULL, NULL, NULL),
(124, 3, 'expense.s2.amount', 10, NULL, NULL, 4, 'Y', NULL, NULL, NULL, NULL),
(125, 3, 'expense.s2.amount', 2, NULL, NULL, 4, 'Y', NULL, NULL, NULL, NULL),
(126, 3, 'expense.s2.type', 10, NULL, NULL, 4, 'Y', NULL, NULL, NULL, NULL),
(127, 4, 'supplier.s1.type', 10, NULL, NULL, 4, 'Y', NULL, NULL, NULL, NULL),
(128, 4, 'supplier.s1.country', 10, NULL, NULL, 4, 'Y', NULL, NULL, NULL, NULL),
(129, 4, 'supplier.s1.city', 10, NULL, NULL, 4, 'Y', NULL, NULL, NULL, NULL),
(130, 4, 'supplier.s1.companyName', 10, NULL, NULL, 4, 'Y', NULL, NULL, NULL, NULL),
(131, 4, 'supplier.s1.fixedPhone', 10, NULL, NULL, 4, 'Y', NULL, NULL, NULL, NULL),
(132, 4, 'supplier.s1.adress', 10, NULL, NULL, 4, 'Y', NULL, NULL, NULL, NULL),
(133, 4, 'supplier.s1.email', 10, NULL, NULL, 4, 'Y', NULL, NULL, NULL, NULL),
(134, 4, 'supplier.s1.active', 10, NULL, NULL, 4, 'Y', NULL, NULL, NULL, NULL),
(135, 6, 'reception.s2.name', 10, '', 'error', 4, 'Y', NULL, NULL, NULL, NULL),
(136, 6, 'reception.s2.supplier', 10, '', '', 4, 'Y', NULL, NULL, NULL, NULL),
(137, 5, 'product.s2.designation', 10, NULL, NULL, 4, 'Y', NULL, NULL, NULL, NULL),
(138, 5, 'product.s2.quantity', 10, NULL, NULL, 4, 'Y', NULL, NULL, NULL, NULL),
(139, 5, 'product.s2.reference', 10, NULL, NULL, 4, 'Y', NULL, NULL, NULL, NULL),
(140, 5, 'product.s2.pricesale', 10, NULL, NULL, 4, 'Y', NULL, NULL, NULL, NULL),
(141, 5, 'product.s2.active', 10, NULL, NULL, 4, 'Y', NULL, NULL, NULL, NULL),
(142, 5, 'product.s2.status', 10, NULL, NULL, 4, 'Y', NULL, NULL, NULL, NULL),
(143, 5, 'product.s2.size', 10, NULL, NULL, 4, 'Y', NULL, NULL, NULL, NULL),
(144, 5, 'product.s2.family', 10, NULL, NULL, 4, 'Y', NULL, NULL, NULL, NULL),
(145, 5, 'product.s2.color', 10, NULL, NULL, 4, 'Y', NULL, NULL, NULL, NULL),
(146, 5, 'product.s2.save', 10, NULL, NULL, 4, 'Y', NULL, NULL, NULL, NULL),
(147, 5, 'product.s2.quantity', 1, NULL, NULL, 4, 'Y', NULL, NULL, NULL, NULL),
(148, 5, 'product.s2.pricesale', 2, NULL, NULL, 4, 'Y', NULL, NULL, NULL, NULL),
(149, 3, 'expense.s2.name', 10, NULL, NULL, 4, 'Y', NULL, NULL, NULL, NULL),
(150, 5, 'product.s2.priceBuy', 2, NULL, NULL, 4, 'Y', NULL, NULL, NULL, NULL),
(151, 5, 'product.s2.priceBuy', 10, NULL, NULL, 4, 'Y', NULL, NULL, NULL, NULL),
(152, 4, 'supplier.s1.postCode', 1, NULL, NULL, 4, 'Y', NULL, NULL, NULL, NULL),
(153, 7, 'customer.s1.adress', 10, NULL, NULL, 4, 'Y', NULL, NULL, NULL, NULL),
(154, 7, 'customer.s1.country', 10, NULL, NULL, 4, 'Y', NULL, NULL, NULL, NULL),
(155, 7, 'customer.s1.city', 10, NULL, NULL, 4, 'Y', NULL, NULL, NULL, NULL),
(156, 7, 'customer.s1.type', 10, NULL, NULL, 4, 'Y', NULL, NULL, NULL, NULL),
(157, 7, 'customer.s1.active', 10, NULL, NULL, 4, 'Y', NULL, NULL, NULL, NULL),
(158, 13, 'bonLivraison.s1.customer', 10, NULL, NULL, 4, 'Y', NULL, NULL, NULL, NULL),
(159, 13, 'bonLivraison.s1.description', 10, NULL, NULL, 4, 'Y', NULL, NULL, NULL, NULL),
(183, 1, 'page1.s1.name', 10, '', 'error', 5, 'Y', NULL, NULL, NULL, NULL),
(184, 1, 'page1.s1.name', 7, '', NULL, 5, 'Y', NULL, NULL, NULL, NULL),
(185, 1, 'page1.s1.name', 9, '3', NULL, 5, 'Y', NULL, NULL, NULL, NULL),
(186, 3, 'expense.s2.description', 10, NULL, NULL, 5, 'Y', NULL, NULL, NULL, NULL),
(187, 3, 'expense.s2.amount', 10, NULL, NULL, 5, 'Y', NULL, NULL, NULL, NULL),
(188, 3, 'expense.s2.amount', 2, NULL, NULL, 5, 'Y', NULL, NULL, NULL, NULL),
(189, 3, 'expense.s2.type', 10, NULL, NULL, 5, 'Y', NULL, NULL, NULL, NULL),
(190, 4, 'supplier.s1.type', 10, NULL, NULL, 5, 'Y', NULL, NULL, NULL, NULL),
(191, 4, 'supplier.s1.country', 10, NULL, NULL, 5, 'Y', NULL, NULL, NULL, NULL),
(192, 4, 'supplier.s1.city', 10, NULL, NULL, 5, 'Y', NULL, NULL, NULL, NULL),
(193, 4, 'supplier.s1.companyName', 10, NULL, NULL, 5, 'Y', NULL, NULL, NULL, NULL),
(194, 4, 'supplier.s1.fixedPhone', 10, NULL, NULL, 5, 'Y', NULL, NULL, NULL, NULL),
(195, 4, 'supplier.s1.adress', 10, NULL, NULL, 5, 'Y', NULL, NULL, NULL, NULL),
(196, 4, 'supplier.s1.email', 10, NULL, NULL, 5, 'Y', NULL, NULL, NULL, NULL),
(197, 4, 'supplier.s1.active', 10, NULL, NULL, 5, 'Y', NULL, NULL, NULL, NULL),
(198, 6, 'reception.s2.name', 10, '', 'error', 5, 'Y', NULL, NULL, NULL, NULL),
(199, 6, 'reception.s2.supplier', 10, '', '', 5, 'Y', NULL, NULL, NULL, NULL),
(200, 5, 'product.s2.designation', 10, NULL, NULL, 5, 'Y', NULL, NULL, NULL, NULL),
(201, 5, 'product.s2.quantity', 10, NULL, NULL, 5, 'Y', NULL, NULL, NULL, NULL),
(202, 5, 'product.s2.reference', 10, NULL, NULL, 5, 'Y', NULL, NULL, NULL, NULL),
(203, 5, 'product.s2.pricesale', 10, NULL, NULL, 5, 'Y', NULL, NULL, NULL, NULL),
(204, 5, 'product.s2.active', 10, NULL, NULL, 5, 'Y', NULL, NULL, NULL, NULL),
(205, 5, 'product.s2.status', 10, NULL, NULL, 5, 'Y', NULL, NULL, NULL, NULL),
(206, 5, 'product.s2.size', 10, NULL, NULL, 5, 'Y', NULL, NULL, NULL, NULL),
(207, 5, 'product.s2.family', 10, NULL, NULL, 5, 'Y', NULL, NULL, NULL, NULL),
(208, 5, 'product.s2.color', 10, NULL, NULL, 5, 'Y', NULL, NULL, NULL, NULL),
(209, 5, 'product.s2.save', 10, NULL, NULL, 5, 'Y', NULL, NULL, NULL, NULL),
(210, 5, 'product.s2.quantity', 1, NULL, NULL, 5, 'Y', NULL, NULL, NULL, NULL),
(211, 5, 'product.s2.pricesale', 2, NULL, NULL, 5, 'Y', NULL, NULL, NULL, NULL),
(212, 3, 'expense.s2.name', 10, NULL, NULL, 5, 'Y', NULL, NULL, NULL, NULL),
(213, 5, 'product.s2.priceBuy', 2, NULL, NULL, 5, 'Y', NULL, NULL, NULL, NULL),
(214, 5, 'product.s2.priceBuy', 10, NULL, NULL, 5, 'Y', NULL, NULL, NULL, NULL),
(215, 4, 'supplier.s1.postCode', 1, NULL, NULL, 5, 'Y', NULL, NULL, NULL, NULL),
(216, 7, 'customer.s1.adress', 10, NULL, NULL, 5, 'Y', NULL, NULL, NULL, NULL),
(217, 7, 'customer.s1.country', 10, NULL, NULL, 5, 'Y', NULL, NULL, NULL, NULL),
(218, 7, 'customer.s1.city', 10, NULL, NULL, 5, 'Y', NULL, NULL, NULL, NULL),
(219, 7, 'customer.s1.type', 10, NULL, NULL, 5, 'Y', NULL, NULL, NULL, NULL),
(220, 7, 'customer.s1.active', 10, NULL, NULL, 5, 'Y', NULL, NULL, NULL, NULL),
(221, 13, 'bonLivraison.s1.customer', 10, NULL, NULL, 5, 'Y', NULL, NULL, NULL, NULL),
(222, 13, 'bonLivraison.s1.description', 10, NULL, NULL, 5, 'Y', NULL, NULL, NULL, NULL),
(246, 1, 'page1.s1.name', 10, '', 'error', 6, 'Y', NULL, NULL, NULL, NULL),
(247, 1, 'page1.s1.name', 7, '', NULL, 6, 'Y', NULL, NULL, NULL, NULL),
(248, 1, 'page1.s1.name', 9, '3', NULL, 6, 'Y', NULL, NULL, NULL, NULL),
(249, 3, 'expense.s2.description', 10, NULL, NULL, 6, 'Y', NULL, NULL, NULL, NULL),
(250, 3, 'expense.s2.amount', 10, NULL, NULL, 6, 'Y', NULL, NULL, NULL, NULL),
(251, 3, 'expense.s2.amount', 2, NULL, NULL, 6, 'Y', NULL, NULL, NULL, NULL),
(252, 3, 'expense.s2.type', 10, NULL, NULL, 6, 'Y', NULL, NULL, NULL, NULL),
(253, 4, 'supplier.s1.type', 10, NULL, NULL, 6, 'Y', NULL, NULL, NULL, NULL),
(254, 4, 'supplier.s1.country', 10, NULL, NULL, 6, 'Y', NULL, NULL, NULL, NULL),
(255, 4, 'supplier.s1.city', 10, NULL, NULL, 6, 'Y', NULL, NULL, NULL, NULL),
(256, 4, 'supplier.s1.companyName', 10, NULL, NULL, 6, 'Y', NULL, NULL, NULL, NULL),
(257, 4, 'supplier.s1.fixedPhone', 10, NULL, NULL, 6, 'Y', NULL, NULL, NULL, NULL),
(258, 4, 'supplier.s1.adress', 10, NULL, NULL, 6, 'Y', NULL, NULL, NULL, NULL),
(259, 4, 'supplier.s1.email', 10, NULL, NULL, 6, 'Y', NULL, NULL, NULL, NULL),
(260, 4, 'supplier.s1.active', 10, NULL, NULL, 6, 'Y', NULL, NULL, NULL, NULL),
(261, 6, 'reception.s2.name', 10, '', 'error', 6, 'Y', NULL, NULL, NULL, NULL),
(262, 6, 'reception.s2.supplier', 10, '', '', 6, 'Y', NULL, NULL, NULL, NULL),
(263, 5, 'product.s2.designation', 10, NULL, NULL, 6, 'Y', NULL, NULL, NULL, NULL),
(264, 5, 'product.s2.quantity', 10, NULL, NULL, 6, 'Y', NULL, NULL, NULL, NULL),
(265, 5, 'product.s2.reference', 10, NULL, NULL, 6, 'Y', NULL, NULL, NULL, NULL),
(266, 5, 'product.s2.pricesale', 10, NULL, NULL, 6, 'Y', NULL, NULL, NULL, NULL),
(267, 5, 'product.s2.active', 10, NULL, NULL, 6, 'Y', NULL, NULL, NULL, NULL),
(268, 5, 'product.s2.status', 10, NULL, NULL, 6, 'Y', NULL, NULL, NULL, NULL),
(269, 5, 'product.s2.size', 10, NULL, NULL, 6, 'Y', NULL, NULL, NULL, NULL),
(270, 5, 'product.s2.family', 10, NULL, NULL, 6, 'Y', NULL, NULL, NULL, NULL),
(271, 5, 'product.s2.color', 10, NULL, NULL, 6, 'Y', NULL, NULL, NULL, NULL),
(272, 5, 'product.s2.save', 10, NULL, NULL, 6, 'Y', NULL, NULL, NULL, NULL),
(273, 5, 'product.s2.quantity', 1, NULL, NULL, 6, 'Y', NULL, NULL, NULL, NULL),
(274, 5, 'product.s2.pricesale', 2, NULL, NULL, 6, 'Y', NULL, NULL, NULL, NULL),
(275, 3, 'expense.s2.name', 10, NULL, NULL, 6, 'Y', NULL, NULL, NULL, NULL),
(276, 5, 'product.s2.priceBuy', 2, NULL, NULL, 6, 'Y', NULL, NULL, NULL, NULL),
(277, 5, 'product.s2.priceBuy', 10, NULL, NULL, 6, 'Y', NULL, NULL, NULL, NULL),
(278, 4, 'supplier.s1.postCode', 1, NULL, NULL, 6, 'Y', NULL, NULL, NULL, NULL),
(279, 7, 'customer.s1.adress', 10, NULL, NULL, 6, 'Y', NULL, NULL, NULL, NULL),
(280, 7, 'customer.s1.country', 10, NULL, NULL, 6, 'Y', NULL, NULL, NULL, NULL),
(281, 7, 'customer.s1.city', 10, NULL, NULL, 6, 'Y', NULL, NULL, NULL, NULL),
(282, 7, 'customer.s1.type', 10, NULL, NULL, 6, 'Y', NULL, NULL, NULL, NULL),
(283, 7, 'customer.s1.active', 10, NULL, NULL, 6, 'Y', NULL, NULL, NULL, NULL),
(284, 13, 'bonLivraison.s1.customer', 10, NULL, NULL, 6, 'Y', NULL, NULL, NULL, NULL),
(285, 13, 'bonLivraison.s1.description', 10, NULL, NULL, 6, 'Y', NULL, NULL, NULL, NULL);

-- --------------------------------------------------------

--
-- Structure de la table `pm_category`
--

CREATE TABLE `pm_category` (
`ID` bigint(20) NOT NULL,
  `NAME` tinytext,
  `DESCRIPTION` text,
  `DATE_CREATION` datetime DEFAULT NULL,
  `USER_CREATION` bigint(20) DEFAULT NULL,
  `DATE_UPDATE` datetime DEFAULT NULL,
  `USER_UPDATE` bigint(20) DEFAULT NULL,
  `ACTIVE` char(1) CHARACTER SET latin1 DEFAULT NULL,
  `CATEGORY_TYPE_ID` bigint(20) DEFAULT NULL,
  `SORT_KEY` bigint(20) DEFAULT NULL
) ENGINE=InnoDB AUTO_INCREMENT=9 DEFAULT CHARSET=utf8;

--
-- Contenu de la table `pm_category`
--

INSERT INTO `pm_category` (`ID`, `NAME`, `DESCRIPTION`, `DATE_CREATION`, `USER_CREATION`, `DATE_UPDATE`, `USER_UPDATE`, `ACTIVE`, `CATEGORY_TYPE_ID`, `SORT_KEY`) VALUES
(1, 'Fichiers', 'Fichiers', NULL, NULL, NULL, NULL, 'Y', 1, 1),
(2, 'Entrées : Fournisseur', 'Entrées', NULL, NULL, NULL, NULL, 'Y', 1, 2),
(3, 'Sorties : Client', 'Sorties', NULL, NULL, NULL, NULL, 'Y', 1, 3),
(4, 'Edition', 'Edition', '2014-11-13 00:00:00', NULL, NULL, NULL, 'Y', 1, 4),
(5, 'Divers', 'Divers', NULL, NULL, NULL, NULL, 'Y', 1, 6),
(6, 'Rapport', 'Rapport', NULL, NULL, NULL, NULL, 'Y', 1, 4),
(7, 'Configuration', 'Configuration', NULL, NULL, NULL, NULL, 'Y', 1, 7),
(8, 'Paramétrage', 'Paramétrage', NULL, NULL, NULL, NULL, 'Y', 1, 8);

-- --------------------------------------------------------

--
-- Structure de la table `pm_category_type`
--

CREATE TABLE `pm_category_type` (
`ID` bigint(20) NOT NULL,
  `NAME` tinytext CHARACTER SET latin1,
  `DESCRIPTION` text,
  `SORT_KEY` bigint(20) DEFAULT NULL,
  `ACTIVE` char(1) CHARACTER SET latin1 DEFAULT NULL,
  `DATE_CREATION` datetime DEFAULT NULL,
  `USER_CREATION` bigint(20) DEFAULT NULL,
  `DATE_UPDATE` datetime DEFAULT NULL,
  `USER_UPDATE` bigint(20) DEFAULT NULL
) ENGINE=InnoDB AUTO_INCREMENT=6 DEFAULT CHARSET=utf8;

--
-- Contenu de la table `pm_category_type`
--

INSERT INTO `pm_category_type` (`ID`, `NAME`, `DESCRIPTION`, `SORT_KEY`, `ACTIVE`, `DATE_CREATION`, `USER_CREATION`, `DATE_UPDATE`, `USER_UPDATE`) VALUES
(1, 'Header', 'DFFF', 1, 'Y', NULL, NULL, NULL, NULL),
(2, 'Sub Header', ' FGGE', 2, 'Y', NULL, NULL, NULL, NULL),
(3, 'Principal', ' FERT', 3, 'Y', NULL, NULL, NULL, NULL),
(4, 'Footer', 'FFZF', 5, 'Y', NULL, NULL, NULL, NULL),
(5, 'Footer', '  GGDZ', 4, 'Y', NULL, NULL, NULL, NULL);

-- --------------------------------------------------------

--
-- Structure de la table `pm_component`
--

CREATE TABLE `pm_component` (
`ID` bigint(20) NOT NULL,
  `NAME` tinytext,
  `DESCRIPTION` tinytext,
  `ACTIVE` char(1) CHARACTER SET latin1 DEFAULT 'Y',
  `SORT_KEY` bigint(20) DEFAULT NULL,
  `DATE_CREATION` datetime DEFAULT NULL,
  `USER_CREATION` tinytext,
  `DATE_UPDATE` datetime DEFAULT NULL,
  `USER_UPDATE` tinytext
) ENGINE=InnoDB AUTO_INCREMENT=7 DEFAULT CHARSET=utf8;

--
-- Contenu de la table `pm_component`
--

INSERT INTO `pm_component` (`ID`, `NAME`, `DESCRIPTION`, `ACTIVE`, `SORT_KEY`, `DATE_CREATION`, `USER_CREATION`, `DATE_UPDATE`, `USER_UPDATE`) VALUES
(1, 'inpuText', NULL, 'Y', 1, NULL, NULL, NULL, NULL),
(2, 'textarea', NULL, 'Y', 2, NULL, NULL, NULL, NULL),
(3, 'comobox', NULL, 'Y', 3, NULL, NULL, NULL, NULL),
(4, 'table', NULL, 'Y', 4, NULL, NULL, NULL, NULL),
(5, 'column', NULL, 'Y', 5, NULL, NULL, NULL, NULL),
(6, 'other', NULL, 'Y', 6, NULL, NULL, NULL, NULL);

-- --------------------------------------------------------

--
-- Structure de la table `pm_composition`
--

CREATE TABLE `pm_composition` (
`ID` bigint(20) NOT NULL,
  `CLT_MODULE_ID` bigint(20) DEFAULT NULL,
  `GROUP_ID` bigint(20) DEFAULT NULL,
  `CATEGORY_ID` bigint(20) DEFAULT NULL,
  `MENU_ID` bigint(20) DEFAULT NULL,
  `PAGE_ID` bigint(20) DEFAULT NULL,
  `INDEX_SHOW` char(1) DEFAULT NULL,
  `GROUP_SORT` bigint(20) DEFAULT NULL,
  `MENU_SORT` bigint(20) DEFAULT NULL,
  `CATEGORY_SORT` bigint(20) DEFAULT NULL,
  `PAGE_SORT` bigint(20) DEFAULT NULL,
  `INDEX_SORT` bigint(20) DEFAULT NULL,
  `ACTIVE` char(1) CHARACTER SET latin1 DEFAULT 'Y',
  `DATE_CREATION` datetime DEFAULT NULL,
  `USER_CREATION` bigint(20) DEFAULT NULL,
  `DATE_UPDATE` datetime DEFAULT NULL,
  `USER_UPDATE` bigint(20) DEFAULT NULL
) ENGINE=InnoDB AUTO_INCREMENT=214 DEFAULT CHARSET=utf8;

--
-- Contenu de la table `pm_composition`
--

INSERT INTO `pm_composition` (`ID`, `CLT_MODULE_ID`, `GROUP_ID`, `CATEGORY_ID`, `MENU_ID`, `PAGE_ID`, `INDEX_SHOW`, `GROUP_SORT`, `MENU_SORT`, `CATEGORY_SORT`, `PAGE_SORT`, `INDEX_SORT`, `ACTIVE`, `DATE_CREATION`, `USER_CREATION`, `DATE_UPDATE`, `USER_UPDATE`) VALUES
(31, 3, 3, 2, 8, 6, '', 1, 1, 2, 1, NULL, 'Y', NULL, NULL, NULL, NULL),
(32, 3, 3, 4, 6, 3, '', 1, 1, 4, 1, 0, 'Y', NULL, NULL, NULL, NULL),
(33, 3, 3, 2, 7, 4, '', 1, 1, 2, 1, 0, 'Y', NULL, NULL, NULL, NULL),
(34, 3, 2, 5, 12, 3, '', 1, 6, 6, 1, NULL, 'Y', NULL, NULL, NULL, NULL),
(39, 3, 2, 2, 13, 4, NULL, 1, 2, 2, 1, NULL, 'Y', NULL, NULL, NULL, NULL),
(41, 3, 2, 1, 14, 5, NULL, 1, 1, 1, NULL, NULL, 'N', NULL, NULL, NULL, NULL),
(42, 3, 2, 1, 15, 6, NULL, 1, 3, 1, NULL, NULL, 'Y', NULL, NULL, NULL, NULL),
(44, 3, 3, 3, 18, 7, NULL, 1, 1, 2, 1, NULL, 'Y', NULL, NULL, NULL, NULL),
(48, 3, 3, 2, 20, 9, NULL, 1, 1, 2, 1, NULL, 'Y', NULL, NULL, NULL, NULL),
(60, 3, 3, 1, 22, 11, NULL, 1, NULL, 1, NULL, NULL, 'Y', NULL, NULL, NULL, NULL),
(61, 3, 3, 1, 23, 12, NULL, 1, NULL, 1, NULL, NULL, 'Y', NULL, NULL, NULL, NULL),
(62, 3, 3, 3, 24, 13, NULL, 1, NULL, 3, NULL, NULL, 'Y', NULL, NULL, NULL, NULL),
(63, 3, 3, 3, 25, 14, NULL, 1, NULL, 3, NULL, NULL, 'Y', NULL, NULL, NULL, NULL),
(64, 3, 3, 3, 26, 15, NULL, 1, NULL, 3, NULL, NULL, 'Y', NULL, NULL, NULL, NULL),
(65, 3, 3, 6, 27, 16, NULL, 1, 2, 5, NULL, NULL, 'Y', NULL, NULL, NULL, NULL),
(66, 3, 3, 4, 28, 17, NULL, 1, NULL, 4, NULL, NULL, 'Y', NULL, NULL, NULL, NULL),
(67, 3, 3, 4, 29, 18, NULL, 1, NULL, 4, NULL, NULL, 'Y', NULL, NULL, NULL, NULL),
(68, 3, 3, 5, 32, 19, NULL, 1, NULL, 6, NULL, NULL, 'Y', NULL, NULL, NULL, NULL),
(69, 3, 3, 1, 2, 5, NULL, 1, 3, NULL, NULL, NULL, 'N', NULL, NULL, NULL, NULL),
(70, 3, 2, 1, 30, 13, NULL, 1, 5, NULL, NULL, NULL, 'Y', NULL, NULL, NULL, NULL),
(71, 3, 2, 1, 17, 7, NULL, 1, 4, NULL, NULL, NULL, 'Y', NULL, NULL, NULL, NULL),
(72, 3, 3, 5, 31, 20, NULL, 1, NULL, NULL, NULL, NULL, 'Y', NULL, NULL, NULL, NULL),
(188, 1, 3, 8, 33, 21, '', 1, 1, 1, 1, NULL, 'Y', NULL, NULL, NULL, NULL),
(190, 1, 3, 8, 35, 23, '', 1, 1, 1, 1, NULL, 'Y', NULL, NULL, NULL, NULL),
(193, 1, 3, 8, 34, 22, '', 1, 1, 1, 1, NULL, 'Y', NULL, NULL, NULL, NULL),
(196, 1, 3, 8, 36, 24, '', 1, 1, 1, 1, NULL, 'Y', NULL, NULL, NULL, NULL),
(197, 1, 3, 7, 38, 26, '', 1, 1, 2, 1, NULL, 'Y', NULL, NULL, NULL, NULL),
(198, 1, 3, 7, 37, 25, '', 1, 1, 2, 1, NULL, 'Y', NULL, NULL, NULL, NULL),
(199, 1, 3, 7, 39, 27, '', 1, 1, 2, 1, NULL, 'Y', NULL, NULL, NULL, NULL),
(200, 2, 3, 8, 33, 21, '', 1, 1, 1, 1, NULL, 'Y', NULL, NULL, NULL, NULL),
(201, 2, 3, 8, 35, 23, '', 1, 1, 1, 1, NULL, 'Y', NULL, NULL, NULL, NULL),
(202, 2, 3, 8, 34, 22, '', 1, 1, 1, 1, NULL, 'Y', NULL, NULL, NULL, NULL),
(203, 2, 3, 8, 36, 24, '', 1, 1, 1, 1, NULL, 'Y', NULL, NULL, NULL, NULL),
(204, 2, 3, 7, 38, 26, '', 1, 1, 2, 1, NULL, 'Y', NULL, NULL, NULL, NULL),
(205, 2, 3, 7, 37, 25, '', 1, 1, 2, 1, NULL, 'Y', NULL, NULL, NULL, NULL),
(206, 2, 3, 7, 39, 27, '', 1, 1, 2, 1, NULL, 'Y', NULL, NULL, NULL, NULL),
(207, 3, 3, 8, 33, 21, '', 1, 1, 1, 1, NULL, 'Y', NULL, NULL, NULL, NULL),
(208, 3, 3, 8, 35, 23, '', 1, 1, 1, 1, NULL, 'Y', NULL, NULL, NULL, NULL),
(209, 3, 3, 8, 34, 22, '', 1, 1, 1, 1, NULL, 'Y', NULL, NULL, NULL, NULL),
(210, 3, 3, 8, 36, 24, '', 1, 1, 1, 1, NULL, 'Y', NULL, NULL, NULL, NULL),
(211, 3, 3, 7, 38, 26, '', 1, 1, 2, 1, NULL, 'Y', NULL, NULL, NULL, NULL),
(212, 3, 3, 7, 37, 25, '', 1, 1, 2, 1, NULL, 'Y', NULL, NULL, NULL, NULL),
(213, 3, 3, 7, 39, 27, '', 1, 1, 2, 1, NULL, 'Y', NULL, NULL, NULL, NULL);

-- --------------------------------------------------------

--
-- Structure de la table `pm_data_type`
--

CREATE TABLE `pm_data_type` (
`ID` bigint(20) NOT NULL,
  `NAME` tinytext,
  `DESCRIPTION` text,
  `SORT_KEY` bigint(20) DEFAULT NULL,
  `ACTIVE` char(1) DEFAULT 'Y',
  `DATE_CREATION` datetime DEFAULT NULL,
  `USER_CREATION` bigint(20) DEFAULT NULL,
  `DATE_UPDATE` datetime DEFAULT NULL,
  `USER_UPDATE` bigint(20) DEFAULT NULL,
  `PARAM_NUMBER` bigint(20) DEFAULT '1',
  `PARAMS` tinytext,
  `ERROR_MESSAGE` tinytext,
  `HELP` tinytext
) ENGINE=InnoDB AUTO_INCREMENT=6 DEFAULT CHARSET=utf8;

--
-- Contenu de la table `pm_data_type`
--

INSERT INTO `pm_data_type` (`ID`, `NAME`, `DESCRIPTION`, `SORT_KEY`, `ACTIVE`, `DATE_CREATION`, `USER_CREATION`, `DATE_UPDATE`, `USER_UPDATE`, `PARAM_NUMBER`, `PARAMS`, `ERROR_MESSAGE`, `HELP`) VALUES
(1, 'Texte', NULL, 1, 'Y', NULL, NULL, NULL, NULL, 1, 'String', 'validation.v1.dataTypeString', NULL),
(2, 'Caractère', NULL, 2, 'Y', NULL, NULL, NULL, NULL, 1, 'Char', 'validation.v1.dataTypeChar', NULL),
(3, 'Nombre entière', NULL, 3, 'Y', NULL, NULL, NULL, NULL, 1, 'Integer', 'validation.v1.dataTypeInteger', NULL),
(4, 'Nombre réel', NULL, 4, 'Y', NULL, NULL, NULL, NULL, 1, 'Double', 'validation.v1.dataTypeDouble', NULL),
(5, 'datetime', NULL, 5, 'Y', NULL, NULL, NULL, NULL, 1, 'DateTime', 'validation.v1.dataTypeDateTime', NULL);

-- --------------------------------------------------------

--
-- Structure de la table `pm_format_type`
--

CREATE TABLE `pm_format_type` (
`ID` bigint(20) NOT NULL,
  `NAME` tinytext,
  `DESCRIPTION` text,
  `SORT_KEY` bigint(20) DEFAULT NULL,
  `ACTIVE` char(1) DEFAULT 'Y',
  `DATE_CREATION` datetime DEFAULT NULL,
  `USER_CREATION` bigint(20) DEFAULT NULL,
  `DATE_UPDATE` datetime DEFAULT NULL,
  `USER_UPDATE` bigint(20) DEFAULT NULL,
  `PARAM_NUMBER` bigint(20) DEFAULT '1',
  `PARAMS` tinytext,
  `ERROR_MESSAGE` tinytext,
  `HELP` tinytext
) ENGINE=InnoDB AUTO_INCREMENT=10 DEFAULT CHARSET=utf8;

--
-- Contenu de la table `pm_format_type`
--

INSERT INTO `pm_format_type` (`ID`, `NAME`, `DESCRIPTION`, `SORT_KEY`, `ACTIVE`, `DATE_CREATION`, `USER_CREATION`, `DATE_UPDATE`, `USER_UPDATE`, `PARAM_NUMBER`, `PARAMS`, `ERROR_MESSAGE`, `HELP`) VALUES
(1, 'None', NULL, NULL, 'Y', NULL, NULL, NULL, NULL, 1, 'none', 'validation.v1.formatTypeNone', NULL),
(2, 'Email', NULL, NULL, 'Y', NULL, NULL, NULL, NULL, 1, 'mail', 'validation.v1.formatTypeEmail', NULL),
(3, 'Phone', NULL, NULL, 'Y', NULL, NULL, NULL, NULL, 1, 'phone', 'validation.v1.formatTypePhone', NULL),
(4, 'Fax', NULL, NULL, 'Y', NULL, NULL, NULL, NULL, 1, 'fax', 'validation.v1.formatTypeFax', NULL),
(5, 'Code postale', NULL, NULL, 'Y', NULL, NULL, NULL, NULL, 1, 'codePostale', 'validation.v1.formatTypeCodePostale', NULL),
(6, 'Date', NULL, NULL, 'Y', NULL, NULL, NULL, NULL, 1, 'date', 'validation.v1.formatTypeDate', NULL),
(7, 'Time', NULL, NULL, 'Y', NULL, NULL, NULL, NULL, 1, 'time', 'validation.v1.formatTypeTime', NULL),
(8, 'DateTime', NULL, NULL, 'Y', NULL, NULL, NULL, NULL, 1, 'datetime', 'validation.v1.formatTypeDateTime', NULL),
(9, 'Pattern', NULL, NULL, 'Y', NULL, NULL, NULL, NULL, 1, NULL, 'validation.v1.formatTypePattern', NULL);

-- --------------------------------------------------------

--
-- Structure de la table `pm_group`
--

CREATE TABLE `pm_group` (
`ID` bigint(20) NOT NULL,
  `NAME` tinytext,
  `DESCRIPTION` text,
  `GROUP_TYPE_ID` bigint(20) DEFAULT NULL,
  `SORT_KEY` bigint(20) DEFAULT NULL,
  `ACTIVE` char(1) CHARACTER SET latin1 DEFAULT 'Y',
  `DATE_CREATION` datetime DEFAULT NULL,
  `USER_CREATION` bigint(20) DEFAULT NULL,
  `DATE_UPDATE` datetime DEFAULT NULL,
  `USER_UPDATE` bigint(20) DEFAULT NULL
) ENGINE=InnoDB AUTO_INCREMENT=5 DEFAULT CHARSET=utf8;

--
-- Contenu de la table `pm_group`
--

INSERT INTO `pm_group` (`ID`, `NAME`, `DESCRIPTION`, `GROUP_TYPE_ID`, `SORT_KEY`, `ACTIVE`, `DATE_CREATION`, `USER_CREATION`, `DATE_UPDATE`, `USER_UPDATE`) VALUES
(1, 'Header', 'header', 1, 1, 'Y', NULL, NULL, NULL, NULL),
(2, 'sub Header', 'sub Header', 1, 1, 'Y', NULL, NULL, NULL, NULL),
(3, 'Menu', 'Menu', 1, 1, 'Y', NULL, NULL, NULL, NULL),
(4, 'Footer', 'Footer', 1, 1, 'Y', NULL, NULL, NULL, NULL);

-- --------------------------------------------------------

--
-- Structure de la table `pm_group_type`
--

CREATE TABLE `pm_group_type` (
`ID` bigint(20) NOT NULL,
  `NAME` tinytext,
  `DESCRIPTION` text,
  `SORT_KEY` bigint(20) DEFAULT NULL,
  `ACTIVE` char(1) CHARACTER SET latin1 DEFAULT 'Y',
  `DATE_CREATION` datetime DEFAULT NULL,
  `USER_CREATION` bigint(20) DEFAULT NULL,
  `DATE_UPDATE` datetime DEFAULT NULL,
  `USER_UPDATE` bigint(20) DEFAULT NULL
) ENGINE=InnoDB AUTO_INCREMENT=3 DEFAULT CHARSET=utf8;

--
-- Contenu de la table `pm_group_type`
--

INSERT INTO `pm_group_type` (`ID`, `NAME`, `DESCRIPTION`, `SORT_KEY`, `ACTIVE`, `DATE_CREATION`, `USER_CREATION`, `DATE_UPDATE`, `USER_UPDATE`) VALUES
(1, 'Simple', 'Simple', 1, 'Y', NULL, NULL, NULL, NULL),
(2, 'Avancée', 'Avancée', 1, 'Y', NULL, NULL, NULL, NULL);

-- --------------------------------------------------------

--
-- Structure de la table `pm_menu`
--

CREATE TABLE `pm_menu` (
`ID` bigint(20) NOT NULL,
  `NAME` tinytext,
  `DESCRIPTION` text,
  `MENU_TYPE_ID` bigint(20) DEFAULT NULL,
  `SORT_KEY` bigint(20) DEFAULT NULL,
  `ACTIVE` char(1) CHARACTER SET latin1 DEFAULT 'Y',
  `DATE_CREATION` datetime DEFAULT NULL,
  `USER_CREATION` bigint(20) DEFAULT NULL,
  `DATE_UPDATE` datetime DEFAULT NULL,
  `USER_UPDATE` bigint(20) DEFAULT NULL
) ENGINE=InnoDB AUTO_INCREMENT=40 DEFAULT CHARSET=utf8;

--
-- Contenu de la table `pm_menu`
--

INSERT INTO `pm_menu` (`ID`, `NAME`, `DESCRIPTION`, `MENU_TYPE_ID`, `SORT_KEY`, `ACTIVE`, `DATE_CREATION`, `USER_CREATION`, `DATE_UPDATE`, `USER_UPDATE`) VALUES
(1, 'Page de TEST', 'Page de TEST', 1, 1, 'Y', NULL, NULL, NULL, NULL),
(2, 'Gestion des produits', 'sec 2 ', 1, 2, 'Y', NULL, NULL, NULL, NULL),
(6, 'Gestion des dépenses', 'General', 1, 1, 'Y', NULL, NULL, NULL, NULL),
(7, 'Gestion des fournisseurs   ', 'Menu : add admin', 1, NULL, 'Y', NULL, NULL, NULL, NULL),
(8, 'Gestion des réception', 'Gestion des dépenses', 1, 1, 'Y', NULL, NULL, NULL, NULL),
(11, 'Réception', 'Réception', 1, 1, 'Y', NULL, NULL, NULL, NULL),
(12, 'Dépense', NULL, 1, 1, 'Y', NULL, NULL, NULL, NULL),
(13, 'Fournisseurs', NULL, 1, 1, 'Y', NULL, NULL, NULL, NULL),
(14, 'Produits', NULL, 1, 1, 'Y', NULL, NULL, NULL, NULL),
(15, 'Réception', NULL, 1, 1, 'Y', NULL, NULL, NULL, NULL),
(17, 'Client', 'Client', 1, 1, 'Y', NULL, NULL, NULL, NULL),
(18, 'Gestion des clients', 'Gestion des clients', 1, 1, 'Y', NULL, NULL, NULL, NULL),
(19, 'Validation des réceptions', 'Validation des réceptions', 1, 1, 'Y', NULL, NULL, NULL, NULL),
(20, 'Historique des réceptions', 'Historique des réceptions', 1, 1, 'Y', NULL, NULL, NULL, NULL),
(21, 'Promotion des produits', 'Promotion des produits', 1, 1, 'Y', NULL, NULL, NULL, NULL),
(22, 'Inventaire', NULL, 1, 1, 'Y', NULL, NULL, NULL, NULL),
(23, 'Statut de stock', NULL, 1, 1, 'Y', NULL, NULL, NULL, NULL),
(24, 'Nouveau Vente', NULL, 1, 1, 'Y', NULL, NULL, NULL, NULL),
(25, 'Vente en attente', NULL, 1, 1, 'Y', NULL, NULL, NULL, NULL),
(26, 'Historique des ventes', NULL, 1, 1, 'Y', NULL, NULL, NULL, NULL),
(27, 'Rapports cotidiennet', NULL, 1, 1, 'Y', NULL, NULL, NULL, NULL),
(28, 'Changer un produit', NULL, 1, 1, 'Y', NULL, NULL, NULL, NULL),
(29, 'Avance de produit', NULL, 1, 1, 'Y', NULL, NULL, NULL, NULL),
(30, 'Nou. Vente', NULL, 1, 1, 'Y', NULL, NULL, NULL, NULL),
(31, 'Mon profil', NULL, 1, 1, 'Y', NULL, NULL, NULL, NULL),
(32, 'Liste des valeurs', NULL, 1, 1, 'Y', NULL, NULL, NULL, NULL),
(33, 'Paramètres basique', 'Paramètres basique', 1, 1, 'Y', NULL, NULL, NULL, NULL),
(34, 'Paramètres des clients', 'Paramètres des clients', 1, 1, 'Y', NULL, NULL, NULL, NULL),
(35, 'Paramètres des modules', 'Paramètres des modules', 1, 1, 'Y', NULL, NULL, NULL, NULL),
(36, 'Paramètres des pages', 'Paramètres des pages', 1, 1, 'Y', NULL, NULL, NULL, NULL),
(37, 'Configuration des modules', 'Configuration des modules', 1, 1, 'Y', NULL, NULL, NULL, NULL),
(38, 'Configuration des clients', 'Configuration des clients', 1, 1, 'Y', NULL, NULL, NULL, NULL),
(39, 'Configuration des pages', 'Configuration des pages', 1, 1, 'Y', NULL, NULL, NULL, NULL);

-- --------------------------------------------------------

--
-- Structure de la table `pm_menu_type`
--

CREATE TABLE `pm_menu_type` (
`ID` bigint(20) NOT NULL,
  `NAME` tinytext,
  `DESCRIPTION` text,
  `SORT_KEY` bigint(20) DEFAULT NULL,
  `ACTIVE` char(1) CHARACTER SET latin1 DEFAULT 'Y',
  `DATE_CREATION` datetime DEFAULT NULL,
  `USER_CREATION` bigint(20) DEFAULT NULL,
  `DATE_UPDATE` datetime DEFAULT NULL,
  `USER_UPDATE` bigint(20) DEFAULT NULL
) ENGINE=InnoDB AUTO_INCREMENT=7 DEFAULT CHARSET=utf8;

--
-- Contenu de la table `pm_menu_type`
--

INSERT INTO `pm_menu_type` (`ID`, `NAME`, `DESCRIPTION`, `SORT_KEY`, `ACTIVE`, `DATE_CREATION`, `USER_CREATION`, `DATE_UPDATE`, `USER_UPDATE`) VALUES
(1, 'menu1 typ', 'Menu 1 type ', 1, 'Y', NULL, NULL, NULL, NULL),
(4, 'menu type 2', ' mznu type 2', 2, 'Y', NULL, NULL, NULL, NULL),
(6, NULL, NULL, NULL, 'Y', NULL, NULL, NULL, NULL);

-- --------------------------------------------------------

--
-- Structure de la table `pm_module_attribute`
--

CREATE TABLE `pm_module_attribute` (
`ID` bigint(20) NOT NULL,
  `PM_PAGE_ATTRIBUTE_ID` bigint(20) DEFAULT NULL,
  `ACTIVE` char(1) CHARACTER SET latin1 DEFAULT 'Y',
  `IS_REQUIRED` char(1) DEFAULT 'N',
  `IS_READONLY` char(1) DEFAULT 'N',
  `DATA_TYPE_ID` bigint(20) DEFAULT NULL,
  `FORMAT_TYPE_ID` bigint(20) DEFAULT NULL,
  `MAX_LENGHT` bigint(20) DEFAULT NULL,
  `MAX_WORD` bigint(20) DEFAULT NULL,
  `DATE_CREATION` datetime DEFAULT NULL,
  `DATE_UPDATE` varchar(45) DEFAULT NULL,
  `USER_CREATION` bigint(20) DEFAULT NULL,
  `USER_UPDATE` bigint(20) DEFAULT NULL
) ENGINE=InnoDB DEFAULT CHARSET=utf8;

-- --------------------------------------------------------

--
-- Structure de la table `pm_page`
--

CREATE TABLE `pm_page` (
`ID` bigint(20) NOT NULL,
  `NAME` tinytext,
  `DESCRIPTION` text,
  `SORT_KEY` bigint(20) DEFAULT NULL,
  `PAGE_TYPE_ID` bigint(20) DEFAULT NULL,
  `IN_DEV` char(1) DEFAULT 'N',
  `ACTIVE` char(1) CHARACTER SET latin1 DEFAULT 'Y',
  `USER_CREATION` bigint(20) DEFAULT NULL,
  `DATE_CREATION` datetime DEFAULT NULL,
  `USER_UPDATE` bigint(20) DEFAULT NULL,
  `DATE_UPDATE` datetime DEFAULT NULL
) ENGINE=InnoDB AUTO_INCREMENT=28 DEFAULT CHARSET=utf8;

--
-- Contenu de la table `pm_page`
--

INSERT INTO `pm_page` (`ID`, `NAME`, `DESCRIPTION`, `SORT_KEY`, `PAGE_TYPE_ID`, `IN_DEV`, `ACTIVE`, `USER_CREATION`, `DATE_CREATION`, `USER_UPDATE`, `DATE_UPDATE`) VALUES
(1, 'page Test', 'page test1', 1, 1, 'N', 'Y', NULL, NULL, NULL, NULL),
(2, 'Page add admin ', 'Page add admin', 1, 1, 'N', 'Y', NULL, NULL, NULL, NULL),
(3, 'Page Expense', 'Page pour la gestion des dépense', 1, 1, 'N', 'Y', NULL, NULL, NULL, NULL),
(4, 'Page Supplier', 'Page pour la gestion des fournisseurs', 1, 1, 'N', 'Y', NULL, NULL, NULL, NULL),
(5, 'Page produit', 'Page pour la gestion des produits', 1, 1, 'N', 'Y', NULL, NULL, NULL, NULL),
(6, 'Page de réception', 'Page pour la gestion des réceptions et BL', 1, 1, 'N', 'Y', NULL, NULL, NULL, NULL),
(7, 'Page de custmer', 'customer', 1, 1, 'N', 'Y', NULL, NULL, NULL, NULL),
(8, 'Page de validation des réceptions', 'Page de validation des réceptions', 1, 1, 'N', 'Y', NULL, NULL, NULL, NULL),
(9, 'page de historique de reception', 'page de historique de reception', 1, 1, 'N', 'Y', NULL, NULL, NULL, NULL),
(10, 'Page de promotion des prodtuis', 'promo produit', 1, 1, 'N', 'Y', NULL, NULL, NULL, NULL),
(11, 'Inventaire', NULL, NULL, 1, 'N', 'Y', NULL, NULL, NULL, NULL),
(12, 'statut de stock : capital', NULL, NULL, 1, 'N', 'Y', NULL, NULL, NULL, NULL),
(13, 'Bon de livraison Client', NULL, NULL, 1, 'N', 'Y', NULL, NULL, NULL, NULL),
(14, 'Valdation de Bon de livraison Client', NULL, NULL, 1, 'N', 'Y', NULL, NULL, NULL, NULL),
(15, 'Historique de Bon de livraison Client', NULL, NULL, 1, 'N', 'Y', NULL, NULL, NULL, NULL),
(16, 'les rapports cotidiennet', NULL, NULL, 1, 'N', 'Y', NULL, NULL, NULL, NULL),
(17, 'Changé un produit', NULL, NULL, 1, 'N', 'Y', NULL, NULL, NULL, NULL),
(18, 'avance de produit', NULL, NULL, 1, 'N', 'Y', NULL, NULL, NULL, NULL),
(19, 'la liste des valeurs', NULL, NULL, 1, 'N', 'Y', NULL, NULL, NULL, NULL),
(20, 'Mon profil', NULL, 1, 1, 'N', 'Y', NULL, NULL, NULL, NULL),
(21, 'Les paramètres basiques', NULL, NULL, 1, 'N', 'Y', NULL, NULL, NULL, NULL),
(22, 'Paramètres', NULL, NULL, 1, 'N', 'Y', NULL, NULL, NULL, NULL),
(23, 'Parameter du module', NULL, NULL, 1, 'N', 'Y', NULL, NULL, NULL, NULL),
(24, 'Parameter du page', NULL, NULL, 1, 'N', 'Y', NULL, NULL, NULL, NULL),
(25, 'Parameter du client', NULL, NULL, 1, 'N', 'Y', NULL, NULL, NULL, NULL),
(26, 'Parameter du module/client', NULL, NULL, 1, 'N', 'Y', NULL, NULL, NULL, NULL),
(27, 'Parameter du page/module', NULL, NULL, 1, 'N', 'Y', NULL, NULL, NULL, NULL);

-- --------------------------------------------------------

--
-- Structure de la table `pm_page_attribute`
--

CREATE TABLE `pm_page_attribute` (
`ID` bigint(20) NOT NULL,
  `PAGE_ID` bigint(20) DEFAULT NULL,
  `INF_ITEM_CODE` varchar(255) DEFAULT NULL,
  `PM_COMPONENT_ID` bigint(20) DEFAULT NULL,
  `SORT_KEY` bigint(20) DEFAULT NULL,
  `ACTIVE` char(1) CHARACTER SET latin1 DEFAULT 'Y',
  `IS_REQUIRED` char(1) DEFAULT 'N',
  `IS_READONLY` char(1) DEFAULT 'N',
  `IS_EXCLUD` char(1) DEFAULT 'N',
  `DATA_TYPE_ID` bigint(20) DEFAULT NULL,
  `FORMAT_TYPE_ID` bigint(20) DEFAULT NULL,
  `MAX_LENGHT` bigint(20) DEFAULT NULL,
  `MAX_WORD` bigint(20) DEFAULT NULL,
  `DATE_CREATION` datetime DEFAULT NULL,
  `DATE_UPDATE` varchar(45) DEFAULT NULL,
  `USER_CREATION` bigint(20) DEFAULT NULL,
  `USER_UPDATE` bigint(20) DEFAULT NULL
) ENGINE=InnoDB AUTO_INCREMENT=134 DEFAULT CHARSET=utf8;

--
-- Contenu de la table `pm_page_attribute`
--

INSERT INTO `pm_page_attribute` (`ID`, `PAGE_ID`, `INF_ITEM_CODE`, `PM_COMPONENT_ID`, `SORT_KEY`, `ACTIVE`, `IS_REQUIRED`, `IS_READONLY`, `IS_EXCLUD`, `DATA_TYPE_ID`, `FORMAT_TYPE_ID`, `MAX_LENGHT`, `MAX_WORD`, `DATE_CREATION`, `DATE_UPDATE`, `USER_CREATION`, `USER_UPDATE`) VALUES
(1, 3, 'p003.s2.name', 1, 1, 'Y', 'Y', 'N', 'N', NULL, 2, 10, 3, NULL, NULL, NULL, NULL),
(2, 3, 'p003.s1.name', 5, 2, 'Y', 'N', 'N', 'N', NULL, NULL, NULL, NULL, NULL, NULL, NULL, NULL),
(3, 3, 'p003.s1.description', 5, 3, 'Y', 'N', 'N', 'N', NULL, NULL, NULL, NULL, NULL, NULL, NULL, NULL),
(4, 3, 'p003.s1.type', 5, 1, 'Y', 'N', 'N', 'N', NULL, NULL, NULL, NULL, NULL, NULL, NULL, NULL),
(5, 3, 'p003.s1.amount', 5, 4, 'Y', 'N', 'N', 'N', NULL, NULL, NULL, NULL, NULL, NULL, NULL, NULL),
(6, 3, 'p003.s1', 4, 1, 'Y', 'N', 'N', 'N', NULL, NULL, NULL, NULL, NULL, NULL, NULL, NULL),
(7, 3, 'p003.s1.edit', 5, 6, 'Y', 'N', 'N', 'N', NULL, NULL, NULL, NULL, NULL, NULL, NULL, NULL),
(8, 3, 'p003.s1.delete', 5, 7, 'Y', 'N', 'N', 'N', NULL, NULL, NULL, NULL, NULL, NULL, NULL, NULL),
(9, 3, 'p003.s2.type', 3, 1, 'Y', 'Y', 'N', 'N', NULL, NULL, NULL, 3, NULL, NULL, NULL, NULL),
(11, 3, 'p003.s2.description', 2, 3, 'Y', 'Y', 'N', 'N', NULL, NULL, 10, 3, NULL, NULL, NULL, NULL),
(12, 3, 'p003.s2.amount', 1, 4, 'Y', 'Y', 'N', 'N', 3, 2, NULL, NULL, NULL, NULL, NULL, NULL),
(13, 6, 'reception.s1', 1, 1, 'Y', 'N', 'N', 'N', NULL, NULL, NULL, NULL, NULL, NULL, NULL, NULL),
(14, 6, 'reception.s2.name', 1, 2, 'Y', 'N', 'N', 'N', NULL, NULL, NULL, NULL, NULL, NULL, NULL, NULL),
(15, 6, 'reception.s2.description', 1, 3, 'Y', 'N', 'N', 'N', NULL, NULL, NULL, NULL, NULL, NULL, NULL, NULL),
(16, 6, 'reception.s2.supplier', 1, 4, 'Y', 'N', 'N', 'N', NULL, NULL, NULL, NULL, NULL, NULL, NULL, NULL),
(17, 6, 'reception.s2.deadline', 1, 5, 'Y', 'N', 'N', 'N', NULL, NULL, NULL, NULL, NULL, NULL, NULL, NULL),
(18, 6, 'reception.s2.souche', 1, 6, 'Y', 'N', 'N', 'N', NULL, NULL, NULL, NULL, NULL, NULL, NULL, NULL),
(19, 6, 'reception.s2.amount', 1, 7, 'Y', 'N', 'N', 'N', NULL, NULL, NULL, NULL, NULL, NULL, NULL, NULL),
(20, 6, 'reception.s2.deposit', 1, 8, 'Y', 'N', 'N', 'N', NULL, NULL, NULL, NULL, NULL, NULL, NULL, NULL),
(22, 6, 'reception.s1.id', 1, 5, 'Y', 'N', 'N', 'N', NULL, NULL, NULL, NULL, NULL, NULL, NULL, NULL),
(23, 6, 'reception.s1.name', 1, 5, 'Y', 'N', 'N', 'N', NULL, NULL, NULL, NULL, NULL, NULL, NULL, NULL),
(24, 6, 'reception.s1.souche', 1, 5, 'Y', 'N', 'N', 'N', NULL, NULL, NULL, NULL, NULL, NULL, NULL, NULL),
(25, 6, 'reception.s1.supplierId', 1, 5, 'Y', 'N', 'N', 'N', NULL, NULL, NULL, NULL, NULL, NULL, NULL, NULL),
(26, 6, 'reception.s1.amount', 1, 5, 'Y', 'N', 'N', 'N', NULL, NULL, NULL, NULL, NULL, NULL, NULL, NULL),
(28, 6, 'reception.s1.deadline', 1, 5, 'Y', 'N', 'N', 'N', NULL, NULL, NULL, NULL, NULL, NULL, NULL, NULL),
(29, 6, 'reception.s1.option', 1, 5, 'Y', 'N', 'N', 'N', NULL, NULL, NULL, NULL, NULL, NULL, NULL, NULL),
(30, 6, 'reception.s1.edit', 1, 5, 'Y', 'N', 'N', 'N', NULL, NULL, NULL, NULL, NULL, NULL, NULL, NULL),
(31, 6, 'reception.s1.delete', 1, 5, 'Y', 'N', 'N', 'N', NULL, NULL, NULL, NULL, NULL, NULL, NULL, NULL),
(33, 4, 'supplier.s1', 1, 0, 'Y', 'N', 'N', 'N', NULL, NULL, NULL, NULL, NULL, NULL, NULL, NULL),
(36, 4, 'supplier.s1.country', 1, 3, 'Y', 'N', 'N', 'N', NULL, NULL, NULL, NULL, NULL, NULL, NULL, NULL),
(37, 4, 'supplier.s1.city', 1, 4, 'Y', 'N', 'N', 'N', NULL, NULL, NULL, NULL, NULL, NULL, NULL, NULL),
(38, 4, 'supplier.s1.companyName', 1, 5, 'Y', 'N', 'N', 'N', NULL, NULL, NULL, NULL, NULL, NULL, NULL, NULL),
(39, 4, 'supplier.s1.cellPhone', 1, 6, 'Y', 'N', 'N', 'N', NULL, NULL, NULL, NULL, NULL, NULL, NULL, NULL),
(40, 4, 'supplier.s1.fixedPhone', 1, 7, 'Y', 'N', 'N', 'N', NULL, NULL, NULL, NULL, NULL, NULL, NULL, NULL),
(41, 4, 'supplier.s1.adress', 1, 8, 'Y', 'N', 'N', 'N', NULL, NULL, NULL, NULL, NULL, NULL, NULL, NULL),
(42, 4, 'supplier.s1.email', 1, 9, 'Y', 'N', 'N', 'N', NULL, NULL, NULL, NULL, NULL, NULL, NULL, NULL),
(43, 4, 'supplier.s1.type', 1, 10, 'Y', 'N', 'N', 'N', NULL, NULL, NULL, NULL, NULL, NULL, NULL, NULL),
(44, 4, 'supplier.s1.edit', 1, 11, 'Y', 'N', 'N', 'N', NULL, NULL, NULL, NULL, NULL, NULL, NULL, NULL),
(45, 4, 'supplier.s1.delete', 1, 12, 'Y', 'N', 'N', 'N', NULL, NULL, NULL, NULL, NULL, NULL, NULL, NULL),
(46, 4, 'supplier.s1.add', 1, 13, 'Y', 'N', 'N', 'N', NULL, NULL, NULL, NULL, NULL, NULL, NULL, NULL),
(47, 4, 'supplier.s2.firstName', 1, 14, 'Y', 'N', 'N', 'N', NULL, NULL, NULL, NULL, NULL, NULL, NULL, NULL),
(48, 4, 'supplier.s2.lastName', 1, 15, 'Y', 'N', 'N', 'N', NULL, NULL, NULL, NULL, NULL, NULL, NULL, NULL),
(49, 4, 'supplier.s2.type', 1, 16, 'Y', 'N', 'N', 'N', NULL, NULL, NULL, NULL, NULL, NULL, NULL, NULL),
(50, 4, 'supplier.s2.country', 1, 17, 'Y', 'N', 'N', 'N', NULL, NULL, NULL, NULL, NULL, NULL, NULL, NULL),
(51, 4, 'supplier.s2.city', 1, 18, 'Y', 'N', 'N', 'N', NULL, NULL, NULL, NULL, NULL, NULL, NULL, NULL),
(52, 4, 'supplier.s2.companyName', 1, 19, 'Y', 'N', 'N', 'N', NULL, NULL, NULL, NULL, NULL, NULL, NULL, NULL),
(53, 4, 'supplier.s2.cellPhone', 1, 20, 'Y', 'N', 'N', 'N', NULL, NULL, NULL, NULL, NULL, NULL, NULL, NULL),
(54, 4, 'supplier.s2.fixedPhone', 1, 21, 'Y', 'N', 'N', 'N', NULL, NULL, NULL, NULL, NULL, NULL, NULL, NULL),
(55, 4, 'supplier.s2.adress', 1, 22, 'Y', 'N', 'N', 'N', NULL, NULL, NULL, NULL, NULL, NULL, NULL, NULL),
(56, 4, 'supplier.s2.email', 1, 23, 'Y', 'N', 'N', 'N', NULL, NULL, NULL, NULL, NULL, NULL, NULL, NULL),
(57, 4, 'product.s2.ative', 1, 24, 'Y', 'N', 'N', 'N', NULL, NULL, NULL, NULL, NULL, NULL, NULL, NULL),
(58, 4, 'supplier.s2.save', 1, 25, 'Y', 'N', 'N', 'N', NULL, NULL, NULL, NULL, NULL, NULL, NULL, NULL),
(59, 4, 'supplier.s1.option', 1, 25, 'Y', 'N', 'N', 'N', NULL, NULL, NULL, NULL, NULL, NULL, NULL, NULL),
(60, 5, 'product.s1', 1, 0, 'Y', 'N', 'N', 'N', NULL, NULL, NULL, NULL, NULL, NULL, NULL, NULL),
(61, 5, 'product.s1.designation', 1, 0, 'Y', 'N', 'N', 'N', NULL, NULL, NULL, NULL, NULL, NULL, NULL, NULL),
(62, 5, 'product.s1.quantity', 1, 0, 'Y', 'N', 'N', 'N', NULL, NULL, NULL, NULL, NULL, NULL, NULL, NULL),
(63, 5, 'product.s1.reference', 1, 0, 'Y', 'N', 'N', 'N', NULL, NULL, NULL, NULL, NULL, NULL, NULL, NULL),
(64, 5, 'product.s1.pricesale', 1, 0, 'Y', 'N', 'N', 'N', NULL, NULL, NULL, NULL, NULL, NULL, NULL, NULL),
(65, 5, 'product.s1.size', 1, 0, 'Y', 'N', 'N', 'N', NULL, NULL, NULL, NULL, NULL, NULL, NULL, NULL),
(66, 5, 'product.s1.status', 1, 0, 'Y', 'N', 'N', 'N', NULL, NULL, NULL, NULL, NULL, NULL, NULL, NULL),
(67, 5, 'product.s1.family', 1, 0, 'Y', 'N', 'N', 'N', NULL, NULL, NULL, NULL, NULL, NULL, NULL, NULL),
(68, 5, 'product.s1.color', 1, 0, 'Y', 'N', 'N', 'N', NULL, NULL, NULL, NULL, NULL, NULL, NULL, NULL),
(69, 5, 'product.s1.option', 1, 0, 'Y', 'N', 'N', 'N', NULL, NULL, NULL, NULL, NULL, NULL, NULL, NULL),
(70, 5, 'product.s1.edit', 1, 0, 'Y', 'N', 'N', 'N', NULL, NULL, NULL, NULL, NULL, NULL, NULL, NULL),
(71, 5, 'product.s1.add', 1, 0, 'Y', 'N', 'N', 'N', NULL, NULL, NULL, NULL, NULL, NULL, NULL, NULL),
(72, 5, 'product.s1.delete', 1, 0, 'Y', 'N', 'N', 'N', NULL, NULL, NULL, NULL, NULL, NULL, NULL, NULL),
(73, 5, 'product.s2.designation', 1, 0, 'Y', 'N', 'N', 'N', NULL, NULL, NULL, NULL, NULL, NULL, NULL, NULL),
(74, 5, 'product.s2.quantity', 1, 0, 'Y', 'N', 'N', 'N', NULL, NULL, NULL, NULL, NULL, NULL, NULL, NULL),
(75, 5, 'product.s2.reference', 1, 0, 'Y', 'N', 'N', 'N', NULL, NULL, NULL, NULL, NULL, NULL, NULL, NULL),
(76, 5, 'product.s2.pricesale', 1, 0, 'Y', 'N', 'N', 'N', NULL, NULL, NULL, NULL, NULL, NULL, NULL, NULL),
(77, 5, 'product.s2.active', 1, 0, 'Y', 'N', 'N', 'N', NULL, NULL, NULL, NULL, NULL, NULL, NULL, NULL),
(78, 5, 'product.s2.status', 1, 0, 'Y', 'N', 'N', 'N', NULL, NULL, NULL, NULL, NULL, NULL, NULL, NULL),
(79, 5, 'product.s2.size', 1, 0, 'Y', 'N', 'N', 'N', NULL, NULL, NULL, NULL, NULL, NULL, NULL, NULL),
(80, 5, 'product.s2.family', 1, 0, 'Y', 'N', 'N', 'N', NULL, NULL, NULL, NULL, NULL, NULL, NULL, NULL),
(81, 5, 'product.s2.color', 1, 0, 'Y', 'N', 'N', 'N', NULL, NULL, NULL, NULL, NULL, NULL, NULL, NULL),
(82, 5, 'product.s2.save', 1, 0, 'Y', 'N', 'N', 'N', NULL, NULL, NULL, NULL, NULL, NULL, NULL, NULL),
(83, 5, 'product.s1.priceBuy', 1, 0, 'Y', 'N', 'N', 'N', NULL, NULL, NULL, NULL, NULL, NULL, NULL, NULL),
(84, 5, 'product.s2.priceBuy', 1, 0, 'Y', 'N', 'N', 'N', NULL, NULL, NULL, NULL, NULL, NULL, NULL, NULL),
(85, 4, 'supplier.s1.postCode', 1, 0, 'Y', 'N', 'N', 'N', NULL, NULL, NULL, NULL, NULL, NULL, NULL, NULL),
(86, 4, 'supplier.s2.postCode', 1, 0, 'Y', 'N', 'N', 'N', NULL, NULL, NULL, NULL, NULL, NULL, NULL, NULL),
(87, 13, 'bonLivraison.s1.description', 1, 0, 'Y', 'N', 'N', 'N', NULL, NULL, NULL, NULL, NULL, NULL, NULL, NULL),
(88, 13, 'bonLivraison.s1.customer', 1, 0, 'Y', 'N', 'N', 'N', NULL, NULL, NULL, NULL, NULL, NULL, NULL, NULL),
(89, 6, 'reception.s2.sizes', 1, 0, 'Y', 'N', 'N', 'N', NULL, NULL, NULL, NULL, NULL, NULL, NULL, NULL),
(90, 21, 'basicParameter.s1', 1, 1, 'Y', 'N', 'N', 'N', NULL, NULL, NULL, NULL, NULL, NULL, NULL, NULL),
(91, 21, 'basicParameter.s2.name', 1, 2, 'Y', 'N', 'N', 'N', NULL, NULL, NULL, NULL, NULL, NULL, NULL, NULL),
(92, 21, 'basicParameter.s2.description', 1, 3, 'Y', 'N', 'N', 'N', NULL, NULL, NULL, NULL, NULL, NULL, NULL, NULL),
(93, 21, 'basicParameter.s2.value', 1, 4, 'Y', 'N', 'N', 'N', NULL, NULL, NULL, NULL, NULL, NULL, NULL, NULL),
(94, 21, 'basicParameter.s2.basicParameterType', 1, 5, 'Y', 'N', 'N', 'N', NULL, NULL, NULL, NULL, NULL, NULL, NULL, NULL),
(95, 21, 'basicParameter.s1', 1, 1, 'Y', 'N', 'N', 'N', NULL, NULL, NULL, NULL, NULL, NULL, NULL, NULL),
(96, 21, 'basicParameter.s2.name', 1, 2, 'Y', 'N', 'N', 'N', NULL, NULL, NULL, NULL, NULL, NULL, NULL, NULL),
(97, 21, 'basicParameter.s2.description', 1, 3, 'Y', 'N', 'N', 'N', NULL, NULL, NULL, NULL, NULL, NULL, NULL, NULL),
(98, 21, 'basicParameter.s2.value', 1, 4, 'Y', 'N', 'N', 'N', NULL, NULL, NULL, NULL, NULL, NULL, NULL, NULL),
(99, 21, 'basicParameter.s2.basicParameterType', 1, 5, 'Y', 'N', 'N', 'N', NULL, NULL, NULL, NULL, NULL, NULL, NULL, NULL),
(100, 23, 'moduleParameter.s1', 1, 1, 'Y', 'N', 'N', 'N', NULL, NULL, NULL, NULL, NULL, NULL, NULL, NULL),
(101, 23, 'moduleParameter.s2.name', 1, 2, 'Y', 'N', 'N', 'N', NULL, NULL, NULL, NULL, NULL, NULL, NULL, NULL),
(102, 23, 'moduleParameter.s2.description', 1, 3, 'Y', 'N', 'N', 'N', NULL, NULL, NULL, NULL, NULL, NULL, NULL, NULL),
(103, 23, 'moduleParameter.s2.value', 1, 4, 'Y', 'N', 'N', 'N', NULL, NULL, NULL, NULL, NULL, NULL, NULL, NULL),
(104, 23, 'moduleParameter.s2.moduleParameterType', 1, 5, 'Y', 'N', 'N', 'N', NULL, NULL, NULL, NULL, NULL, NULL, NULL, NULL),
(105, 25, 'parameterClient.s1', 1, 1, 'Y', 'N', 'N', 'N', NULL, NULL, NULL, NULL, NULL, NULL, NULL, NULL),
(106, 25, 'parameterClient.s2', 1, 1, 'Y', 'N', 'N', 'N', NULL, NULL, NULL, NULL, NULL, NULL, NULL, NULL),
(107, 25, 'parameterClient.s3.client', 1, 2, 'Y', 'N', 'N', 'N', NULL, NULL, NULL, NULL, NULL, NULL, NULL, NULL),
(108, 25, 'parameterClient.s3.parameter', 1, 3, 'Y', 'N', 'N', 'N', NULL, NULL, NULL, NULL, NULL, NULL, NULL, NULL),
(109, 25, 'parameterClient.s3.value', 1, 4, 'Y', 'N', 'N', 'N', NULL, NULL, NULL, NULL, NULL, NULL, NULL, NULL),
(110, 22, 'parameter.s1', 1, 1, 'Y', 'N', 'N', 'N', NULL, NULL, NULL, NULL, NULL, NULL, NULL, NULL),
(111, 22, 'parameter.s2.name', 1, 2, 'Y', 'N', 'N', 'N', NULL, NULL, NULL, NULL, NULL, NULL, NULL, NULL),
(112, 22, 'parameter.s2.description', 1, 3, 'Y', 'N', 'N', 'N', NULL, NULL, NULL, NULL, NULL, NULL, NULL, NULL),
(113, 22, 'parameter.s2.value', 1, 4, 'Y', 'N', 'N', 'N', NULL, NULL, NULL, NULL, NULL, NULL, NULL, NULL),
(114, 22, 'parameter.s2.parameterType', 1, 5, 'Y', 'N', 'N', 'N', NULL, NULL, NULL, NULL, NULL, NULL, NULL, NULL),
(115, 27, 'pageParameterModule.s1', 1, 1, 'Y', 'N', 'N', 'N', NULL, NULL, NULL, NULL, NULL, NULL, NULL, NULL),
(116, 27, 'pageParameterModule.s2', 1, 1, 'Y', 'N', 'N', 'N', NULL, NULL, NULL, NULL, NULL, NULL, NULL, NULL),
(117, 27, 'pageParameterModule.s3', 1, 2, 'Y', 'N', 'N', 'N', NULL, NULL, NULL, NULL, NULL, NULL, NULL, NULL),
(118, 27, 'pageParameterModule.s4', 1, 2, 'Y', 'N', 'N', 'N', NULL, NULL, NULL, NULL, NULL, NULL, NULL, NULL),
(119, 27, 'pageParameterModule.s5.module', 1, 2, 'Y', 'N', 'N', 'N', NULL, NULL, NULL, NULL, NULL, NULL, NULL, NULL),
(120, 27, 'pageParameterModule.s5.pageParameter', 1, 3, 'Y', 'N', 'N', 'N', NULL, NULL, NULL, NULL, NULL, NULL, NULL, NULL),
(121, 27, 'pageParameterModule.s5.value', 1, 4, 'Y', 'N', 'N', 'N', NULL, NULL, NULL, NULL, NULL, NULL, NULL, NULL),
(122, 24, 'pageParameter.s1', 1, 1, 'Y', 'N', 'N', 'N', NULL, NULL, NULL, NULL, NULL, NULL, NULL, NULL),
(123, 24, 'pageParameter.s2.name', 1, 2, 'Y', 'N', 'N', 'N', NULL, NULL, NULL, NULL, NULL, NULL, NULL, NULL),
(124, 24, 'pageParameter.s2.description', 1, 3, 'Y', 'N', 'N', 'N', NULL, NULL, NULL, NULL, NULL, NULL, NULL, NULL),
(125, 24, 'pageParameter.s2.value', 1, 4, 'Y', 'N', 'N', 'N', NULL, NULL, NULL, NULL, NULL, NULL, NULL, NULL),
(126, 24, 'pageParameter.s2.pageParameterType', 1, 5, 'Y', 'N', 'N', 'N', NULL, NULL, NULL, NULL, NULL, NULL, NULL, NULL),
(127, 24, 'pageParameter.s2.page', 1, 5, 'Y', 'N', 'N', 'N', NULL, NULL, NULL, NULL, NULL, NULL, NULL, NULL),
(128, 26, 'moduleParameterClient.s1', 1, 1, 'Y', 'N', 'N', 'N', NULL, NULL, NULL, NULL, NULL, NULL, NULL, NULL),
(129, 26, 'moduleParameterClient.s2', 1, 1, 'Y', 'N', 'N', 'N', NULL, NULL, NULL, NULL, NULL, NULL, NULL, NULL),
(130, 26, 'moduleParameterClient.s3', 1, 2, 'Y', 'N', 'N', 'N', NULL, NULL, NULL, NULL, NULL, NULL, NULL, NULL),
(131, 26, 'moduleParameterClient.s4.module', 1, 2, 'Y', 'N', 'N', 'N', NULL, NULL, NULL, NULL, NULL, NULL, NULL, NULL),
(132, 26, 'moduleParameterClient.s4.parameterModule', 1, 3, 'Y', 'N', 'N', 'N', NULL, NULL, NULL, NULL, NULL, NULL, NULL, NULL),
(133, 26, 'moduleParameterClient.s4.value', 1, 4, 'Y', 'N', 'N', 'N', NULL, NULL, NULL, NULL, NULL, NULL, NULL, NULL);

-- --------------------------------------------------------

--
-- Structure de la table `pm_page_parameter`
--

CREATE TABLE `pm_page_parameter` (
`ID` bigint(20) NOT NULL,
  `NAME` tinytext CHARACTER SET latin1,
  `DESCRIPTION` text CHARACTER SET latin1,
  `DEFAULT_VALUE` text,
  `PAGE_ID` bigint(20) DEFAULT NULL,
  `PAGE_PARAMETER_TYPE_ID` bigint(20) DEFAULT NULL,
  `ACTIVE` char(1) CHARACTER SET latin1 DEFAULT 'Y',
  `DATE_CREATION` datetime DEFAULT NULL,
  `USER_CREATION` bigint(20) DEFAULT NULL,
  `DATE_UPDATE` datetime DEFAULT NULL,
  `USER_UPDATE` bigint(20) DEFAULT NULL
) ENGINE=InnoDB AUTO_INCREMENT=5 DEFAULT CHARSET=utf8;

--
-- Contenu de la table `pm_page_parameter`
--

INSERT INTO `pm_page_parameter` (`ID`, `NAME`, `DESCRIPTION`, `DEFAULT_VALUE`, `PAGE_ID`, `PAGE_PARAMETER_TYPE_ID`, `ACTIVE`, `DATE_CREATION`, `USER_CREATION`, `DATE_UPDATE`, `USER_UPDATE`) VALUES
(1, 'titre de l''application', 'title of application', 'My Stock Management', 1, 1, 'Y', NULL, NULL, NULL, NULL),
(2, 'visiblité de form add edit ', NULL, 'no', 3, 1, 'Y', NULL, NULL, NULL, NULL),
(4, '1', '2', '3', 20, 1, 'Y', NULL, 1, NULL, NULL);

-- --------------------------------------------------------

--
-- Structure de la table `pm_page_parameter_module`
--

CREATE TABLE `pm_page_parameter_module` (
`ID` bigint(20) NOT NULL,
  `PAGE_PARAMETER_ID` bigint(20) DEFAULT NULL,
  `VALUE` longtext,
  `CLT_MODULE_ID` bigint(20) DEFAULT NULL,
  `ACTIVE` char(1) CHARACTER SET latin1 DEFAULT 'Y',
  `DATE_CREATION` datetime DEFAULT NULL,
  `USER_CREATION` bigint(20) DEFAULT NULL,
  `DATE_UPDATE` datetime DEFAULT NULL,
  `USER_UPDATE` bigint(20) DEFAULT NULL
) ENGINE=InnoDB DEFAULT CHARSET=utf8;

-- --------------------------------------------------------

--
-- Structure de la table `pm_page_parameter_type`
--

CREATE TABLE `pm_page_parameter_type` (
`ID` bigint(20) NOT NULL,
  `NAME` tinytext,
  `DESCRIPTION` text,
  `SORT_KEY` bigint(20) DEFAULT NULL,
  `ACTIVE` char(1) DEFAULT 'Y',
  `DATE_CREATION` datetime DEFAULT NULL,
  `USER_CREATION` bigint(20) DEFAULT NULL,
  `DATE_UPDATE` datetime DEFAULT NULL,
  `USER_UPDATE` bigint(20) DEFAULT NULL
) ENGINE=InnoDB AUTO_INCREMENT=2 DEFAULT CHARSET=utf8;

--
-- Contenu de la table `pm_page_parameter_type`
--

INSERT INTO `pm_page_parameter_type` (`ID`, `NAME`, `DESCRIPTION`, `SORT_KEY`, `ACTIVE`, `DATE_CREATION`, `USER_CREATION`, `DATE_UPDATE`, `USER_UPDATE`) VALUES
(1, 'pm_page_parameter_type', 'pm_page_parameter_type', NULL, 'Y', NULL, NULL, NULL, NULL);

-- --------------------------------------------------------

--
-- Structure de la table `pm_page_type`
--

CREATE TABLE `pm_page_type` (
`ID` bigint(20) NOT NULL,
  `NAME` tinytext,
  `DESCRIPTION` text,
  `SORT_KEY` bigint(20) DEFAULT NULL,
  `ACTIVE` char(1) CHARACTER SET latin1 DEFAULT 'Y',
  `DATE_CREATION` datetime DEFAULT NULL,
  `USER_CREATION` bigint(20) DEFAULT NULL,
  `DATE_UPDATE` datetime DEFAULT NULL,
  `USER_UPDATE` bigint(20) DEFAULT NULL
) ENGINE=InnoDB AUTO_INCREMENT=3 DEFAULT CHARSET=utf8;

--
-- Contenu de la table `pm_page_type`
--

INSERT INTO `pm_page_type` (`ID`, `NAME`, `DESCRIPTION`, `SORT_KEY`, `ACTIVE`, `DATE_CREATION`, `USER_CREATION`, `DATE_UPDATE`, `USER_UPDATE`) VALUES
(1, 'TYpe 1', NULL, 1, 'Y', NULL, NULL, NULL, NULL),
(2, 'type autre ', 'desc', 2, 'Y', NULL, NULL, NULL, NULL);

-- --------------------------------------------------------

--
-- Structure de la table `pm_validation_type`
--

CREATE TABLE `pm_validation_type` (
`ID` bigint(20) NOT NULL,
  `NAME` tinytext,
  `DESCRIPTION` text,
  `PARAM_NUMBER` bigint(20) DEFAULT NULL,
  `ERROR_MESSAGE` tinytext,
  `HELP` text CHARACTER SET latin1,
  `SORT_KEY` bigint(20) DEFAULT NULL,
  `ACTIVE` char(1) CHARACTER SET latin1 DEFAULT 'Y',
  `DATE_CREATION` datetime DEFAULT NULL,
  `USER_CREATION` bigint(20) DEFAULT NULL,
  `DATE_UPDATE` datetime DEFAULT NULL,
  `USER_UPDATE` bigint(20) DEFAULT NULL
) ENGINE=InnoDB AUTO_INCREMENT=6 DEFAULT CHARSET=utf8;

--
-- Contenu de la table `pm_validation_type`
--

INSERT INTO `pm_validation_type` (`ID`, `NAME`, `DESCRIPTION`, `PARAM_NUMBER`, `ERROR_MESSAGE`, `HELP`, `SORT_KEY`, `ACTIVE`, `DATE_CREATION`, `USER_CREATION`, `DATE_UPDATE`, `USER_UPDATE`) VALUES
(1, 'required', 'required', 0, 'validation.v1.required', 'validation.v1.required', 1, 'Y', NULL, NULL, NULL, NULL),
(2, 'maxlenght', 'maxlenght', 1, 'validation.v1.maxlenght', 'validation.v1.maxlenght', 2, 'Y', NULL, NULL, NULL, NULL),
(3, 'maxWord', 'maxWord', 1, 'validation.v1.maxWord', 'validation.v1.maxWord', 3, 'Y', NULL, NULL, NULL, NULL),
(4, 'dataType', 'dataType : ne sera pas changé pas un locataire', 1, 'validation.v1.dataType', 'validation.v1.dataType', 4, 'Y', NULL, NULL, NULL, NULL),
(5, 'formatType', 'formatType', 1, 'validation.v1.formatType', 'validation.v1.formatType', 5, 'Y', NULL, NULL, NULL, NULL);

-- --------------------------------------------------------

--
-- Structure de la table `sm_advanced`
--

CREATE TABLE `sm_advanced` (
`ID` bigint(20) NOT NULL,
  `PRODUCT_ID` bigint(20) DEFAULT NULL,
  `CUSTOMER_ID` bigint(20) DEFAULT NULL,
  `ADVANCED_STATUS_ID` bigint(20) DEFAULT NULL,
  `AMOUNT` double DEFAULT NULL,
  `SORT_KEY` bigint(20) DEFAULT NULL,
  `ACTIVE` char(1) CHARACTER SET latin1 DEFAULT 'Y',
  `DATE_CREATION` datetime DEFAULT NULL,
  `USER_CREATION` bigint(20) DEFAULT NULL,
  `DATE_UPDATE` datetime DEFAULT NULL,
  `USER_UPDATE` bigint(20) DEFAULT NULL
) ENGINE=InnoDB DEFAULT CHARSET=utf8;

-- --------------------------------------------------------

--
-- Structure de la table `sm_advanced_status`
--

CREATE TABLE `sm_advanced_status` (
`ID` bigint(20) NOT NULL,
  `NAME` tinytext,
  `DESCRIPTION` text,
  `SORT_KEY` bigint(20) DEFAULT NULL,
  `ACTIVE` char(1) CHARACTER SET latin1 DEFAULT 'Y',
  `DATE_CREATION` datetime DEFAULT NULL,
  `USER_CREATION` bigint(20) DEFAULT NULL,
  `DATE_UPDATE` datetime DEFAULT NULL,
  `USER_UPDATE` bigint(20) DEFAULT NULL
) ENGINE=InnoDB DEFAULT CHARSET=utf8;

-- --------------------------------------------------------

--
-- Structure de la table `sm_bank_type`
--

CREATE TABLE `sm_bank_type` (
`ID` bigint(20) NOT NULL,
  `NAME` tinytext,
  `DESCRIPTION` text,
  `SORT_KEY` bigint(20) DEFAULT NULL,
  `ACTIVE` char(1) CHARACTER SET latin1 DEFAULT 'Y',
  `CLT_MODULE_ID` bigint(20) DEFAULT NULL,
  `DATE_CREATION` datetime DEFAULT NULL,
  `USER_CREATION` bigint(20) DEFAULT NULL,
  `DATE_UPDATE` datetime DEFAULT NULL,
  `USER_UPDATE` bigint(20) DEFAULT NULL
) ENGINE=InnoDB DEFAULT CHARSET=utf8;

-- --------------------------------------------------------

--
-- Structure de la table `sm_check`
--

CREATE TABLE `sm_check` (
`ID` bigint(20) NOT NULL,
  `BANK_ID` bigint(20) DEFAULT NULL,
  `NAME_PERSON` tinytext CHARACTER SET latin1,
  `NUMBER` tinytext CHARACTER SET latin1,
  `ACCOUNT` tinytext CHARACTER SET latin1,
  `PHONE` tinytext CHARACTER SET latin1,
  `PAYABLE_IN` tinytext CHARACTER SET latin1,
  `AMOUNT` double DEFAULT NULL,
  `ACTIVE` char(1) CHARACTER SET latin1 DEFAULT 'Y',
  `DATE_CREATION` datetime DEFAULT NULL,
  `USER_CREATION` bigint(20) DEFAULT NULL,
  `DATE_UPDATE` datetime DEFAULT NULL,
  `USER_UPDATE` bigint(20) DEFAULT NULL
) ENGINE=InnoDB DEFAULT CHARSET=utf8;

-- --------------------------------------------------------

--
-- Structure de la table `sm_customer`
--

CREATE TABLE `sm_customer` (
`ID` bigint(20) NOT NULL,
  `FIRST_NAME` tinytext CHARACTER SET latin1,
  `LAST_NAME` tinytext CHARACTER SET latin1,
  `INF_COUNTRY_ID` bigint(20) DEFAULT NULL,
  `INF_CITY_ID` bigint(20) DEFAULT NULL,
  `CELL_PHONE` tinytext CHARACTER SET latin1,
  `FIXED_PHONE` tinytext CHARACTER SET latin1,
  `ADRESS` tinytext CHARACTER SET latin1,
  `EMAIL` tinytext CHARACTER SET latin1,
  `CLT_MODULE_ID` bigint(20) DEFAULT NULL,
  `CUSTOMER_TYPE_ID` bigint(20) DEFAULT NULL,
  `SORT_KEY` bigint(20) DEFAULT NULL,
  `ACTIVE` char(1) CHARACTER SET latin1 DEFAULT 'Y',
  `DATE_CREATION` datetime DEFAULT NULL,
  `USER_CREATION` bigint(20) DEFAULT NULL,
  `DATE_UPDATE` datetime DEFAULT NULL,
  `USER_UPDATE` bigint(20) DEFAULT NULL
) ENGINE=InnoDB AUTO_INCREMENT=11 DEFAULT CHARSET=utf8;

--
-- Contenu de la table `sm_customer`
--

INSERT INTO `sm_customer` (`ID`, `FIRST_NAME`, `LAST_NAME`, `INF_COUNTRY_ID`, `INF_CITY_ID`, `CELL_PHONE`, `FIXED_PHONE`, `ADRESS`, `EMAIL`, `CLT_MODULE_ID`, `CUSTOMER_TYPE_ID`, `SORT_KEY`, `ACTIVE`, `DATE_CREATION`, `USER_CREATION`, `DATE_UPDATE`, `USER_UPDATE`) VALUES
(4, 'AHmed', 'ML', 1, 1, '+212 6 66 93 98', '+212 6 66 93 98', 'SYBA 87', 'abdessamad.hallal@evision.ca', 1, 1, 1, 'Y', NULL, 1, NULL, 1),
(5, 'Abdessamad2', 'HALLAL2', 1, 1, '+212 5 76 87 87', '+212 5 76 87 87', 'SYBA 5 N 879', 'abdessamad@hallal.com', 1, 1, NULL, 'Y', NULL, 1, NULL, 1),
(6, 'Abdessamad3', 'HALLAL3', 1, 1, '+212 5 76 87 87', '+212 5 76 87 87', 'SYBA 5 N 879', 'abdessamad@hallal.com', 1, 1, NULL, 'Y', NULL, 1, NULL, 1),
(7, 'a', 'b', 1, NULL, 'd', 'e', '', 'c', 1, NULL, NULL, 'Y', NULL, 1, NULL, 1),
(8, '', '', 1, NULL, '', '', '', '', 1, NULL, NULL, '', NULL, 1, NULL, NULL),
(10, 'Abdessamad', 'HALLAL', 1, 1, '+212 5 76 87 87', '+212 5 76 87 87', 'aaaa', 'abdessamad12@hallal.com', 1, 1, NULL, 'Y', NULL, 1, NULL, NULL);

-- --------------------------------------------------------

--
-- Structure de la table `sm_customer_type`
--

CREATE TABLE `sm_customer_type` (
`ID` bigint(20) NOT NULL,
  `NAME` tinytext,
  `DESCRIPTION` text,
  `CLT_MODULE_ID` bigint(20) DEFAULT NULL,
  `SORT_KEY` bigint(20) DEFAULT NULL,
  `ACTIVE` char(1) CHARACTER SET latin1 DEFAULT 'Y',
  `DATE_CREATION` datetime DEFAULT NULL,
  `USER_CREATION` bigint(20) DEFAULT NULL,
  `DATE_UPDATE` datetime DEFAULT NULL,
  `USER_UPDATE` bigint(20) DEFAULT NULL
) ENGINE=InnoDB AUTO_INCREMENT=3 DEFAULT CHARSET=utf8;

--
-- Contenu de la table `sm_customer_type`
--

INSERT INTO `sm_customer_type` (`ID`, `NAME`, `DESCRIPTION`, `CLT_MODULE_ID`, `SORT_KEY`, `ACTIVE`, `DATE_CREATION`, `USER_CREATION`, `DATE_UPDATE`, `USER_UPDATE`) VALUES
(1, 'Particulier', 'Particulier', 1, 1, 'Y', NULL, NULL, NULL, NULL),
(2, 'Société', 'Société', 1, 1, 'Y', NULL, NULL, NULL, NULL);

-- --------------------------------------------------------

--
-- Structure de la table `sm_deposit`
--

CREATE TABLE `sm_deposit` (
`ID` bigint(20) NOT NULL,
  `NAME` tinytext,
  `DESCRIPTION` text,
  `SORT_KEY` bigint(20) DEFAULT NULL,
  `CLT_MODULE_ID` bigint(20) DEFAULT NULL,
  `ACTIVE` char(1) DEFAULT 'Y',
  `DATE_CREATION` datetime DEFAULT NULL,
  `USER_CREATION` bigint(20) DEFAULT NULL,
  `DATE_UPDATE` datetime DEFAULT NULL,
  `USER_UPDATE` bigint(20) DEFAULT NULL
) ENGINE=InnoDB AUTO_INCREMENT=2 DEFAULT CHARSET=utf8;

--
-- Contenu de la table `sm_deposit`
--

INSERT INTO `sm_deposit` (`ID`, `NAME`, `DESCRIPTION`, `SORT_KEY`, `CLT_MODULE_ID`, `ACTIVE`, `DATE_CREATION`, `USER_CREATION`, `DATE_UPDATE`, `USER_UPDATE`) VALUES
(1, 'depôt 1', NULL, NULL, NULL, 'Y', NULL, NULL, NULL, NULL);

-- --------------------------------------------------------

--
-- Structure de la table `sm_expense`
--

CREATE TABLE `sm_expense` (
`ID` bigint(20) NOT NULL,
  `NAME` tinytext,
  `DESCRIPTION` text,
  `AMOUNT` double DEFAULT NULL,
  `EXPENSE_TYPE_ID` bigint(20) DEFAULT NULL,
  `CLT_MODULE_ID` bigint(20) DEFAULT NULL,
  `SORT_KEY` bigint(20) DEFAULT NULL,
  `ACTIVE` char(1) CHARACTER SET latin1 DEFAULT 'Y',
  `DATE_CREATION` datetime DEFAULT NULL,
  `USER_CREATION` bigint(20) DEFAULT NULL,
  `DATE_UPDATE` datetime DEFAULT NULL,
  `USER_UPDATE` bigint(20) DEFAULT NULL
) ENGINE=InnoDB AUTO_INCREMENT=32 DEFAULT CHARSET=utf8;

--
-- Contenu de la table `sm_expense`
--

INSERT INTO `sm_expense` (`ID`, `NAME`, `DESCRIPTION`, `AMOUNT`, `EXPENSE_TYPE_ID`, `CLT_MODULE_ID`, `SORT_KEY`, `ACTIVE`, `DATE_CREATION`, `USER_CREATION`, `DATE_UPDATE`, `USER_UPDATE`) VALUES
(23, 'Libelle1', 'Description1', 11, 1, 2, NULL, 'Y', NULL, 1, NULL, NULL),
(29, 'le petit déjounée ', 'avec ... ', 50, 65, 1, NULL, 'Y', NULL, 1, NULL, 1),
(31, 'aaa', 'bb', 3344, 65, 3, NULL, 'Y', NULL, 1, NULL, NULL);

-- --------------------------------------------------------

--
-- Structure de la table `sm_expense_type`
--

CREATE TABLE `sm_expense_type` (
`ID` bigint(20) NOT NULL,
  `NAME` tinytext,
  `DESCRIPTION` text,
  `SORT_KEY` bigint(20) DEFAULT NULL,
  `CLT_MODULE_ID` bigint(20) DEFAULT NULL,
  `ACTIVE` char(1) CHARACTER SET latin1 DEFAULT 'Y',
  `DATE_CREATION` datetime DEFAULT NULL,
  `USER_CREATION` bigint(20) DEFAULT NULL,
  `DATE_UPDATE` datetime DEFAULT NULL,
  `USER_UPDATE` bigint(20) DEFAULT NULL
) ENGINE=InnoDB AUTO_INCREMENT=66 DEFAULT CHARSET=utf8;

--
-- Contenu de la table `sm_expense_type`
--

INSERT INTO `sm_expense_type` (`ID`, `NAME`, `DESCRIPTION`, `SORT_KEY`, `CLT_MODULE_ID`, `ACTIVE`, `DATE_CREATION`, `USER_CREATION`, `DATE_UPDATE`, `USER_UPDATE`) VALUES
(1, 'Générale', 'Générale', 1, 3, 'Y', NULL, NULL, NULL, NULL),
(62, 'Femme de menage', 'Femme de menage', 2, 3, 'Y', NULL, NULL, NULL, NULL),
(63, 'Transport', 'Transport', 3, 3, 'Y', NULL, NULL, NULL, NULL),
(64, 'Eléctrisité', 'Eléctrisité', 4, 3, 'Y', NULL, NULL, NULL, NULL),
(65, 'Restaurant', 'Restaurant', 5, 3, 'Y', NULL, NULL, NULL, NULL);

-- --------------------------------------------------------

--
-- Structure de la table `sm_order`
--

CREATE TABLE `sm_order` (
`ID` bigint(20) NOT NULL,
  `NAME` tinytext,
  `DESCRIPTION` text,
  `ORDER_STATUS_ID` bigint(20) DEFAULT NULL,
  `PAYMENT_METHOD_ID` bigint(20) DEFAULT NULL,
  `CUSTOMER_ID` bigint(20) DEFAULT NULL,
  `CHECK_ID` bigint(20) DEFAULT NULL,
  `VALID` char(1) CHARACTER SET latin1 DEFAULT NULL,
  `OLD_ORDER_ID` bigint(20) DEFAULT NULL,
  `ACTIVE` char(1) CHARACTER SET latin1 DEFAULT 'Y',
  `DATE_CREATION` datetime DEFAULT NULL,
  `USER_CREATION` bigint(20) DEFAULT NULL,
  `DATE_UPDATE` datetime DEFAULT NULL,
  `USER_UPDATE` bigint(20) DEFAULT NULL,
  `CLT_MODULE_ID` bigint(20) DEFAULT NULL
) ENGINE=InnoDB AUTO_INCREMENT=35 DEFAULT CHARSET=utf8;

--
-- Contenu de la table `sm_order`
--

INSERT INTO `sm_order` (`ID`, `NAME`, `DESCRIPTION`, `ORDER_STATUS_ID`, `PAYMENT_METHOD_ID`, `CUSTOMER_ID`, `CHECK_ID`, `VALID`, `OLD_ORDER_ID`, `ACTIVE`, `DATE_CREATION`, `USER_CREATION`, `DATE_UPDATE`, `USER_UPDATE`, `CLT_MODULE_ID`) VALUES
(26, NULL, 'note7', NULL, NULL, 5, NULL, 'Y', NULL, NULL, '2015-02-20 13:17:10', 1, NULL, NULL, 1),
(27, NULL, '12', NULL, NULL, 5, NULL, 'Y', NULL, NULL, '2015-02-20 13:17:10', 1, NULL, NULL, 1),
(28, NULL, 'ref', NULL, NULL, 4, NULL, 'Y', NULL, NULL, '2015-02-20 13:17:10', 1, NULL, NULL, 1),
(29, NULL, 'r2', NULL, NULL, 5, NULL, 'Y', NULL, NULL, '2015-02-20 13:17:10', 1, NULL, NULL, 1),
(30, NULL, '..', NULL, NULL, 6, NULL, 'Y', NULL, NULL, '2015-02-20 13:17:10', 1, NULL, 1, 1),
(31, NULL, NULL, NULL, NULL, NULL, NULL, NULL, NULL, '', '2015-02-20 13:17:10', NULL, NULL, NULL, 1),
(33, NULL, 're', NULL, NULL, 4, NULL, 'Y', NULL, NULL, NULL, 1, NULL, 1, 1),
(34, NULL, 'note1', NULL, NULL, 10, NULL, 'Y', NULL, NULL, NULL, 1, NULL, 1, 1);

-- --------------------------------------------------------

--
-- Structure de la table `sm_order_line`
--

CREATE TABLE `sm_order_line` (
`ID` bigint(20) NOT NULL,
  `DESCRIPTION` tinytext,
  `PRODUCT_ID` bigint(20) DEFAULT NULL,
  `DESIGNATION` text,
  `ORDER_ID` bigint(20) DEFAULT NULL,
  `PROMOTION_ID` bigint(20) DEFAULT NULL,
  `NEGOTIATE_PRICE` double DEFAULT NULL,
  `QUANTITY` bigint(20) DEFAULT NULL,
  `ACTIVE` char(1) CHARACTER SET latin1 DEFAULT 'Y',
  `DATE_CREATION` datetime DEFAULT NULL,
  `USER_CREATION` bigint(20) DEFAULT NULL,
  `DATE_UPDATE` datetime DEFAULT NULL,
  `USER_UPDATE` bigint(20) DEFAULT NULL,
  `REFERENCE` tinytext,
  `PRODUCT_SIZE_ID` bigint(20) DEFAULT NULL,
  `PRODUCT_COLOR_ID` bigint(20) DEFAULT NULL,
  `UNIT_PRICE_BUY` double DEFAULT NULL,
  `TOTAL_PRICE_BUY` double DEFAULT NULL
) ENGINE=InnoDB AUTO_INCREMENT=54 DEFAULT CHARSET=utf8;

--
-- Contenu de la table `sm_order_line`
--

INSERT INTO `sm_order_line` (`ID`, `DESCRIPTION`, `PRODUCT_ID`, `DESIGNATION`, `ORDER_ID`, `PROMOTION_ID`, `NEGOTIATE_PRICE`, `QUANTITY`, `ACTIVE`, `DATE_CREATION`, `USER_CREATION`, `DATE_UPDATE`, `USER_UPDATE`, `REFERENCE`, `PRODUCT_SIZE_ID`, `PRODUCT_COLOR_ID`, `UNIT_PRICE_BUY`, `TOTAL_PRICE_BUY`) VALUES
(43, NULL, 60, NULL, 26, NULL, NULL, 1, NULL, NULL, NULL, NULL, NULL, 'r1', 48, 1, 300, 300),
(44, NULL, 61, NULL, 27, NULL, NULL, 1, NULL, NULL, NULL, NULL, NULL, 'r1', 49, 1, 300, 300),
(45, NULL, 59, NULL, 28, NULL, NULL, 1, NULL, NULL, NULL, NULL, NULL, 'r1', 47, 1, 300, 300),
(46, NULL, 60, NULL, 29, NULL, NULL, 1, NULL, NULL, NULL, NULL, NULL, 'r1', 48, 1, 300, 300),
(47, NULL, 68, NULL, 30, NULL, NULL, 1, NULL, NULL, NULL, NULL, NULL, '6039', 48, 1, 5000, 5000),
(48, NULL, 68, NULL, 30, NULL, NULL, 2, NULL, NULL, NULL, NULL, NULL, '6039', 48, 1, 150, 300),
(50, NULL, 59, NULL, 33, NULL, NULL, 2, NULL, NULL, NULL, NULL, NULL, 'r1', 47, 1, 100, 200),
(51, NULL, 59, NULL, 34, NULL, NULL, 1, NULL, NULL, NULL, NULL, NULL, 'r1', 47, 1, 300, 300),
(52, NULL, 125, NULL, 34, NULL, NULL, 1, NULL, NULL, NULL, NULL, NULL, 'r1', 47, 4, 23, 23),
(53, NULL, 63, NULL, 34, NULL, NULL, 21, NULL, NULL, NULL, NULL, NULL, 'r2', 50, 1, 678, 14238);

-- --------------------------------------------------------

--
-- Structure de la table `sm_order_status`
--

CREATE TABLE `sm_order_status` (
`ID` bigint(20) NOT NULL,
  `NAME` tinytext,
  `DESCRIPTION` text,
  `SORT_KEY` bigint(20) DEFAULT NULL,
  `ACTIVE` char(1) CHARACTER SET latin1 DEFAULT 'Y',
  `DATE_CREATION` datetime DEFAULT NULL,
  `USER_CREATION` bigint(20) DEFAULT NULL,
  `DATE_UPDATE` datetime DEFAULT NULL,
  `USER_UPDATE` bigint(20) DEFAULT NULL
) ENGINE=InnoDB DEFAULT CHARSET=utf8;

-- --------------------------------------------------------

--
-- Structure de la table `sm_payment_method`
--

CREATE TABLE `sm_payment_method` (
`ID` bigint(20) NOT NULL,
  `NAME` tinytext,
  `DESCRIPTION` text,
  `SORT_KEY` bigint(20) DEFAULT NULL,
  `CLT_MODULE_ID` bigint(20) DEFAULT NULL,
  `ACTIVE` char(1) CHARACTER SET latin1 DEFAULT 'Y',
  `DATE_CREATION` datetime DEFAULT NULL,
  `USER_CREATION` bigint(20) DEFAULT NULL,
  `DATE_UPDATE` datetime DEFAULT NULL,
  `USER_UPDATE` bigint(20) DEFAULT NULL
) ENGINE=InnoDB DEFAULT CHARSET=utf8;

-- --------------------------------------------------------

--
-- Structure de la table `sm_product`
--

CREATE TABLE `sm_product` (
`ID` bigint(20) NOT NULL,
  `DESIGNATION` tinytext CHARACTER SET latin1,
  `PRODUCT_STATUS_ID` bigint(20) DEFAULT NULL,
  `PRODUCT_FAMILY_ID` bigint(20) DEFAULT NULL,
  `QUANTITY` bigint(20) DEFAULT NULL,
  `REFERENCE` tinytext CHARACTER SET latin1,
  `PRODUCT_SIZE_ID` bigint(20) DEFAULT NULL,
  `PRODUCT_COLOR_ID` bigint(20) DEFAULT NULL,
  `PRICE_SALE` double DEFAULT NULL,
  `PRICE_BUY` double DEFAULT NULL,
  `ACTIVE` char(1) CHARACTER SET latin1 DEFAULT 'Y',
  `DATE_CREATION` datetime DEFAULT NULL,
  `USER_CREATION` bigint(20) DEFAULT NULL,
  `DATE_UPDATE` datetime DEFAULT NULL,
  `USER_UPDATE` bigint(20) DEFAULT NULL,
  `CLT_MODULE_ID` bigint(20) DEFAULT NULL
) ENGINE=InnoDB AUTO_INCREMENT=130 DEFAULT CHARSET=utf8;

--
-- Contenu de la table `sm_product`
--

INSERT INTO `sm_product` (`ID`, `DESIGNATION`, `PRODUCT_STATUS_ID`, `PRODUCT_FAMILY_ID`, `QUANTITY`, `REFERENCE`, `PRODUCT_SIZE_ID`, `PRODUCT_COLOR_ID`, `PRICE_SALE`, `PRICE_BUY`, `ACTIVE`, `DATE_CREATION`, `USER_CREATION`, `DATE_UPDATE`, `USER_UPDATE`, `CLT_MODULE_ID`) VALUES
(59, NULL, NULL, NULL, -1, 'r1', 47, 1, NULL, 300, 'Y', NULL, 1, NULL, NULL, 1),
(60, NULL, NULL, NULL, 2, 'r1', 48, 1, NULL, 300, 'Y', NULL, 1, NULL, NULL, 1),
(61, NULL, NULL, NULL, 2, 'r1', 49, 1, NULL, 300, 'Y', NULL, 1, NULL, NULL, 1),
(62, NULL, NULL, NULL, 4, 'r2', 47, 1, NULL, 678, 'Y', NULL, 1, NULL, NULL, 1),
(63, NULL, NULL, NULL, -16, 'r2', 50, 1, NULL, 678, 'Y', NULL, 1, NULL, NULL, 1),
(64, NULL, NULL, NULL, 12, 'r1', 51, 1, 234, 234, 'Y', NULL, 1, NULL, NULL, 1),
(65, NULL, NULL, NULL, 12, 'r1', 51, 1, 14, 14, 'Y', NULL, 1, NULL, NULL, 1),
(66, NULL, NULL, NULL, 1, '6039', 52, 1, 170, 170, 'Y', NULL, 1, NULL, NULL, 1),
(67, NULL, NULL, NULL, 2, '6039', 47, 1, 170, 170, 'Y', NULL, 1, NULL, NULL, 1),
(68, NULL, NULL, NULL, -1, '6039', 48, 1, 170, 170, 'Y', NULL, 1, NULL, NULL, 1),
(69, NULL, NULL, NULL, 1, '6039', 49, 1, 170, 170, 'Y', NULL, 1, NULL, NULL, 1),
(70, NULL, NULL, NULL, 1, '6039', 50, 1, 170, 170, 'Y', NULL, 1, NULL, NULL, 1),
(71, NULL, NULL, NULL, 1, '6039', 53, 1, 170, 170, 'Y', NULL, 1, NULL, NULL, 1),
(72, NULL, NULL, NULL, 1, '169A', 52, 1, 299, 299, 'Y', NULL, 1, NULL, NULL, 1),
(73, NULL, NULL, NULL, 1, '169A', 47, 1, 299, 299, 'Y', NULL, 1, NULL, NULL, 1),
(74, NULL, NULL, NULL, 1, '169A', 48, 1, 299, 299, 'Y', NULL, 1, NULL, NULL, 1),
(75, NULL, NULL, NULL, 1, '169A', 49, 1, 299, 299, 'Y', NULL, 1, NULL, NULL, 1),
(76, NULL, NULL, NULL, 1, '169A', 50, 1, 299, 299, 'Y', NULL, 1, NULL, NULL, 1),
(77, NULL, NULL, NULL, 1, '169A', 53, 1, 299, 299, 'Y', NULL, 1, NULL, NULL, 1),
(78, NULL, NULL, NULL, 1, 'r2', 54, 3, 1, 1, 'Y', NULL, 1, NULL, 1, 1),
(79, NULL, NULL, NULL, 2, 'r2', 55, 3, 1, 1, 'Y', NULL, 1, NULL, 1, 1),
(80, NULL, NULL, NULL, 3, 'r2', 56, 3, 1, 1, 'Y', NULL, 1, NULL, 1, 1),
(81, NULL, NULL, NULL, 4, 'r2', 56, 3, 1, 1, 'Y', NULL, 1, NULL, 1, 1),
(82, NULL, NULL, NULL, 4, 'r2', 57, 3, 1, 1, 'Y', NULL, 1, NULL, 1, 1),
(83, NULL, NULL, NULL, 4, 'r2', 57, 3, 1, 1, 'Y', NULL, 1, NULL, 1, 1),
(84, NULL, NULL, NULL, 21, 'R12', 54, 3, 1, 1, 'Y', NULL, 1, NULL, 1, 1),
(85, NULL, NULL, NULL, 1, 'R12', 55, 3, 1, 1, 'Y', NULL, 1, NULL, 1, 1),
(86, NULL, NULL, NULL, 1, 'R12', 56, 3, 1, 1, 'Y', NULL, 1, NULL, 1, 1),
(87, NULL, NULL, NULL, 1, 'R12', 56, 3, 1, 1, 'Y', NULL, 1, NULL, 1, 1),
(88, NULL, NULL, NULL, 1, 'R12', 57, 3, 1, 1, 'Y', NULL, 1, NULL, 1, 1),
(89, NULL, NULL, NULL, 1, 'R12', 57, 3, 1, 1, 'Y', NULL, 1, NULL, 1, 1),
(90, NULL, NULL, NULL, 1, 'r', 54, 1, 22, 22, 'Y', NULL, 1, NULL, 1, 1),
(91, NULL, NULL, NULL, 1, 'r', 55, 1, 22, 22, 'Y', NULL, 1, NULL, 1, 1),
(92, NULL, NULL, NULL, 1, 'r', 56, 1, 22, 22, 'Y', NULL, 1, NULL, 1, 1),
(93, NULL, NULL, NULL, 1, 'r', 56, 1, 22, 22, 'Y', NULL, 1, NULL, 1, 1),
(94, NULL, NULL, NULL, 1, 'r', 57, 1, 22, 22, 'Y', NULL, 1, NULL, 1, 1),
(95, NULL, NULL, NULL, 11, 'r', 57, 1, 22, 22, 'Y', NULL, 1, NULL, 1, 1),
(96, NULL, NULL, NULL, 3, '666-603', 58, 2, 55, 55, 'Y', NULL, 1, NULL, 1, 1),
(97, NULL, NULL, NULL, 7, '666-603', 59, 2, 55, 55, 'Y', NULL, 1, NULL, 1, 1),
(98, NULL, NULL, NULL, 0, 'rrrrr1', 54, NULL, 0, 0, 'Y', NULL, 1, NULL, NULL, 1),
(99, NULL, NULL, NULL, 0, 'rrrrr1', 55, NULL, 0, 0, 'Y', NULL, 1, NULL, NULL, 1),
(100, NULL, NULL, NULL, 0, 'rrrrr1', 56, NULL, 0, 0, 'Y', NULL, 1, NULL, NULL, 1),
(101, NULL, NULL, NULL, 0, 'rrrrr1', 56, NULL, 0, 0, 'Y', NULL, 1, NULL, NULL, 1),
(102, NULL, NULL, NULL, 0, 'rrrrr1', 57, NULL, 0, 0, 'Y', NULL, 1, NULL, NULL, 1),
(103, NULL, NULL, NULL, 0, 'rrrrr1', 57, NULL, 0, 0, 'Y', NULL, 1, NULL, NULL, 1),
(104, NULL, NULL, NULL, 1, '11', 54, 1, 1, 1, 'Y', NULL, 1, NULL, 1, 1),
(105, NULL, NULL, NULL, 2, '11', 55, 1, 1, 1, 'Y', NULL, 1, NULL, 1, 1),
(106, NULL, NULL, NULL, 1, '11', 56, 1, 1, 1, 'Y', NULL, 1, NULL, 1, 1),
(107, NULL, NULL, NULL, 0, '11', 56, 1, 1, 1, 'Y', NULL, 1, NULL, 1, 1),
(108, NULL, NULL, NULL, 0, '11', 57, 1, 1, 1, 'Y', NULL, 1, NULL, 1, 1),
(109, NULL, NULL, NULL, 0, '11', 57, 1, 1, 1, 'Y', NULL, 1, NULL, 1, 1),
(110, NULL, NULL, NULL, 1, 'kk', 54, 1, 22, 22, 'Y', NULL, 1, NULL, 1, 1),
(111, NULL, NULL, NULL, 1, 'kk', 55, 1, 22, 22, 'Y', NULL, 1, NULL, 1, 1),
(112, NULL, NULL, NULL, 1, 'kk', 56, 1, 22, 22, 'Y', NULL, 1, NULL, 1, 1),
(113, NULL, NULL, NULL, 1, 'kk', 56, 1, 22, 22, 'Y', NULL, 1, NULL, 1, 1),
(114, NULL, NULL, NULL, 1, 'kk', 57, 1, 22, 22, 'Y', NULL, 1, NULL, 1, 1),
(115, NULL, NULL, NULL, 1, 'kk', 57, 1, 22, 22, 'Y', NULL, 1, NULL, 1, 1),
(116, NULL, NULL, NULL, 5, 'ref3', 60, 2, 5, 5, 'Y', NULL, 1, NULL, 1, 1),
(117, NULL, NULL, NULL, 5, 'ref3', 52, 2, 5, 5, 'Y', NULL, 1, NULL, 1, 1),
(118, NULL, NULL, NULL, 5, 'ref3', 47, 2, 5, 5, 'Y', NULL, 1, NULL, 1, 1),
(119, NULL, NULL, NULL, 3, 'ref2', 60, 1, 2, 2, 'Y', NULL, 1, NULL, 1, 1),
(120, NULL, NULL, NULL, 1, 'ref2', 52, 1, 2, 2, 'Y', NULL, 1, NULL, 1, 1),
(121, NULL, NULL, NULL, 1, 'ref2', 47, 1, 2, 2, 'Y', NULL, 1, NULL, 1, 1),
(122, NULL, NULL, NULL, 0, '', 60, NULL, 0, 0, 'Y', NULL, 1, NULL, NULL, 1),
(123, NULL, NULL, NULL, 0, '', 52, NULL, 0, 0, 'Y', NULL, 1, NULL, NULL, 1),
(124, NULL, NULL, NULL, 0, '', 47, NULL, 0, 0, 'Y', NULL, 1, NULL, NULL, 1),
(125, NULL, NULL, NULL, 22, 'r1', 47, 4, 23, 23, 'Y', NULL, 1, NULL, 1, 1),
(126, NULL, NULL, NULL, 33, 'r1', 52, 4, 23, 23, 'Y', NULL, 1, NULL, 1, 1),
(127, NULL, NULL, NULL, 4, 'r1', 60, 4, 23, 23, 'Y', NULL, 1, NULL, 1, 1),
(128, NULL, NULL, NULL, 45, 'r1', 61, 3, 300, 300, 'Y', NULL, 1, NULL, NULL, 1),
(129, NULL, NULL, NULL, 67, 'r2', 61, 1, 69, 69, 'Y', NULL, 1, NULL, NULL, 1);

-- --------------------------------------------------------

--
-- Structure de la table `sm_product_color`
--

CREATE TABLE `sm_product_color` (
`ID` bigint(20) NOT NULL,
  `NAME` tinytext,
  `HEX` tinytext CHARACTER SET latin1,
  `RGB` tinytext CHARACTER SET latin1,
  `SORT_KEY` bigint(20) DEFAULT NULL,
  `ACTIVE` char(1) CHARACTER SET latin1 DEFAULT 'Y',
  `DATE_CREATION` datetime DEFAULT NULL,
  `CLT_MODULE_ID` bigint(20) DEFAULT NULL,
  `USER_CREATION` bigint(20) DEFAULT NULL,
  `DATE_UPDATE` datetime DEFAULT NULL,
  `USER_UPDATE` bigint(20) DEFAULT NULL
) ENGINE=InnoDB AUTO_INCREMENT=14 DEFAULT CHARSET=utf8;

--
-- Contenu de la table `sm_product_color`
--

INSERT INTO `sm_product_color` (`ID`, `NAME`, `HEX`, `RGB`, `SORT_KEY`, `ACTIVE`, `DATE_CREATION`, `CLT_MODULE_ID`, `USER_CREATION`, `DATE_UPDATE`, `USER_UPDATE`) VALUES
(1, 'Blanc1', NULL, NULL, NULL, 'Y', NULL, 1, NULL, NULL, NULL),
(2, 'Bleu', NULL, NULL, NULL, 'Y', NULL, 1, NULL, NULL, NULL),
(3, 'Brun', NULL, NULL, NULL, 'Y', NULL, 1, NULL, NULL, NULL),
(4, 'Gris', NULL, NULL, NULL, 'Y', NULL, 1, NULL, NULL, NULL),
(5, 'Noir', NULL, NULL, NULL, 'Y', NULL, 1, NULL, NULL, NULL),
(6, 'Or', NULL, NULL, NULL, 'Y', NULL, 1, NULL, NULL, NULL),
(7, 'Orange', NULL, NULL, NULL, 'Y', NULL, 1, NULL, NULL, NULL),
(8, 'Rose', NULL, NULL, NULL, 'Y', NULL, 1, NULL, NULL, NULL),
(9, 'Rouge', NULL, NULL, NULL, 'Y', NULL, 1, NULL, NULL, NULL),
(10, 'Vert', NULL, NULL, NULL, 'Y', NULL, 1, NULL, NULL, NULL),
(11, 'Violet', NULL, NULL, NULL, 'Y', NULL, 1, NULL, NULL, NULL),
(12, 'New Color11', NULL, NULL, NULL, 'Y', NULL, 1, NULL, NULL, NULL),
(13, 'bbb', NULL, NULL, NULL, 'Y', NULL, 1, NULL, NULL, NULL);

-- --------------------------------------------------------

--
-- Structure de la table `sm_product_details`
--

CREATE TABLE `sm_product_details` (
`ID` bigint(20) NOT NULL,
  `PRODUCT_ID` bigint(20) DEFAULT NULL,
  `DESIGNATION` tinytext,
  `UNIT_PRICE_BUY` double DEFAULT NULL,
  `REMISE` double DEFAULT NULL,
  `QUANTITY` bigint(20) DEFAULT NULL,
  `TVA` double DEFAULT NULL,
  `ACTIVE` char(1) CHARACTER SET latin1 DEFAULT 'Y',
  `RECEPTION_ID` bigint(20) DEFAULT NULL,
  `DATE_CREATION` datetime DEFAULT NULL,
  `USER_CREATION` bigint(20) DEFAULT NULL,
  `DATE_UPDATE` datetime DEFAULT NULL,
  `USER_UPDATE` bigint(20) DEFAULT NULL,
  `CLT_MODULE_ID` bigint(20) DEFAULT NULL
) ENGINE=InnoDB AUTO_INCREMENT=203 DEFAULT CHARSET=utf8;

--
-- Contenu de la table `sm_product_details`
--

INSERT INTO `sm_product_details` (`ID`, `PRODUCT_ID`, `DESIGNATION`, `UNIT_PRICE_BUY`, `REMISE`, `QUANTITY`, `TVA`, `ACTIVE`, `RECEPTION_ID`, `DATE_CREATION`, `USER_CREATION`, `DATE_UPDATE`, `USER_UPDATE`, `CLT_MODULE_ID`) VALUES
(132, 59, NULL, 300, NULL, 2, NULL, 'Y', 20, NULL, NULL, NULL, NULL, 1),
(133, 60, NULL, 300, NULL, 2, NULL, 'Y', 20, NULL, NULL, NULL, NULL, 1),
(134, 61, NULL, 300, NULL, 2, NULL, 'Y', 20, NULL, NULL, NULL, NULL, 1),
(135, 62, NULL, 678, NULL, 4, NULL, 'Y', 21, NULL, NULL, NULL, NULL, 1),
(136, 63, NULL, 678, NULL, 5, NULL, 'Y', 21, NULL, NULL, NULL, NULL, 1),
(138, 65, NULL, 14, NULL, 12, NULL, 'Y', 22, NULL, NULL, NULL, NULL, 1),
(139, 66, NULL, 170, NULL, 1, NULL, 'Y', 25, NULL, NULL, NULL, NULL, 1),
(140, 67, NULL, 170, NULL, 2, NULL, 'Y', 25, NULL, NULL, NULL, NULL, 1),
(141, 68, NULL, 170, NULL, 2, NULL, 'Y', 25, NULL, NULL, NULL, NULL, 1),
(142, 69, NULL, 170, NULL, 1, NULL, 'Y', 25, NULL, NULL, NULL, NULL, 1),
(143, 70, NULL, 170, NULL, 1, NULL, 'Y', 25, NULL, NULL, NULL, NULL, 1),
(144, 71, NULL, 170, NULL, 1, NULL, 'Y', 25, NULL, NULL, NULL, NULL, 1),
(145, 72, NULL, 299, NULL, 1, NULL, 'Y', 25, NULL, NULL, NULL, NULL, 1),
(146, 73, NULL, 299, NULL, 1, NULL, 'Y', 25, NULL, NULL, NULL, NULL, 1),
(147, 74, NULL, 299, NULL, 1, NULL, 'Y', 25, NULL, NULL, NULL, NULL, 1),
(148, 75, NULL, 299, NULL, 1, NULL, 'Y', 25, NULL, NULL, NULL, NULL, 1),
(149, 76, NULL, 299, NULL, 1, NULL, 'Y', 25, NULL, NULL, NULL, NULL, 1),
(150, 77, NULL, 299, NULL, 1, NULL, 'Y', 25, NULL, NULL, NULL, NULL, 1),
(151, 78, NULL, 1, NULL, 1, NULL, 'Y', 27, NULL, NULL, NULL, NULL, 1),
(152, 79, NULL, 1, NULL, 2, NULL, 'Y', 27, NULL, NULL, NULL, NULL, 1),
(153, 80, NULL, 1, NULL, 3, NULL, 'Y', 27, NULL, NULL, NULL, NULL, 1),
(154, 81, NULL, 1, NULL, 4, NULL, 'Y', 27, NULL, NULL, NULL, NULL, 1),
(155, 82, NULL, 1, NULL, 4, NULL, 'Y', 27, NULL, NULL, NULL, NULL, 1),
(156, 83, NULL, 1, NULL, 4, NULL, 'Y', 27, NULL, NULL, NULL, NULL, 1),
(157, 84, NULL, 1, NULL, 21, NULL, 'Y', 27, NULL, NULL, NULL, NULL, 1),
(158, 85, NULL, 1, NULL, 1, NULL, 'Y', 27, NULL, NULL, NULL, NULL, 1),
(159, 86, NULL, 1, NULL, 1, NULL, 'Y', 27, NULL, NULL, NULL, NULL, 1),
(160, 87, NULL, 1, NULL, 1, NULL, 'Y', 27, NULL, NULL, NULL, NULL, 1),
(161, 88, NULL, 1, NULL, 1, NULL, 'Y', 27, NULL, NULL, NULL, NULL, 1),
(162, 89, NULL, 1, NULL, 1, NULL, 'Y', 27, NULL, NULL, NULL, NULL, 1),
(163, 90, NULL, 22, NULL, 1, NULL, 'Y', 27, NULL, NULL, NULL, NULL, 1),
(164, 91, NULL, 22, NULL, 1, NULL, 'Y', 27, NULL, NULL, NULL, NULL, 1),
(165, 92, NULL, 22, NULL, 1, NULL, 'Y', 27, NULL, NULL, NULL, NULL, 1),
(166, 93, NULL, 22, NULL, 1, NULL, 'Y', 27, NULL, NULL, NULL, NULL, 1),
(167, 94, NULL, 22, NULL, 1, NULL, 'Y', 27, NULL, NULL, NULL, NULL, 1),
(168, 95, NULL, 22, NULL, 11, NULL, 'Y', 27, NULL, NULL, NULL, NULL, 1),
(169, 96, NULL, 55, NULL, 3, NULL, 'Y', 26, NULL, NULL, NULL, NULL, 1),
(170, 97, NULL, 55, NULL, 7, NULL, 'Y', 26, NULL, NULL, NULL, NULL, 1),
(171, 98, NULL, 0, NULL, 0, NULL, 'Y', 27, NULL, NULL, NULL, NULL, 1),
(172, 99, NULL, 0, NULL, 0, NULL, 'Y', 27, NULL, NULL, NULL, NULL, 1),
(173, 100, NULL, 0, NULL, 0, NULL, 'Y', 27, NULL, NULL, NULL, NULL, 1),
(174, 101, NULL, 0, NULL, 0, NULL, 'Y', 27, NULL, NULL, NULL, NULL, 1),
(175, 102, NULL, 0, NULL, 0, NULL, 'Y', 27, NULL, NULL, NULL, NULL, 1),
(176, 103, NULL, 0, NULL, 0, NULL, 'Y', 27, NULL, NULL, NULL, NULL, 1),
(177, 104, NULL, 1, NULL, 1, NULL, 'Y', 27, NULL, NULL, NULL, NULL, 1),
(178, 105, NULL, 1, NULL, 2, NULL, 'Y', 27, NULL, NULL, NULL, NULL, 1),
(179, 106, NULL, 1, NULL, 1, NULL, 'Y', 27, NULL, NULL, NULL, NULL, 1),
(180, 107, NULL, 1, NULL, 0, NULL, 'Y', 27, NULL, NULL, NULL, NULL, 1),
(181, 108, NULL, 1, NULL, 0, NULL, 'Y', 27, NULL, NULL, NULL, NULL, 1),
(182, 109, NULL, 1, NULL, 0, NULL, 'Y', 27, NULL, NULL, NULL, NULL, 1),
(183, 110, NULL, 22, NULL, 1, NULL, 'Y', 27, NULL, NULL, NULL, NULL, 1),
(184, 111, NULL, 22, NULL, 1, NULL, 'Y', 27, NULL, NULL, NULL, NULL, 1),
(185, 112, NULL, 22, NULL, 1, NULL, 'Y', 27, NULL, NULL, NULL, NULL, 1),
(186, 113, NULL, 22, NULL, 1, NULL, 'Y', 27, NULL, NULL, NULL, NULL, 1),
(187, 114, NULL, 22, NULL, 1, NULL, 'Y', 27, NULL, NULL, NULL, NULL, 1),
(188, 115, NULL, 22, NULL, 1, NULL, 'Y', 27, NULL, NULL, NULL, NULL, 1),
(189, 116, NULL, 5, NULL, 5, NULL, 'Y', 29, NULL, NULL, NULL, NULL, 1),
(190, 117, NULL, 5, NULL, 5, NULL, 'Y', 29, NULL, NULL, NULL, NULL, 1),
(191, 118, NULL, 5, NULL, 5, NULL, 'Y', 29, NULL, NULL, NULL, NULL, 1),
(192, 119, NULL, 2, NULL, 3, NULL, 'Y', 29, NULL, NULL, NULL, NULL, 1),
(193, 120, NULL, 2, NULL, 1, NULL, 'Y', 29, NULL, NULL, NULL, NULL, 1),
(194, 121, NULL, 2, NULL, 1, NULL, 'Y', 29, NULL, NULL, NULL, NULL, 1),
(195, 122, NULL, 0, NULL, 0, NULL, 'Y', 29, NULL, NULL, NULL, NULL, 1),
(196, 123, NULL, 0, NULL, 0, NULL, 'Y', 29, NULL, NULL, NULL, NULL, 1),
(197, 124, NULL, 0, NULL, 0, NULL, 'Y', 29, NULL, NULL, NULL, NULL, 1),
(201, 128, NULL, 300, NULL, 45, NULL, 'Y', 33, NULL, NULL, NULL, NULL, 1),
(202, 129, NULL, 69, NULL, 67, NULL, 'Y', 33, NULL, NULL, NULL, NULL, 1);

-- --------------------------------------------------------

--
-- Structure de la table `sm_product_family`
--

CREATE TABLE `sm_product_family` (
`ID` bigint(20) NOT NULL,
  `NAME` tinytext,
  `DESCRIPTION` text,
  `PRODUCT_GROUP_ID` bigint(20) DEFAULT NULL,
  `SORT_KEY` bigint(20) DEFAULT NULL,
  `ACTIVE` char(1) CHARACTER SET latin1 DEFAULT 'Y',
  `CLT_MODULE_ID` bigint(20) DEFAULT NULL,
  `DATE_CREATION` datetime DEFAULT NULL,
  `USER_CREATION` bigint(20) DEFAULT NULL,
  `DATE_UPDATE` datetime DEFAULT NULL,
  `USER_UPDATE` bigint(20) DEFAULT NULL
) ENGINE=InnoDB AUTO_INCREMENT=5 DEFAULT CHARSET=utf8;

--
-- Contenu de la table `sm_product_family`
--

INSERT INTO `sm_product_family` (`ID`, `NAME`, `DESCRIPTION`, `PRODUCT_GROUP_ID`, `SORT_KEY`, `ACTIVE`, `CLT_MODULE_ID`, `DATE_CREATION`, `USER_CREATION`, `DATE_UPDATE`, `USER_UPDATE`) VALUES
(1, 'PC', 'family 2', NULL, NULL, 'Y', 1, NULL, NULL, NULL, NULL),
(2, 'Electro', NULL, NULL, NULL, 'Y', 1, NULL, NULL, NULL, NULL),
(3, 'TV', NULL, NULL, NULL, 'Y', 1, NULL, NULL, NULL, NULL),
(4, 'Tools', NULL, NULL, NULL, 'Y', 1, NULL, NULL, NULL, NULL);

-- --------------------------------------------------------

--
-- Structure de la table `sm_product_group`
--

CREATE TABLE `sm_product_group` (
`ID` bigint(20) NOT NULL,
  `NAME` tinytext,
  `DESCRIPTION` text,
  `SORT_KEY` bigint(20) DEFAULT NULL,
  `CLT_MODULE_ID` bigint(20) DEFAULT NULL,
  `ACTIVE` char(1) CHARACTER SET latin1 DEFAULT 'Y',
  `DATE_CREATION` datetime DEFAULT NULL,
  `USER_CREATION` bigint(20) DEFAULT NULL,
  `DATE_UPDATE` datetime DEFAULT NULL,
  `USER_UPDATE` bigint(20) DEFAULT NULL
) ENGINE=InnoDB DEFAULT CHARSET=utf8;

-- --------------------------------------------------------

--
-- Structure de la table `sm_product_size`
--

CREATE TABLE `sm_product_size` (
`ID` bigint(20) NOT NULL,
  `NAME` tinytext,
  `DESCRIPTION` text,
  `SORT_KEY` bigint(20) DEFAULT NULL,
  `CLT_MODULE_ID` bigint(20) DEFAULT NULL,
  `ACTIVE` char(1) CHARACTER SET latin1 DEFAULT 'Y',
  `DATE_CREATION` datetime DEFAULT NULL,
  `USER_CREATION` bigint(20) DEFAULT NULL,
  `DATE_UPDATE` datetime DEFAULT NULL,
  `USER_UPDATE` bigint(20) DEFAULT NULL
) ENGINE=InnoDB AUTO_INCREMENT=62 DEFAULT CHARSET=utf8;

--
-- Contenu de la table `sm_product_size`
--

INSERT INTO `sm_product_size` (`ID`, `NAME`, `DESCRIPTION`, `SORT_KEY`, `CLT_MODULE_ID`, `ACTIVE`, `DATE_CREATION`, `USER_CREATION`, `DATE_UPDATE`, `USER_UPDATE`) VALUES
(47, '37', NULL, NULL, 1, NULL, NULL, 1, NULL, NULL),
(48, '38', NULL, NULL, 1, NULL, NULL, 1, NULL, NULL),
(49, '39', NULL, NULL, 1, NULL, NULL, 1, NULL, NULL),
(50, '40', NULL, NULL, 1, NULL, NULL, 1, NULL, NULL),
(51, '32', NULL, NULL, 1, NULL, NULL, 1, NULL, NULL),
(52, '36', NULL, NULL, 1, NULL, NULL, 1, NULL, NULL),
(53, '41', NULL, NULL, 1, NULL, NULL, 1, NULL, NULL),
(54, '67', NULL, NULL, 1, NULL, NULL, 1, NULL, NULL),
(55, '78', NULL, NULL, 1, NULL, NULL, 1, NULL, NULL),
(56, '89', NULL, NULL, 1, NULL, NULL, 1, NULL, NULL),
(57, '98', NULL, NULL, 1, NULL, NULL, 1, NULL, NULL),
(58, '17', NULL, NULL, 1, NULL, NULL, 1, NULL, NULL),
(59, '23', NULL, NULL, 1, NULL, NULL, 1, NULL, NULL),
(60, '35', NULL, NULL, 1, NULL, NULL, 1, NULL, NULL),
(61, '42', NULL, NULL, 1, NULL, NULL, 1, NULL, NULL);

-- --------------------------------------------------------

--
-- Structure de la table `sm_product_status`
--

CREATE TABLE `sm_product_status` (
`ID` bigint(20) NOT NULL,
  `NAME` tinytext,
  `DESCRIPTION` text,
  `SORT_KEY` bigint(20) DEFAULT NULL,
  `ACTIVE` char(1) CHARACTER SET latin1 DEFAULT 'Y',
  `CLT_MODULE_ID` bigint(20) DEFAULT NULL,
  `DATE_CREATION` datetime DEFAULT NULL,
  `USER_CREATION` bigint(20) DEFAULT NULL,
  `DATE_UPDATE` datetime DEFAULT NULL,
  `USER_UPDATE` bigint(20) DEFAULT NULL
) ENGINE=InnoDB AUTO_INCREMENT=2 DEFAULT CHARSET=utf8;

--
-- Contenu de la table `sm_product_status`
--

INSERT INTO `sm_product_status` (`ID`, `NAME`, `DESCRIPTION`, `SORT_KEY`, `ACTIVE`, `CLT_MODULE_ID`, `DATE_CREATION`, `USER_CREATION`, `DATE_UPDATE`, `USER_UPDATE`) VALUES
(1, 'status1', 'desc', 1, 'Y', 1, NULL, NULL, NULL, NULL);

-- --------------------------------------------------------

--
-- Structure de la table `sm_promotion`
--

CREATE TABLE `sm_promotion` (
`ID` bigint(20) NOT NULL,
  `NAME` tinytext,
  `DESCRIPTION` text,
  `PROMOTION_TYPE_ID` bigint(20) DEFAULT NULL,
  `PRODUCT` bigint(20) DEFAULT NULL,
  `VALUE` double DEFAULT NULL,
  `START_DATE` datetime DEFAULT NULL,
  `END_DATE` datetime DEFAULT NULL,
  `ACTIVE` char(1) CHARACTER SET latin1 DEFAULT 'Y',
  `DATE_CREATION` datetime DEFAULT NULL,
  `USER_CREATION` bigint(20) DEFAULT NULL,
  `DATE_UPDATE` datetime DEFAULT NULL,
  `USER_UPDATE` bigint(20) DEFAULT NULL
) ENGINE=InnoDB DEFAULT CHARSET=utf8;

-- --------------------------------------------------------

--
-- Structure de la table `sm_promotion_type`
--

CREATE TABLE `sm_promotion_type` (
`ID` bigint(20) NOT NULL,
  `NAME` tinytext,
  `DESCRIPTION` text,
  `SORT_KEY` bigint(20) DEFAULT NULL,
  `CLT_MODULE_ID` bigint(20) DEFAULT NULL,
  `ACTIVE` char(1) CHARACTER SET latin1 DEFAULT 'Y',
  `DATE_CREATION` datetime DEFAULT NULL,
  `USER_CREATION` bigint(20) DEFAULT NULL,
  `DATE_UPDATE` datetime DEFAULT NULL,
  `USER_UPDATE` bigint(20) DEFAULT NULL
) ENGINE=InnoDB DEFAULT CHARSET=utf8;

-- --------------------------------------------------------

--
-- Structure de la table `sm_reception`
--

CREATE TABLE `sm_reception` (
`ID` bigint(20) NOT NULL,
  `NAME` tinytext,
  `DESCRIPTION` text,
  `SUPPLIER_ID` bigint(20) DEFAULT NULL,
  `ACTIVE` char(1) CHARACTER SET latin1 DEFAULT 'Y',
  `DEADLINE` datetime DEFAULT NULL,
  `SOUCHE` tinytext,
  `AMOUNT` double DEFAULT NULL,
  `DEPOSIT_ID` bigint(20) DEFAULT NULL,
  `VALID` char(1) DEFAULT 'N',
  `CLT_MODULE_ID` bigint(20) DEFAULT NULL,
  `DATE_CREATION` datetime DEFAULT NULL,
  `USER_CREATION` bigint(20) DEFAULT NULL,
  `DATE_UPDATE` datetime DEFAULT NULL,
  `USER_UPDATE` bigint(20) DEFAULT NULL,
  `SIZES` tinytext
) ENGINE=InnoDB AUTO_INCREMENT=35 DEFAULT CHARSET=utf8;

--
-- Contenu de la table `sm_reception`
--

INSERT INTO `sm_reception` (`ID`, `NAME`, `DESCRIPTION`, `SUPPLIER_ID`, `ACTIVE`, `DEADLINE`, `SOUCHE`, `AMOUNT`, `DEPOSIT_ID`, `VALID`, `CLT_MODULE_ID`, `DATE_CREATION`, `USER_CREATION`, `DATE_UPDATE`, `USER_UPDATE`, `SIZES`) VALUES
(18, 'R1', 'Description de R1', 1, NULL, '2015-02-20 13:17:10', '', NULL, NULL, 'Y', 1, NULL, 1, NULL, 1, '37,38,50'),
(19, 'R1', '', 1, NULL, '2015-02-20 15:25:26', '', NULL, NULL, 'Y', 1, NULL, 1, NULL, 1, ''),
(20, 'R1', '', 1, NULL, '2015-02-20 15:38:26', '', NULL, NULL, 'Y', 1, NULL, 1, NULL, 1, '37,38,39'),
(21, 'R2', '', 1, NULL, '2015-02-20 15:39:21', '', NULL, NULL, 'Y', 1, NULL, 1, NULL, 1, '37,40'),
(22, 'R1', '', 1, NULL, '2015-02-20 17:46:01', '', NULL, NULL, 'Y', 1, NULL, 1, NULL, 1, ''),
(25, 'R1', '', 15, NULL, '2015-02-21 12:04:00', '', NULL, NULL, 'Y', 1, NULL, 1, NULL, 1, '36,37,38,39,40,41'),
(26, 'R1', '', 1, NULL, NULL, '', NULL, NULL, 'N', 1, NULL, 1, NULL, NULL, '17,23'),
(27, 'R02', '', 1, NULL, NULL, '', NULL, NULL, 'N', 1, NULL, 1, NULL, 1, '67,78,89,89,98,98'),
(29, 'R11', '', 1, NULL, NULL, '', NULL, NULL, 'N', 1, NULL, 1, NULL, 1, '35,36,37'),
(30, '', '', NULL, NULL, NULL, '', NULL, NULL, 'N', 1, NULL, 1, NULL, NULL, ''),
(31, '', '', NULL, NULL, NULL, '', NULL, NULL, 'N', 1, NULL, 1, NULL, NULL, ''),
(33, 'R1', 'note', 16, NULL, NULL, 'S4567', NULL, NULL, 'Y', 1, NULL, 1, NULL, 1, '42'),
(34, 'R1', 'hjk', NULL, NULL, '2015-08-01 23:42:30', 'kj', NULL, NULL, 'N', 3, NULL, 1, NULL, NULL, 'hh');

-- --------------------------------------------------------

--
-- Structure de la table `sm_supplier`
--

CREATE TABLE `sm_supplier` (
`ID` bigint(20) NOT NULL,
  `SUPPLIER_TYPE_ID` bigint(20) DEFAULT NULL,
  `FIRST_NAME` tinytext CHARACTER SET latin1,
  `LAST_NAME` tinytext CHARACTER SET latin1,
  `INF_COUNTRY_ID` bigint(20) DEFAULT NULL,
  `INF_CITY_ID` bigint(20) DEFAULT NULL,
  `COMPANY_NAME` tinytext,
  `CELL_PHONE` tinytext CHARACTER SET latin1,
  `FIXED_PHONE` tinytext CHARACTER SET latin1,
  `ADRESS` tinytext CHARACTER SET latin1,
  `EMAIL` tinytext CHARACTER SET latin1,
  `CLT_MODULE_ID` bigint(20) DEFAULT NULL,
  `SORT_KEY` bigint(20) DEFAULT NULL,
  `ACTIVE` char(1) CHARACTER SET latin1 DEFAULT 'Y',
  `DATE_CREATION` datetime DEFAULT NULL,
  `USER_CREATION` bigint(20) DEFAULT NULL,
  `DATE_UPDATE` datetime DEFAULT NULL,
  `USER_UPDATE` bigint(20) DEFAULT NULL,
  `POST_CODE` tinytext
) ENGINE=InnoDB AUTO_INCREMENT=17 DEFAULT CHARSET=utf8;

--
-- Contenu de la table `sm_supplier`
--

INSERT INTO `sm_supplier` (`ID`, `SUPPLIER_TYPE_ID`, `FIRST_NAME`, `LAST_NAME`, `INF_COUNTRY_ID`, `INF_CITY_ID`, `COMPANY_NAME`, `CELL_PHONE`, `FIXED_PHONE`, `ADRESS`, `EMAIL`, `CLT_MODULE_ID`, `SORT_KEY`, `ACTIVE`, `DATE_CREATION`, `USER_CREATION`, `DATE_UPDATE`, `USER_UPDATE`, `POST_CODE`) VALUES
(1, 1, 'Abdessamad', 'HALLAL', 1, 1, 'Sybaway Inc', '+212 6 66 39 18 32', '+212 5 37 60 98 98', 'Kasser Elbher Bloc D 70', 'abdessamad.hallal@gmail.com', 1, NULL, 'Y', NULL, 1, NULL, 1, '40000'),
(15, 1, '', '', 1, 1, 'JIA DA LI SHOES', '', '-', '-', '-', 1, NULL, 'Y', NULL, 1, NULL, 1, ''),
(16, 1, 'Ahmed', 'Ali', 1, 1, 'INF sos', '+212 6 24 40 18 81', '+212 6 24 40 18 81', 'adress', 'aaa@gmail.com', 1, NULL, 'Y', NULL, 1, NULL, NULL, '40000');

-- --------------------------------------------------------

--
-- Structure de la table `sm_supplier_type`
--

CREATE TABLE `sm_supplier_type` (
`ID` bigint(20) NOT NULL,
  `NAME` tinytext,
  `DESCRIPTION` text,
  `CLT_MODULE_ID` bigint(20) DEFAULT NULL,
  `SORT_KEY` bigint(20) DEFAULT NULL,
  `ACTIVE` char(1) CHARACTER SET latin1 DEFAULT 'Y',
  `DATE_CREATION` datetime DEFAULT NULL,
  `USER_CREATION` bigint(20) DEFAULT NULL,
  `DATE_UPDATE` datetime DEFAULT NULL,
  `USER_UPDATE` bigint(20) DEFAULT NULL
) ENGINE=InnoDB AUTO_INCREMENT=8 DEFAULT CHARSET=utf8;

--
-- Contenu de la table `sm_supplier_type`
--

INSERT INTO `sm_supplier_type` (`ID`, `NAME`, `DESCRIPTION`, `CLT_MODULE_ID`, `SORT_KEY`, `ACTIVE`, `DATE_CREATION`, `USER_CREATION`, `DATE_UPDATE`, `USER_UPDATE`) VALUES
(1, 'Type par défaut12', '12', 1, 1, 'N', NULL, NULL, NULL, NULL),
(2, 'nom1', 'description1', 1, NULL, 'Y', NULL, NULL, NULL, NULL),
(3, 'aa', 'bb', 1, NULL, 'Y', NULL, NULL, NULL, NULL),
(4, 'tt', 'err', 1, NULL, 'Y', NULL, NULL, NULL, NULL),
(5, 'tr', 'tr', 1, NULL, 'Y', NULL, NULL, NULL, NULL),
(6, 'type1111', 'type222', 1, NULL, 'Y', NULL, NULL, NULL, NULL),
(7, 'nouveau type ', 'centre', 1, NULL, 'Y', NULL, NULL, NULL, NULL);

-- --------------------------------------------------------

--
-- Structure de la table `tmp_pm_page`
--

CREATE TABLE `tmp_pm_page` (
  `ID` bigint(20) NOT NULL DEFAULT '0',
  `NAME` tinytext,
  `DESCRIPTION` text,
  `LABEL` tinytext CHARACTER SET latin1,
  `SORT_KEY` bigint(20) DEFAULT NULL,
  `PAGE_TYPE_ID` bigint(20) DEFAULT NULL,
  `ACTIVE` char(1) CHARACTER SET latin1 DEFAULT 'Y',
  `USER_CREATION` bigint(20) DEFAULT NULL,
  `DATE_CREATION` datetime DEFAULT NULL,
  `USER_UPDATE` bigint(20) DEFAULT NULL,
  `DATE_UPDATE` datetime DEFAULT NULL,
  `PACKAGE_JAVA` tinytext,
  `FOLDER_JSF` tinytext
) ENGINE=InnoDB DEFAULT CHARSET=utf8

;

--
-- Contenu de la table `tmp_pm_page`
--

INSERT INTO `tmp_pm_page` (`ID`, `NAME`, `DESCRIPTION`, `LABEL`, `SORT_KEY`, `PAGE_TYPE_ID`, `ACTIVE`, `USER_CREATION`, `DATE_CREATION`, `USER_UPDATE`, `DATE_UPDATE`, `PACKAGE_JAVA`, `FOLDER_JSF`) VALUES
(1, 'page Test', 'page test1', 'page1', 1, 1, 'Y', NULL, NULL, NULL, NULL, 'ma.mystock.web.beans.stock.page1', 'stock/page1'),
(2, 'Page add admin ', 'Page add admin', 'addAdmin', 1, 1, 'Y', NULL, NULL, NULL, NULL, 'ma.mystock.web.beans.admin.addAdmin', 'admin/addAdmin'),
(3, 'Page Expense', 'Page pour la gestion des dépense', 'expense', 1, 1, 'Y', NULL, NULL, NULL, NULL, 'ma.mystock.web.beans.stock.expense', 'stock/expense'),
(4, 'Page Supplier', 'Page pour la gestion des fournisseurs', 'supplier', 1, 1, 'Y', NULL, NULL, NULL, NULL, 'ma.mystock.web.beans.stock.supplier', 'stock/supplier'),
(5, 'Page produit', 'Page pour la gestion des produits', 'product', 1, 1, 'Y', NULL, NULL, NULL, NULL, 'ma.mystock.web.beans.stock.product', 'stock/product'),
(6, 'Page de réception', 'Page pour la gestion des réceptions et BL', 'reception', 1, 1, 'Y', NULL, NULL, NULL, NULL, 'ma.mystock.web.beans.stock.reception', 'stock/reception'),
(7, 'Page de custmer', 'customer', 'customer', 1, 1, 'Y', NULL, NULL, NULL, NULL, 'ma.mystock.web.beans.stock.customer', 'stock/customer'),
(8, 'Page de validation des réceptions', 'Page de validation des réceptions', 'receptionValidation', 1, 1, 'Y', NULL, NULL, NULL, NULL, 'ma.mystock.web.beans.stock.receptionValidation', 'stock/receptionValidation'),
(9, 'page de historique de reception', 'page de historique de reception', 'receptionHistory', 1, 1, 'Y', NULL, NULL, NULL, NULL, 'ma.mystock.web.beans.stock.receptionHistory', 'stock/receptionHistory'),
(10, 'Page de promotion des prodtuis', 'promo produit', 'encours', 1, 1, 'Y', NULL, NULL, NULL, NULL, 'ma.mystock.web.beans.stock.encours', 'stock/encours'),
(11, 'Inventaire', NULL, 'inventaire', NULL, 1, 'Y', NULL, NULL, NULL, NULL, 'ma.mystock.web.beans.stock.inventaire', 'stock/inventaire'),
(12, 'statut de stock : capital', NULL, 'stockState', NULL, 1, 'Y', NULL, NULL, NULL, NULL, 'ma.mystock.web.beans.stock.stockState', 'stock/stockState'),
(13, 'Bon de livraison Client', NULL, 'bonLivraison', NULL, 1, 'Y', NULL, NULL, NULL, NULL, 'ma.mystock.web.beans.stock.bonLivraison', 'stock/bonLivraison'),
(14, 'Valdation de Bon de livraison Client', NULL, 'blValidation', NULL, 1, 'Y', NULL, NULL, NULL, NULL, 'ma.mystock.web.beans.stock.blValidation', 'stock/blValidation'),
(15, 'Historique de Bon de livraison Client', NULL, 'blHistory', NULL, 1, 'Y', NULL, NULL, NULL, NULL, 'ma.mystock.web.beans.stock.blHistory', 'stock/blHistory'),
(16, 'les rapports cotidiennet', NULL, 'rapDaily', NULL, 1, 'Y', NULL, NULL, NULL, NULL, 'ma.mystock.web.beans.stock.rapDaily', 'stock/rapDaily'),
(17, 'Changé un produit', NULL, 'encours', NULL, 1, 'Y', NULL, NULL, NULL, NULL, 'ma.mystock.web.beans.stock.encours', 'stock/encours'),
(18, 'avance de produit', NULL, 'encours', NULL, 1, 'Y', NULL, NULL, NULL, NULL, 'ma.mystock.web.beans.stock.encours', 'stock/encours'),
(19, 'la liste des valeurs', NULL, 'lovs', NULL, 1, 'Y', NULL, NULL, NULL, NULL, 'ma.mystock.web.beans.admin.lovs', 'admin/lovs'),
(20, 'Mon profil', NULL, 'profile', 1, 1, 'Y', NULL, NULL, NULL, NULL, 'ma.mystock.web.beans.admin.profile', 'admin/profile'),
(21, 'Les paramètres basiques', NULL, 'basicParameter', NULL, 1, 'Y', NULL, NULL, NULL, NULL, 'ma.mystock.web.beans.webmaster.basicParameter', 'webMaster/basicParameter'),
(22, 'Paramètres', NULL, 'parameter', NULL, 1, 'Y', NULL, NULL, NULL, NULL, 'ma.mystock.web.beans.webmaster.parameter', 'webMaster/parameter'),
(23, 'Parameter du module', NULL, 'moduleParameter', NULL, 1, 'Y', NULL, NULL, NULL, NULL, 'ma.mystock.web.beans.webmaster.moduleParameter', 'webMaster/moduleParameter'),
(24, 'Parameter du page', NULL, 'pageParameter', NULL, 1, 'Y', NULL, NULL, NULL, NULL, 'ma.mystock.web.beans.webmaster.pageParameter', 'webMaster/pageParameter'),
(25, 'Parameter du client', NULL, 'parameterClient', NULL, 1, 'Y', NULL, NULL, NULL, NULL, 'ma.mystock.web.beans.webmaster.parameterClient', 'webMaster/parameterClient'),
(26, 'Parameter du module/client', NULL, 'moduleParameterClient', NULL, 1, 'Y', NULL, NULL, NULL, NULL, 'ma.mystock.web.beans.webmaster.moduleParameterClient', 'webMaster/moduleParameterClient'),
(27, 'Parameter du page/module', NULL, 'pageParameterModule', NULL, 1, 'Y', NULL, NULL, NULL, NULL, 'ma.mystock.web.beans.webmaster.pageParameterModule', 'webMaster/pageParameterModule');

-- --------------------------------------------------------

--
-- Structure de la table `tmp_pm_validation_type`
--

CREATE TABLE `tmp_pm_validation_type` (
  `ID` bigint(20) NOT NULL DEFAULT '0',
  `NAME` tinytext,
  `DESCRIPTION` text,
  `PARAM_NUMBER` bigint(20) DEFAULT NULL,
  `ERROR_MESSAGE` tinytext,
  `HELP` text CHARACTER SET latin1,
  `SORT_KEY` bigint(20) DEFAULT NULL,
  `ACTIVE` char(1) CHARACTER SET latin1 DEFAULT 'Y',
  `DATE_CREATION` datetime DEFAULT NULL,
  `USER_CREATION` bigint(20) DEFAULT NULL,
  `DATE_UPDATE` datetime DEFAULT NULL,
  `USER_UPDATE` bigint(20) DEFAULT NULL
) ENGINE=InnoDB DEFAULT CHARSET=utf8

;

--
-- Contenu de la table `tmp_pm_validation_type`
--

INSERT INTO `tmp_pm_validation_type` (`ID`, `NAME`, `DESCRIPTION`, `PARAM_NUMBER`, `ERROR_MESSAGE`, `HELP`, `SORT_KEY`, `ACTIVE`, `DATE_CREATION`, `USER_CREATION`, `DATE_UPDATE`, `USER_UPDATE`) VALUES
(1, 'integer', 'integer', 0, 'validation.v1.integer', 'validation.v1.integer', 1, 'Y', NULL, NULL, NULL, NULL),
(2, 'double', 'double', 0, 'validation.v1.double', 'validation.v1.double', 2, 'Y', NULL, NULL, NULL, NULL),
(3, 'char', 'char', 0, 'validation.v1.char', 'validation.v1.char', 3, 'Y', NULL, NULL, NULL, NULL),
(4, 'date', 'date', 0, 'validation.v1.date', 'validation.v1.date', 4, 'Y', NULL, NULL, NULL, NULL),
(5, 'time', 'time', 0, 'validation.v1.time', 'validation.v1.time', 5, 'Y', NULL, NULL, NULL, NULL),
(6, 'datetime', 'datetime', 0, 'validation.v1.datetime', 'validation.v1.datetime', 6, 'Y', NULL, NULL, NULL, NULL),
(7, 'email', 'email', 0, 'validation.v1.email', 'validation.v1.email', 7, 'Y', NULL, NULL, NULL, NULL),
(8, 'phone', 'phone', 0, 'validation.v1.phone', 'validation.v1.phone', 8, 'Y', NULL, NULL, NULL, NULL),
(9, 'maxlenght', 'maxlenght', 0, 'validation.v1.maxlenght', 'validation.v1.maxlenght', 9, 'Y', NULL, NULL, NULL, NULL),
(10, 'required', 'required', 0, 'validation.v1.required', 'validation.v1.required', 10, 'Y', NULL, NULL, NULL, NULL);

-- --------------------------------------------------------

--
-- Doublure de structure pour la vue `v_clt_client`
--
CREATE TABLE `v_clt_client` (
`ID` bigint(20)
,`FIRST_NAME` tinytext
,`LAST_NAME` tinytext
,`COMPANY_NAME` tinytext
,`ADRESS` tinytext
,`EMAIL` tinytext
,`CELL_PHONE` tinytext
,`FIXED_PHONE` tinytext
,`CURRENCY` tinytext
,`INF_COUNTRY_ID` bigint(20)
,`INF_CITY_ID` bigint(20)
,`CLIENT_STATUS_ID` bigint(20)
,`DEFAULT_LANGUAGE_ID` bigint(20)
,`ACTIVE` char(1)
,`DATE_CREATION` datetime
,`USER_CREATION` bigint(20)
,`DATE_UPDATE` datetime
,`USER_UPDATE` bigint(20)
);
-- --------------------------------------------------------

--
-- Doublure de structure pour la vue `v_clt_client_details`
--
CREATE TABLE `v_clt_client_details` (
`ID` bigint(20)
,`FIRST_NAME` tinytext
,`LAST_NAME` tinytext
,`COMPANY_NAME` tinytext
,`ADRESS` tinytext
,`EMAIL` tinytext
,`CELL_PHONE` tinytext
,`FIXED_PHONE` tinytext
,`CURRENCY` tinytext
,`INF_COUNTRY_ID` bigint(20)
,`INF_CITY_ID` bigint(20)
,`CLIENT_STATUS_ID` bigint(20)
,`DEFAULT_LANGUAGE_ID` bigint(20)
,`ACTIVE` char(1)
,`DATE_CREATION` datetime
,`USER_CREATION` bigint(20)
,`DATE_UPDATE` datetime
,`USER_UPDATE` bigint(20)
);
-- --------------------------------------------------------

--
-- Doublure de structure pour la vue `v_clt_client_language`
--
CREATE TABLE `v_clt_client_language` (
`CODE` varchar(41)
,`CLIENT_ID` bigint(20)
,`INF_LANGUAGE_ID` bigint(20)
,`INF_LANGUAGE_CODE` tinytext
,`INF_PREFIX_ID` bigint(20)
,`INF_PREFIX_CODE` tinytext
);
-- --------------------------------------------------------

--
-- Doublure de structure pour la vue `v_clt_module`
--
CREATE TABLE `v_clt_module` (
`ID` bigint(20)
,`module_name` tinytext
,`module_description` text
,`module_type_name` tinytext
,`client_id` bigint(20)
,`active` char(1)
);
-- --------------------------------------------------------

--
-- Doublure de structure pour la vue `v_clt_modules_dto`
--
CREATE TABLE `v_clt_modules_dto` (
`id` bigint(20)
,`name` tinytext
,`description` text
,`module_status_id` bigint(20)
,`client_id` bigint(20)
);
-- --------------------------------------------------------

--
-- Doublure de structure pour la vue `v_clt_module_details`
--
CREATE TABLE `v_clt_module_details` (
`ID` bigint(20)
,`NAME` tinytext
,`DESCRIPTION` text
,`CLIENT_ID` bigint(20)
,`MODULE_STATUS_ID` bigint(20)
,`SORT_KEY` bigint(20)
,`ACTIVE` char(1)
,`DATE_CREATION` datetime
,`USER_CREATION` bigint(20)
,`DATE_UPDATE` datetime
,`USER_UPDATE` bigint(20)
);
-- --------------------------------------------------------

--
-- Doublure de structure pour la vue `v_clt_module_parameter`
--
CREATE TABLE `v_clt_module_parameter` (
`id` bigint(20)
,`name` tinytext
,`description` text
,`DEFAULT_VALUE` text
,`MODULE_PARAMETER_TYPE_ID` bigint(20)
,`clt_module_parameter_type_name` tinytext
,`active` char(1)
,`can_be_delete` varchar(5)
);
-- --------------------------------------------------------

--
-- Doublure de structure pour la vue `v_clt_module_parameter_client`
--
CREATE TABLE `v_clt_module_parameter_client` (
`ID` bigint(20)
,`module_parameter_name` tinytext
,`module_parameter_type_name` tinytext
,`DEFAULT_VALUE` text
,`value` longtext
,`CLIENT_ID` bigint(20)
,`module_id` bigint(20)
,`clt_module_parameter_id` bigint(20)
,`active` char(1)
,`can_be_delete` varchar(5)
);
-- --------------------------------------------------------

--
-- Doublure de structure pour la vue `v_clt_module_parameter_type`
--
CREATE TABLE `v_clt_module_parameter_type` (
`ID` bigint(20)
,`NAME` tinytext
,`DESCRIPTION` text
,`SORT_KEY` bigint(20)
,`ACTIVE` char(1)
,`DATE_CREATION` datetime
,`USER_CREATION` bigint(20)
,`DATE_UPDATE` datetime
,`USER_UPDATE` bigint(20)
);
-- --------------------------------------------------------

--
-- Doublure de structure pour la vue `v_clt_parameter`
--
CREATE TABLE `v_clt_parameter` (
`id` bigint(20)
,`name` tinytext
,`description` tinytext
,`DEFAULT_VALUE` text
,`PARAMETER_TYPE_ID` bigint(20)
,`clt_parameter_type_name` tinytext
,`active` char(1)
,`can_be_delete` varchar(5)
);
-- --------------------------------------------------------

--
-- Doublure de structure pour la vue `v_clt_parameters`
--
CREATE TABLE `v_clt_parameters` (
`CODE` varchar(41)
,`ID` bigint(20)
,`PARAMETER_TYPE_ID` bigint(20)
,`CLINET_ID` bigint(20)
,`VAL` longtext
,`VALUE` longtext
,`DEFAULT_VALUE` text
);
-- --------------------------------------------------------

--
-- Doublure de structure pour la vue `v_clt_parameter_client`
--
CREATE TABLE `v_clt_parameter_client` (
`ID` bigint(20)
,`first_name` tinytext
,`last_name` tinytext
,`paramater_name` tinytext
,`parameter_type_name` tinytext
,`DEFAULT_VALUE` text
,`value` longtext
,`CLINET_ID` bigint(20)
,`PARAMETER_ID` bigint(20)
,`active` char(1)
,`can_be_delete` varchar(5)
);
-- --------------------------------------------------------

--
-- Doublure de structure pour la vue `v_clt_parameter_type`
--
CREATE TABLE `v_clt_parameter_type` (
`ID` bigint(20)
,`NAME` tinytext
,`DESCRIPTION` text
,`SORT_KEY` bigint(20)
,`ACTIVE` char(1)
,`DATE_CREATION` datetime
,`USER_CREATION` bigint(20)
,`DATE_UPDATE` datetime
,`USER_UPDATE` bigint(20)
);
-- --------------------------------------------------------

--
-- Doublure de structure pour la vue `v_clt_user`
--
CREATE TABLE `v_clt_user` (
);
-- --------------------------------------------------------

--
-- Doublure de structure pour la vue `v_clt_user_client`
--
CREATE TABLE `v_clt_user_client` (
`ID` bigint(20)
,`user_id` bigint(20)
,`client_id` bigint(20)
,`active` char(1)
,`first_name_client` tinytext
,`last_name_client` tinytext
,`company_name` tinytext
,`email` tinytext
);
-- --------------------------------------------------------

--
-- Doublure de structure pour la vue `v_clt_user_details`
--
CREATE TABLE `v_clt_user_details` (
);
-- --------------------------------------------------------

--
-- Doublure de structure pour la vue `v_clt_user_module`
--
CREATE TABLE `v_clt_user_module` (
`ID` bigint(20)
,`USER_ID` bigint(20)
,`MODULE_ID` bigint(20)
,`SUPER_ADMIN` char(1)
);
-- --------------------------------------------------------

--
-- Doublure de structure pour la vue `v_compos_cat`
--
CREATE TABLE `v_compos_cat` (
`clt_module_id` bigint(20)
,`group_id` bigint(20)
,`category_sort` binary(0)
,`category_id` bigint(20)
,`active` char(1)
);
-- --------------------------------------------------------

--
-- Doublure de structure pour la vue `v_inf_basic_parameter`
--
CREATE TABLE `v_inf_basic_parameter` (
`id` bigint(20)
,`name` tinytext
,`description` text
,`value` text
,`basic_parameter_type_id` bigint(20)
,`basic_parameter_type_name` tinytext
,`active` char(1)
,`CAN_BE_DELETE` int(1)
);
-- --------------------------------------------------------

--
-- Doublure de structure pour la vue `v_inf_basic_parameter_type`
--
CREATE TABLE `v_inf_basic_parameter_type` (
`ID` bigint(20)
,`NAME` tinytext
,`DESCRIPTION` text
,`SORT_KEY` bigint(20)
,`ACTIVE` char(1)
,`DATE_CREATION` datetime
,`USER_CREATION` bigint(20)
,`DATE_UPDATE` datetime
,`USER_UPDATE` bigint(20)
,`CAN_BE_DELETE` binary(0)
);
-- --------------------------------------------------------

--
-- Doublure de structure pour la vue `v_inf_city`
--
CREATE TABLE `v_inf_city` (
`ID` bigint(20)
,`CODE` tinytext
,`NAME` tinytext
,`DESCRIPTION` tinytext
,`SORT_KEY` bigint(20)
,`COUNTRY_ID` bigint(20)
,`CLT_MODULE_ID` bigint(20)
,`ACTIVE` char(1)
,`DATE_CREATION` datetime
,`USER_CREATION` bigint(20)
,`DATE_UPDATE` datetime
,`USER_UPDATE` bigint(20)
);
-- --------------------------------------------------------

--
-- Doublure de structure pour la vue `v_inf_country`
--
CREATE TABLE `v_inf_country` (
`ID` bigint(20)
,`CODE` tinytext
,`NAME` tinytext
,`DESCRIPTION` tinytext
,`SORT_KEY` bigint(20)
,`ACTIVE` char(1)
,`DATE_CREATION` datetime
,`USER_CREATION` bigint(20)
,`DATE_UPDATE` datetime
,`USER_UPDATE` bigint(20)
,`CLT_MODULE_ID` bigint(20)
);
-- --------------------------------------------------------

--
-- Doublure de structure pour la vue `v_inf_lovs`
--
CREATE TABLE `v_inf_lovs` (
`ID` bigint(20)
,`NAME` tinytext
,`DESCRIPTION` text
,`TABLE_PREFIX` tinytext
,`TABLE` tinytext
,`VIEW` tinytext
,`ITEM_CODE` tinytext
,`SORT_KEY` bigint(20)
,`ACTIVE` char(20)
,`DATE_CREATION` datetime
,`USER_CREATION` bigint(20)
,`DATE_UPDATE` datetime
,`USER_UPDATE` bigint(20)
,`CLT_MODULE_ID` bigint(20)
,`ENTITY` tinytext
);
-- --------------------------------------------------------

--
-- Doublure de structure pour la vue `v_inf_meta_model`
--
CREATE TABLE `v_inf_meta_model` (
`CODE` text
,`PREFIX_ID` bigint(20)
,`PREFIX_CODE` tinytext
,`ITEM_CODE` varchar(255)
,`VALUE` longtext
,`TEXT_TYPE_ID` bigint(20)
,`TEXT_TYPE_CODE` tinytext
,`LANGUAGE_ID` bigint(20)
,`LANGUAGE_CODE` tinytext
);
-- --------------------------------------------------------

--
-- Doublure de structure pour la vue `v_inf_privileges`
--
CREATE TABLE `v_inf_privileges` (
`CODE` varchar(297)
,`ITEM_CODE` varchar(255)
,`ROLE_ID` bigint(20)
,`ROLE_NAME` tinytext
,`GROUP_ID` bigint(20)
,`GROUP_NAME` tinytext
,`USER_ID` bigint(20)
,`MODULE_ID` bigint(20)
,`CLIENT_ID` bigint(20)
);
-- --------------------------------------------------------

--
-- Doublure de structure pour la vue `v_pm_attribute_date_type`
--
CREATE TABLE `v_pm_attribute_date_type` (
`code` varchar(259)
,`inf_item_code` varchar(255)
,`page_id` bigint(20)
,`clt_module_id` int(1)
,`validation_id` bigint(20)
,`params` tinytext
,`param_number` bigint(20)
,`help` tinytext
,`custom_error` binary(0)
,`error_message` tinytext
);
-- --------------------------------------------------------

--
-- Doublure de structure pour la vue `v_pm_attribute_exclud`
--
CREATE TABLE `v_pm_attribute_exclud` (
`code` varchar(257)
,`inf_item_code` varchar(255)
,`page_id` bigint(20)
,`clt_module_id` int(1)
);
-- --------------------------------------------------------

--
-- Doublure de structure pour la vue `v_pm_attribute_format_type`
--
CREATE TABLE `v_pm_attribute_format_type` (
`code` varchar(259)
,`inf_item_code` varchar(255)
,`page_id` bigint(20)
,`clt_module_id` int(1)
,`validation_id` bigint(20)
,`params` tinytext
,`param_number` bigint(20)
,`help` tinytext
,`custom_error` binary(0)
,`error_message` tinytext
);
-- --------------------------------------------------------

--
-- Doublure de structure pour la vue `v_pm_attribute_max_length`
--
CREATE TABLE `v_pm_attribute_max_length` (
`code` varchar(259)
,`inf_item_code` varchar(255)
,`page_id` bigint(20)
,`clt_module_id` int(1)
,`validation_id` bigint(20)
,`params` bigint(20)
,`param_number` bigint(20)
,`help` text
,`custom_error` binary(0)
,`error_message` tinytext
);
-- --------------------------------------------------------

--
-- Doublure de structure pour la vue `v_pm_attribute_max_word`
--
CREATE TABLE `v_pm_attribute_max_word` (
`code` varchar(259)
,`inf_item_code` varchar(255)
,`page_id` bigint(20)
,`clt_module_id` int(1)
,`validation_id` bigint(20)
,`params` bigint(20)
,`param_number` bigint(20)
,`help` text
,`custom_error` binary(0)
,`error_message` tinytext
);
-- --------------------------------------------------------

--
-- Doublure de structure pour la vue `v_pm_attribute_readonly`
--
CREATE TABLE `v_pm_attribute_readonly` (
`code` varchar(257)
,`inf_item_code` varchar(255)
,`page_id` bigint(20)
,`clt_module_id` int(1)
);
-- --------------------------------------------------------

--
-- Doublure de structure pour la vue `v_pm_attribute_required`
--
CREATE TABLE `v_pm_attribute_required` (
`code` varchar(259)
,`inf_item_code` varchar(255)
,`page_id` bigint(20)
,`clt_module_id` int(1)
,`validation_id` bigint(20)
,`params` binary(0)
,`param_number` bigint(20)
,`help` text
,`custom_error` binary(0)
,`error_message` tinytext
);
-- --------------------------------------------------------

--
-- Doublure de structure pour la vue `v_pm_attribute_validation`
--
CREATE TABLE `v_pm_attribute_validation` (
`code` varchar(318)
,`page_id` bigint(20)
,`item_code` tinytext
,`validation_id` bigint(20)
,`params` mediumtext
,`param_number` bigint(20)
,`help` text
,`custom_error` text
,`clt_module_id` bigint(20)
,`error_message` tinytext
);
-- --------------------------------------------------------

--
-- Doublure de structure pour la vue `v_pm_categorys_dto`
--
CREATE TABLE `v_pm_categorys_dto` (
`code` varchar(62)
,`id` bigint(20)
,`name` tinytext
,`description` text
,`category_type_id` bigint(20)
,`category_sort` binary(0)
,`clt_module_id` bigint(20)
,`group_id` bigint(20)
);
-- --------------------------------------------------------

--
-- Doublure de structure pour la vue `v_pm_composition`
--
CREATE TABLE `v_pm_composition` (
`ID` bigint(20)
,`CLT_MODULE_ID` bigint(20)
,`GROUP_ID` bigint(20)
,`CATEGORY_ID` bigint(20)
,`MENU_ID` bigint(20)
,`PAGE_ID` bigint(20)
,`INDEX_SHOW` char(1)
,`INDEX_SORT` bigint(20)
);
-- --------------------------------------------------------

--
-- Doublure de structure pour la vue `v_pm_groups_dto`
--
CREATE TABLE `v_pm_groups_dto` (
`code` varchar(41)
,`id` bigint(20)
,`name` tinytext
,`description` text
,`group_type_id` bigint(20)
,`sort_key` bigint(20)
,`clt_module_id` bigint(20)
);
-- --------------------------------------------------------

--
-- Doublure de structure pour la vue `v_pm_menus_dto`
--
CREATE TABLE `v_pm_menus_dto` (
`code` varchar(83)
,`id` bigint(20)
,`name` tinytext
,`description` text
,`menu_type_id` bigint(20)
,`menu_sort` bigint(20)
,`clt_module_id` bigint(20)
,`group_id` bigint(20)
,`category_id` bigint(20)
);
-- --------------------------------------------------------

--
-- Doublure de structure pour la vue `v_pm_page`
--
CREATE TABLE `v_pm_page` (
);
-- --------------------------------------------------------

--
-- Doublure de structure pour la vue `v_pm_pages`
--
CREATE TABLE `v_pm_pages` (
`id` bigint(20)
,`name` tinytext
,`description` text
,`classe` binary(0)
,`jsp` binary(0)
,`page_type_id` bigint(20)
,`sort_key` bigint(20)
,`active` char(1)
);
-- --------------------------------------------------------

--
-- Doublure de structure pour la vue `v_pm_pages_dto`
--
CREATE TABLE `v_pm_pages_dto` (
`code` varchar(104)
,`classe` binary(0)
,`jsp` binary(0)
,`id` bigint(20)
,`name` tinytext
,`description` text
,`in_dev` char(1)
,`page_type_id` bigint(20)
,`page_sort` bigint(20)
,`clt_module_id` bigint(20)
,`group_id` bigint(20)
,`category_id` bigint(20)
,`menu_id` bigint(20)
);
-- --------------------------------------------------------

--
-- Doublure de structure pour la vue `v_pm_page_attribute`
--
CREATE TABLE `v_pm_page_attribute` (
`ID` bigint(20)
,`PAGE_ID` bigint(20)
,`INF_ITEM_CODE` varchar(255)
,`PM_COMPONENT_ID` bigint(20)
,`SORT_KEY` bigint(20)
,`ACTIVE` char(1)
,`IS_REQUIRED` char(1)
,`IS_READONLY` char(1)
,`IS_EXCLUD` char(1)
,`DATA_TYPE_ID` bigint(20)
,`FORMAT_TYPE_ID` bigint(20)
,`MAX_LENGHT` bigint(20)
,`MAX_WORD` bigint(20)
,`DATE_CREATION` datetime
,`DATE_UPDATE` varchar(45)
,`USER_CREATION` bigint(20)
,`USER_UPDATE` bigint(20)
);
-- --------------------------------------------------------

--
-- Doublure de structure pour la vue `v_pm_page_module`
--
CREATE TABLE `v_pm_page_module` (
`ID` bigint(20)
,`id_page` bigint(20)
,`CLT_MODULE_ID` bigint(20)
,`page_name` tinytext
,`description` text
,`page_type_name` tinytext
,`active` char(1)
);
-- --------------------------------------------------------

--
-- Doublure de structure pour la vue `v_pm_page_parameter`
--
CREATE TABLE `v_pm_page_parameter` (
`id` bigint(20)
,`name` tinytext
,`description` text
,`DEFAULT_VALUE` text
,`PAGE_PARAMETER_TYPE_ID` bigint(20)
,`pm_page_parameter_type_name` tinytext
,`PAGE_ID` bigint(20)
,`pm_page_name` tinytext
,`active` char(1)
,`can_be_delete` varchar(5)
);
-- --------------------------------------------------------

--
-- Doublure de structure pour la vue `v_pm_page_parameter_module`
--
CREATE TABLE `v_pm_page_parameter_module` (
`code` varchar(41)
,`pm_page_parameter_module_id` bigint(20)
,`PAGE_PARAMETER_ID` bigint(20)
,`VALUE` longtext
,`CLT_MODULE_ID` bigint(20)
,`ACTIVE` char(1)
,`name_page_parameter` tinytext
,`page_parameter_description` text
,`page_parameter_DEFAULT_VALUE` text
,`PAGE_ID` bigint(20)
,`PAGE_PARAMETER_TYPE_ID` bigint(20)
,`name_page_parameter_type` tinytext
,`CLIENT_ID` bigint(20)
,`can_be_delete` varchar(5)
);
-- --------------------------------------------------------

--
-- Doublure de structure pour la vue `v_pm_page_parameter_type`
--
CREATE TABLE `v_pm_page_parameter_type` (
`ID` bigint(20)
,`NAME` tinytext
,`DESCRIPTION` text
,`SORT_KEY` bigint(20)
,`ACTIVE` char(1)
,`DATE_CREATION` datetime
,`USER_CREATION` bigint(20)
,`DATE_UPDATE` datetime
,`USER_UPDATE` bigint(20)
);
-- --------------------------------------------------------

--
-- Doublure de structure pour la vue `v_pm_validation`
--
CREATE TABLE `v_pm_validation` (
`code` varchar(259)
,`page_id` bigint(20)
,`item_code` varchar(255)
,`validation_id` bigint(20)
,`params` tinytext
,`param_number` bigint(20)
,`help` text
,`custom_error` binary(0)
,`clt_module_id` int(11)
,`error_message` tinytext
);
-- --------------------------------------------------------

--
-- Doublure de structure pour la vue `v_sm_color_by_reference`
--
CREATE TABLE `v_sm_color_by_reference` (
`CODE` varchar(297)
,`REFERENCE` tinytext
,`PRODUCT_COLOR_ID` bigint(20)
,`PRODUCT_COLOR_NAME` tinytext
,`CLT_MODULE_ID` bigint(20)
);
-- --------------------------------------------------------

--
-- Doublure de structure pour la vue `v_sm_customer`
--
CREATE TABLE `v_sm_customer` (
`ID` bigint(20)
,`FIRST_NAME` tinytext
,`LAST_NAME` tinytext
,`INF_COUNTRY_ID` bigint(20)
,`INF_CITY_ID` bigint(20)
,`CELL_PHONE` tinytext
,`FIXED_PHONE` tinytext
,`ADRESS` tinytext
,`EMAIL` tinytext
,`CLT_MODULE_ID` bigint(20)
,`CUSTOMER_TYPE_ID` bigint(20)
,`SORT_KEY` bigint(20)
,`ACTIVE` char(1)
,`DATE_CREATION` datetime
,`USER_CREATION` bigint(20)
,`DATE_UPDATE` datetime
,`USER_UPDATE` bigint(20)
,`supplier_type_name` tinytext
,`inf_country_name` tinytext
,`inf_city_name` tinytext
,`can_be_belete` varchar(1)
);
-- --------------------------------------------------------

--
-- Doublure de structure pour la vue `v_sm_customer_type`
--
CREATE TABLE `v_sm_customer_type` (
`ID` bigint(20)
,`NAME` tinytext
,`DESCRIPTION` text
,`CLT_MODULE_ID` bigint(20)
,`SORT_KEY` bigint(20)
,`ACTIVE` char(1)
,`DATE_CREATION` datetime
,`USER_CREATION` bigint(20)
,`DATE_UPDATE` datetime
,`USER_UPDATE` bigint(20)
);
-- --------------------------------------------------------

--
-- Doublure de structure pour la vue `v_sm_deposit`
--
CREATE TABLE `v_sm_deposit` (
`ID` bigint(20)
,`NAME` tinytext
,`DESCRIPTION` text
,`SORT_KEY` bigint(20)
,`CLT_MODULE_ID` bigint(20)
,`ACTIVE` char(1)
,`DATE_CREATION` datetime
,`USER_CREATION` bigint(20)
,`DATE_UPDATE` datetime
,`USER_UPDATE` bigint(20)
);
-- --------------------------------------------------------

--
-- Doublure de structure pour la vue `v_sm_expense`
--
CREATE TABLE `v_sm_expense` (
`ID` bigint(20)
,`NAME` tinytext
,`DESCRIPTION` text
,`AMOUNT` double
,`EXPENSE_TYPE_ID` bigint(20)
,`CLT_MODULE_ID` bigint(20)
,`SORT_KEY` bigint(20)
,`ACTIVE` char(1)
,`DATE_CREATION` datetime
,`USER_CREATION` bigint(20)
,`DATE_UPDATE` datetime
,`USER_UPDATE` bigint(20)
,`EXPENSE_TYPE_NAME` tinytext
,`CLT_MODULE_NAME` tinytext
);
-- --------------------------------------------------------

--
-- Doublure de structure pour la vue `v_sm_expense_type`
--
CREATE TABLE `v_sm_expense_type` (
`ID` bigint(20)
,`NAME` tinytext
,`DESCRIPTION` text
,`ACTIVE` char(1)
,`SORT_KEY` bigint(20)
,`CLT_MODULE_ID` bigint(20)
);
-- --------------------------------------------------------

--
-- Doublure de structure pour la vue `v_sm_inventaire`
--
CREATE TABLE `v_sm_inventaire` (
`id` bigint(20)
,`reference` tinytext
,`product_color_name` tinytext
,`product_size_name` tinytext
,`designation` tinytext
,`quantity` bigint(20)
,`price_buy` double
,`price_sale` double
,`active` char(1)
,`reception_valid_count` bigint(21)
,`unit_price_buy_max` double
,`unit_price_buy_moyenne` double
,`unit_price_buy_min` double
,`quantity_count` bigint(21)
);
-- --------------------------------------------------------

--
-- Doublure de structure pour la vue `v_sm_lovs`
--
CREATE TABLE `v_sm_lovs` (
`code` varchar(40)
,`TABLE_CODE` varchar(17)
,`ID` bigint(20)
,`NAME` text
,`DESCRIPTION` text
,`ACTIVE` char(1)
,`SORT_KEY` bigint(20)
,`CLT_MODULE_ID` bigint(20)
);
-- --------------------------------------------------------

--
-- Doublure de structure pour la vue `v_sm_order`
--
CREATE TABLE `v_sm_order` (
`ID` bigint(20)
,`NAME` tinytext
,`DESCRIPTION` text
,`ORDER_STATUS_ID` bigint(20)
,`PAYMENT_METHOD_ID` bigint(20)
,`CUSTOMER_ID` bigint(20)
,`CHECK_ID` bigint(20)
,`VALID` char(1)
,`OLD_ORDER_ID` bigint(20)
,`ACTIVE` char(1)
,`DATE_CREATION` datetime
,`USER_CREATION` bigint(20)
,`DATE_UPDATE` datetime
,`USER_UPDATE` bigint(20)
,`CLT_MODULE_ID` bigint(20)
,`customer_full_name` varchar(17)
,`sum_quantity` decimal(41,0)
,`sum_total_price_buy` double
);
-- --------------------------------------------------------

--
-- Doublure de structure pour la vue `v_sm_order_line`
--
CREATE TABLE `v_sm_order_line` (
`ID` bigint(20)
,`DESCRIPTION` tinytext
,`PRODUCT_ID` bigint(20)
,`DESIGNATION` text
,`ORDER_ID` bigint(20)
,`PROMOTION_ID` bigint(20)
,`NEGOTIATE_PRICE` double
,`QUANTITY` bigint(20)
,`ACTIVE` char(1)
,`DATE_CREATION` datetime
,`USER_CREATION` bigint(20)
,`DATE_UPDATE` datetime
,`USER_UPDATE` bigint(20)
,`REFERENCE` tinytext
,`PRODUCT_SIZE_ID` bigint(20)
,`PRODUCT_COLOR_ID` bigint(20)
,`UNIT_PRICE_BUY` double
,`TOTAL_PRICE_BUY` double
,`PRODUCT_COLOR_NAME` tinytext
,`PRODUCT_SIZE_NAME` tinytext
);
-- --------------------------------------------------------

--
-- Doublure de structure pour la vue `v_sm_order_summary`
--
CREATE TABLE `v_sm_order_summary` (
`ID` bigint(20)
,`SUM_QUANTITY` decimal(41,0)
,`SUM_TOTAL_PRICE_BUY` double
);
-- --------------------------------------------------------

--
-- Doublure de structure pour la vue `v_sm_product`
--
CREATE TABLE `v_sm_product` (
`ID` bigint(20)
,`DESIGNATION` tinytext
,`PRODUCT_STATUS_ID` bigint(20)
,`PRODUCT_FAMILY_ID` bigint(20)
,`QUANTITY` bigint(20)
,`REFERENCE` tinytext
,`PRODUCT_SIZE_ID` bigint(20)
,`PRODUCT_COLOR_ID` bigint(20)
,`PRICE_SALE` double
,`PRICE_BUY` double
,`ACTIVE` char(1)
,`DATE_CREATION` datetime
,`USER_CREATION` bigint(20)
,`DATE_UPDATE` datetime
,`USER_UPDATE` bigint(20)
,`CLT_MODULE_ID` bigint(20)
,`PRODUCT_COLOR_NAME` tinytext
,`PRODUCT_FAMILY_NAME` char(0)
,`PRODUCT_SIZE_NAME` tinytext
,`PRODUCT_STATUT_NAME` char(0)
);
-- --------------------------------------------------------

--
-- Doublure de structure pour la vue `v_sm_product_color`
--
CREATE TABLE `v_sm_product_color` (
`ID` bigint(20)
,`NAME` tinytext
,`HEX` tinytext
,`RGB` tinytext
,`SORT_KEY` bigint(20)
,`ACTIVE` char(1)
,`DATE_CREATION` datetime
,`CLT_MODULE_ID` bigint(20)
,`USER_CREATION` bigint(20)
,`DATE_UPDATE` datetime
,`USER_UPDATE` bigint(20)
);
-- --------------------------------------------------------

--
-- Doublure de structure pour la vue `v_sm_product_details`
--
CREATE TABLE `v_sm_product_details` (
`id` bigint(20)
,`product_id` bigint(20)
,`designation` tinytext
,`unit_price_buy` double
,`remise` double
,`quantity` bigint(20)
,`active` char(1)
,`reception_id` bigint(20)
,`date_creation` datetime
,`user_creation` bigint(20)
,`date_update` datetime
,`user_update` bigint(20)
,`tva` double
,`ttt` double
,`total_ht` double
,`total_ttc` double
);
-- --------------------------------------------------------

--
-- Doublure de structure pour la vue `v_sm_product_details_group`
--
CREATE TABLE `v_sm_product_details_group` (
`product_id` bigint(20)
,`ids` text
,`reference` tinytext
,`product_color_name` tinytext
,`product_size_names` text
,`quantitys` text
,`sum_quantity` decimal(41,0)
,`unit_price_buy` double
,`sum_unit_price_buy` double
,`reception_id` bigint(20)
,`product_color_id` bigint(20)
);
-- --------------------------------------------------------

--
-- Doublure de structure pour la vue `v_sm_product_family`
--
CREATE TABLE `v_sm_product_family` (
`ID` bigint(20)
,`NAME` tinytext
,`DESCRIPTION` text
,`PRODUCT_GROUP_ID` bigint(20)
,`SORT_KEY` bigint(20)
,`ACTIVE` char(1)
,`CLT_MODULE_ID` bigint(20)
,`DATE_CREATION` datetime
,`USER_CREATION` bigint(20)
,`DATE_UPDATE` datetime
,`USER_UPDATE` bigint(20)
);
-- --------------------------------------------------------

--
-- Doublure de structure pour la vue `v_sm_product_size`
--
CREATE TABLE `v_sm_product_size` (
`ID` bigint(20)
,`NAME` tinytext
,`DESCRIPTION` text
,`SORT_KEY` bigint(20)
,`CLT_MODULE_ID` bigint(20)
,`ACTIVE` char(1)
,`DATE_CREATION` datetime
,`USER_CREATION` bigint(20)
,`DATE_UPDATE` datetime
,`USER_UPDATE` bigint(20)
);
-- --------------------------------------------------------

--
-- Doublure de structure pour la vue `v_sm_product_status`
--
CREATE TABLE `v_sm_product_status` (
`ID` bigint(20)
,`NAME` tinytext
,`DESCRIPTION` text
,`SORT_KEY` bigint(20)
,`ACTIVE` char(1)
,`CLT_MODULE_ID` bigint(20)
,`DATE_CREATION` datetime
,`USER_CREATION` bigint(20)
,`DATE_UPDATE` datetime
,`USER_UPDATE` bigint(20)
);
-- --------------------------------------------------------

--
-- Doublure de structure pour la vue `v_sm_rap_daily`
--
CREATE TABLE `v_sm_rap_daily` (
`order_line_id` bigint(20)
,`clinet_id` bigint(20)
,`module_id` bigint(20)
,`clinet_first_name` tinytext
,`reference` tinytext
,`product_color_name` tinytext
,`product_size_name` tinytext
,`unit_price_buy` double
,`quantity` bigint(20)
,`total_price_buy` double
,`date_creation` datetime
);
-- --------------------------------------------------------

--
-- Doublure de structure pour la vue `v_sm_reception`
--
CREATE TABLE `v_sm_reception` (
`id` bigint(20)
,`name` tinytext
,`description` text
,`supplier_id` bigint(20)
,`active` char(1)
,`deadline` datetime
,`souche` tinytext
,`deposit_id` bigint(20)
,`valid` char(1)
,`sizes` tinytext
,`date_creation` datetime
,`user_creation` bigint(20)
,`date_update` datetime
,`user_update` bigint(20)
,`clt_module_id` bigint(20)
,`amount` double
,`COMPANY_NAME` tinytext
);
-- --------------------------------------------------------

--
-- Doublure de structure pour la vue `v_sm_reception_summary`
--
CREATE TABLE `v_sm_reception_summary` (
`id` bigint(20)
,`quantity_total` decimal(41,0)
,`unit_price_buy_total` double
,`remise_avg` double
,`tva_avg` double
,`total_ht_total` double
,`total_ttc_total` double
);
-- --------------------------------------------------------

--
-- Doublure de structure pour la vue `v_sm_size_by_reference`
--
CREATE TABLE `v_sm_size_by_reference` (
`CODE` varchar(297)
,`REFERENCE` tinytext
,`PRODUCT_SIZE_ID` bigint(20)
,`PRODUCT_SIZE_NAME` tinytext
,`CLT_MODULE_ID` bigint(20)
);
-- --------------------------------------------------------

--
-- Doublure de structure pour la vue `v_sm_stock_state`
--
CREATE TABLE `v_sm_stock_state` (
`total_price_buy` double
,`sum_quantity` decimal(41,0)
,`code` double(17,0)
,`reception_valid_count` bigint(21)
,`unit_price_buy_max` double
,`unit_price_buy_moyenne` double
,`unit_price_buy_min` double
,`quantity_count` bigint(21)
,`product_valid` int(1)
,`product_not_valid` int(1)
,`reception_inprogress_count` int(2)
,`clt_module_id` bigint(20)
);
-- --------------------------------------------------------

--
-- Doublure de structure pour la vue `v_sm_supplier`
--
CREATE TABLE `v_sm_supplier` (
`ID` bigint(20)
,`SUPPLIER_TYPE_ID` bigint(20)
,`FIRST_NAME` tinytext
,`LAST_NAME` tinytext
,`INF_COUNTRY_ID` bigint(20)
,`INF_CITY_ID` bigint(20)
,`COMPANY_NAME` tinytext
,`CELL_PHONE` tinytext
,`FIXED_PHONE` tinytext
,`ADRESS` tinytext
,`EMAIL` tinytext
,`CLT_MODULE_ID` bigint(20)
,`SORT_KEY` bigint(20)
,`ACTIVE` char(1)
,`DATE_CREATION` datetime
,`USER_CREATION` bigint(20)
,`DATE_UPDATE` datetime
,`USER_UPDATE` bigint(20)
,`POST_CODE` tinytext
,`supplier_type_name` tinytext
,`inf_country_name` tinytext
,`inf_city_name` tinytext
,`can_be_belete` varchar(1)
);
-- --------------------------------------------------------

--
-- Doublure de structure pour la vue `v_sm_supplier_type`
--
CREATE TABLE `v_sm_supplier_type` (
`ID` bigint(20)
,`NAME` tinytext
,`DESCRIPTION` text
,`CLT_MODULE_ID` bigint(20)
,`SORT_KEY` bigint(20)
,`ACTIVE` char(1)
,`DATE_CREATION` datetime
,`USER_CREATION` bigint(20)
,`DATE_UPDATE` datetime
,`USER_UPDATE` bigint(20)
);
-- --------------------------------------------------------

--
-- Structure de la vue `v_clt_client`
--
DROP TABLE IF EXISTS `v_clt_client`;

CREATE ALGORITHM=UNDEFINED DEFINER=`root`@`localhost` SQL SECURITY DEFINER VIEW `v_clt_client` AS select `clt_client`.`ID` AS `ID`,`clt_client`.`FIRST_NAME` AS `FIRST_NAME`,`clt_client`.`LAST_NAME` AS `LAST_NAME`,`clt_client`.`COMPANY_NAME` AS `COMPANY_NAME`,`clt_client`.`ADRESS` AS `ADRESS`,`clt_client`.`EMAIL` AS `EMAIL`,`clt_client`.`CELL_PHONE` AS `CELL_PHONE`,`clt_client`.`FIXED_PHONE` AS `FIXED_PHONE`,`clt_client`.`CURRENCY` AS `CURRENCY`,`clt_client`.`INF_COUNTRY_ID` AS `INF_COUNTRY_ID`,`clt_client`.`INF_CITY_ID` AS `INF_CITY_ID`,`clt_client`.`CLIENT_STATUS_ID` AS `CLIENT_STATUS_ID`,`clt_client`.`DEFAULT_LANGUAGE_ID` AS `DEFAULT_LANGUAGE_ID`,`clt_client`.`ACTIVE` AS `ACTIVE`,`clt_client`.`DATE_CREATION` AS `DATE_CREATION`,`clt_client`.`USER_CREATION` AS `USER_CREATION`,`clt_client`.`DATE_UPDATE` AS `DATE_UPDATE`,`clt_client`.`USER_UPDATE` AS `USER_UPDATE` from `clt_client`;

-- --------------------------------------------------------

--
-- Structure de la vue `v_clt_client_details`
--
DROP TABLE IF EXISTS `v_clt_client_details`;

CREATE ALGORITHM=UNDEFINED DEFINER=`root`@`localhost` SQL SECURITY DEFINER VIEW `v_clt_client_details` AS select `CLT_C`.`ID` AS `ID`,`CLT_C`.`FIRST_NAME` AS `FIRST_NAME`,`CLT_C`.`LAST_NAME` AS `LAST_NAME`,`CLT_C`.`COMPANY_NAME` AS `COMPANY_NAME`,`CLT_C`.`ADRESS` AS `ADRESS`,`CLT_C`.`EMAIL` AS `EMAIL`,`CLT_C`.`CELL_PHONE` AS `CELL_PHONE`,`CLT_C`.`FIXED_PHONE` AS `FIXED_PHONE`,`CLT_C`.`CURRENCY` AS `CURRENCY`,`CLT_C`.`INF_COUNTRY_ID` AS `INF_COUNTRY_ID`,`CLT_C`.`INF_CITY_ID` AS `INF_CITY_ID`,`CLT_C`.`CLIENT_STATUS_ID` AS `CLIENT_STATUS_ID`,`CLT_C`.`DEFAULT_LANGUAGE_ID` AS `DEFAULT_LANGUAGE_ID`,`CLT_C`.`ACTIVE` AS `ACTIVE`,`CLT_C`.`DATE_CREATION` AS `DATE_CREATION`,`CLT_C`.`USER_CREATION` AS `USER_CREATION`,`CLT_C`.`DATE_UPDATE` AS `DATE_UPDATE`,`CLT_C`.`USER_UPDATE` AS `USER_UPDATE` from `clt_client` `CLT_C`;

-- --------------------------------------------------------

--
-- Structure de la vue `v_clt_client_language`
--
DROP TABLE IF EXISTS `v_clt_client_language`;

CREATE ALGORITHM=UNDEFINED DEFINER=`root`@`localhost` SQL SECURITY DEFINER VIEW `v_clt_client_language` AS select concat_ws('.',`clt_cl`.`CLIENT_ID`,`inf_l`.`ID`) AS `CODE`,`clt_cl`.`CLIENT_ID` AS `CLIENT_ID`,`inf_l`.`ID` AS `INF_LANGUAGE_ID`,`inf_l`.`CODE` AS `INF_LANGUAGE_CODE`,`inf_p`.`ID` AS `INF_PREFIX_ID`,`inf_p`.`CODE` AS `INF_PREFIX_CODE` from ((`clt_client_language` `clt_cl` join `inf_prefix` `inf_p`) join `inf_language` `inf_l`) where ((`clt_cl`.`LANGUAGE_ID` = `inf_l`.`ID`) and (`clt_cl`.`INF_PREFIX_ID` = `inf_p`.`ID`) and (ucase(`clt_cl`.`ACTIVE`) = convert(ucase('Y') using latin1)) and (ucase(`inf_p`.`ACTIVE`) = convert(ucase('Y') using latin1)) and (ucase(`inf_l`.`ACTIVE`) = convert(ucase('Y') using latin1)));

-- --------------------------------------------------------

--
-- Structure de la vue `v_clt_module`
--
DROP TABLE IF EXISTS `v_clt_module`;

CREATE ALGORITHM=UNDEFINED DEFINER=`root`@`localhost` SQL SECURITY DEFINER VIEW `v_clt_module` AS select `cm`.`ID` AS `ID`,`cm`.`NAME` AS `module_name`,`cm`.`DESCRIPTION` AS `module_description`,`cmt`.`NAME` AS `module_type_name`,`cm`.`CLIENT_ID` AS `client_id`,`cm`.`ACTIVE` AS `active` from (`clt_module` `cm` join `clt_module_type` `cmt`) where (`cm`.`MODULE_TYPE_ID` = `cmt`.`ID`);

-- --------------------------------------------------------

--
-- Structure de la vue `v_clt_modules_dto`
--
DROP TABLE IF EXISTS `v_clt_modules_dto`;

CREATE ALGORITHM=UNDEFINED DEFINER=`root`@`localhost` SQL SECURITY DEFINER VIEW `v_clt_modules_dto` AS select `clt_m`.`ID` AS `id`,`clt_m`.`NAME` AS `name`,`clt_m`.`DESCRIPTION` AS `description`,`clt_m`.`MODULE_STATUS_ID` AS `module_status_id`,`clt_m`.`CLIENT_ID` AS `client_id` from (`clt_module` `clt_m` join `clt_module_status` `clt_ms`) where ((`clt_m`.`MODULE_STATUS_ID` = `clt_ms`.`ID`) and (ucase(`clt_m`.`ACTIVE`) = 'y') and (ucase(`clt_ms`.`ACTIVE`) = 'y') and (ucase(`clt_m`.`ACTIVE`) = 'y')) group by `clt_m`.`ID`,`clt_m`.`NAME`,`clt_m`.`DESCRIPTION`,`clt_m`.`MODULE_STATUS_ID`,`clt_m`.`CLIENT_ID`;

-- --------------------------------------------------------

--
-- Structure de la vue `v_clt_module_details`
--
DROP TABLE IF EXISTS `v_clt_module_details`;

CREATE ALGORITHM=UNDEFINED DEFINER=`root`@`localhost` SQL SECURITY DEFINER VIEW `v_clt_module_details` AS select `CLT_M`.`ID` AS `ID`,`CLT_M`.`NAME` AS `NAME`,`CLT_M`.`DESCRIPTION` AS `DESCRIPTION`,`CLT_M`.`CLIENT_ID` AS `CLIENT_ID`,`CLT_M`.`MODULE_STATUS_ID` AS `MODULE_STATUS_ID`,`CLT_M`.`SORT_KEY` AS `SORT_KEY`,`CLT_M`.`ACTIVE` AS `ACTIVE`,`CLT_M`.`DATE_CREATION` AS `DATE_CREATION`,`CLT_M`.`USER_CREATION` AS `USER_CREATION`,`CLT_M`.`DATE_UPDATE` AS `DATE_UPDATE`,`CLT_M`.`USER_UPDATE` AS `USER_UPDATE` from `clt_module` `CLT_M`

;

-- --------------------------------------------------------

--
-- Structure de la vue `v_clt_module_parameter`
--
DROP TABLE IF EXISTS `v_clt_module_parameter`;

CREATE ALGORITHM=UNDEFINED DEFINER=`root`@`localhost` SQL SECURITY DEFINER VIEW `v_clt_module_parameter` AS select `clt_mod_par`.`ID` AS `id`,`clt_mod_par`.`NAME` AS `name`,`clt_mod_par`.`DESCRIPTION` AS `description`,`clt_mod_par`.`DEFAULT_VALUE` AS `DEFAULT_VALUE`,`clt_mod_par`.`MODULE_PARAMETER_TYPE_ID` AS `MODULE_PARAMETER_TYPE_ID`,`clt_mod_par_type`.`NAME` AS `clt_module_parameter_type_name`,`clt_mod_par`.`ACTIVE` AS `active`,'false' AS `can_be_delete` from (`clt_module_parameter` `clt_mod_par` join `clt_module_parameter_type` `clt_mod_par_type`) where (`clt_mod_par`.`MODULE_PARAMETER_TYPE_ID` = `clt_mod_par_type`.`ID`);

-- --------------------------------------------------------

--
-- Structure de la vue `v_clt_module_parameter_client`
--
DROP TABLE IF EXISTS `v_clt_module_parameter_client`;

CREATE ALGORITHM=UNDEFINED DEFINER=`root`@`localhost` SQL SECURITY DEFINER VIEW `v_clt_module_parameter_client` AS select `cmpc`.`ID` AS `ID`,`cmp`.`NAME` AS `module_parameter_name`,`cmpt`.`NAME` AS `module_parameter_type_name`,`cmp`.`DEFAULT_VALUE` AS `DEFAULT_VALUE`,`cmpc`.`VALUE` AS `value`,`cm`.`CLIENT_ID` AS `CLIENT_ID`,`cm`.`ID` AS `module_id`,`cmp`.`ID` AS `clt_module_parameter_id`,`cmpc`.`ACTIVE` AS `active`,'false' AS `can_be_delete` from (((`clt_module_parameter_client` `cmpc` join `clt_module_parameter` `cmp`) join `clt_module_parameter_type` `cmpt`) join `clt_module` `cm`) where ((`cmpc`.`MODULE_ID` = `cm`.`ID`) and (`cmpc`.`MODULE_PARAMETER_ID` = `cmp`.`ID`) and (`cmp`.`MODULE_PARAMETER_TYPE_ID` = `cmpt`.`ID`));

-- --------------------------------------------------------

--
-- Structure de la vue `v_clt_module_parameter_type`
--
DROP TABLE IF EXISTS `v_clt_module_parameter_type`;

CREATE ALGORITHM=UNDEFINED DEFINER=`root`@`localhost` SQL SECURITY DEFINER VIEW `v_clt_module_parameter_type` AS select `clt_module_parameter_type`.`ID` AS `ID`,`clt_module_parameter_type`.`NAME` AS `NAME`,`clt_module_parameter_type`.`DESCRIPTION` AS `DESCRIPTION`,`clt_module_parameter_type`.`SORT_KEY` AS `SORT_KEY`,`clt_module_parameter_type`.`ACTIVE` AS `ACTIVE`,`clt_module_parameter_type`.`DATE_CREATION` AS `DATE_CREATION`,`clt_module_parameter_type`.`USER_CREATION` AS `USER_CREATION`,`clt_module_parameter_type`.`DATE_UPDATE` AS `DATE_UPDATE`,`clt_module_parameter_type`.`USER_UPDATE` AS `USER_UPDATE` from `clt_module_parameter_type`

;

-- --------------------------------------------------------

--
-- Structure de la vue `v_clt_parameter`
--
DROP TABLE IF EXISTS `v_clt_parameter`;

CREATE ALGORITHM=UNDEFINED DEFINER=`root`@`localhost` SQL SECURITY DEFINER VIEW `v_clt_parameter` AS select `clt_par`.`ID` AS `id`,`clt_par`.`NAME` AS `name`,`clt_par`.`DESCRIPTION` AS `description`,`clt_par`.`DEFAULT_VALUE` AS `DEFAULT_VALUE`,`clt_par`.`PARAMETER_TYPE_ID` AS `PARAMETER_TYPE_ID`,`clt_par_type`.`NAME` AS `clt_parameter_type_name`,`clt_par`.`ACTIVE` AS `active`,'false' AS `can_be_delete` from (`clt_parameter` `clt_par` join `clt_parameter_type` `clt_par_type`) where (`clt_par`.`PARAMETER_TYPE_ID` = `clt_par_type`.`ID`);

-- --------------------------------------------------------

--
-- Structure de la vue `v_clt_parameters`
--
DROP TABLE IF EXISTS `v_clt_parameters`;

CREATE ALGORITHM=UNDEFINED DEFINER=`root`@`localhost` SQL SECURITY DEFINER VIEW `v_clt_parameters` AS select concat_ws('.',`clt_pc`.`CLINET_ID`,`clt_p`.`ID`) AS `CODE`,`clt_p`.`ID` AS `ID`,`clt_p`.`PARAMETER_TYPE_ID` AS `PARAMETER_TYPE_ID`,`clt_pc`.`CLINET_ID` AS `CLINET_ID`,(case when (`clt_pc`.`VALUE` = '') then `clt_p`.`DEFAULT_VALUE` when isnull(`clt_p`.`DEFAULT_VALUE`) then `clt_pc`.`VALUE` else `clt_pc`.`VALUE` end) AS `VAL`,`clt_pc`.`VALUE` AS `VALUE`,`clt_p`.`DEFAULT_VALUE` AS `DEFAULT_VALUE` from ((`clt_parameter` `clt_p` join `clt_parameter_type` `clt_pt`) join `clt_parameter_client` `clt_pc`) where ((`clt_p`.`PARAMETER_TYPE_ID` = `clt_pt`.`ID`) and (`clt_p`.`ID` = `clt_pc`.`PARAMETER_ID`));

-- --------------------------------------------------------

--
-- Structure de la vue `v_clt_parameter_client`
--
DROP TABLE IF EXISTS `v_clt_parameter_client`;

CREATE ALGORITHM=UNDEFINED DEFINER=`root`@`localhost` SQL SECURITY DEFINER VIEW `v_clt_parameter_client` AS select `cpc`.`ID` AS `ID`,`cc`.`FIRST_NAME` AS `first_name`,`cc`.`LAST_NAME` AS `last_name`,`cp`.`NAME` AS `paramater_name`,`cpt`.`NAME` AS `parameter_type_name`,`cp`.`DEFAULT_VALUE` AS `DEFAULT_VALUE`,`cpc`.`VALUE` AS `value`,`cpc`.`CLINET_ID` AS `CLINET_ID`,`cpc`.`PARAMETER_ID` AS `PARAMETER_ID`,`cpc`.`ACTIVE` AS `active`,'false' AS `can_be_delete` from ((((`clt_parameter_client` `cpc` join `clt_parameter_type` `cpt`) join `clt_parameter` `cp`) join `clt_client` `cc`) join `clt_user` `cu`) where ((`cpc`.`CLINET_ID` = `cc`.`ID`) and (`cpc`.`PARAMETER_ID` = `cp`.`ID`) and (`cp`.`PARAMETER_TYPE_ID` = `cpt`.`ID`) and (`cu`.`CLIENT_ID` = `cc`.`ID`));

-- --------------------------------------------------------

--
-- Structure de la vue `v_clt_parameter_type`
--
DROP TABLE IF EXISTS `v_clt_parameter_type`;

CREATE ALGORITHM=UNDEFINED DEFINER=`root`@`localhost` SQL SECURITY DEFINER VIEW `v_clt_parameter_type` AS select `clt_parameter_type`.`ID` AS `ID`,`clt_parameter_type`.`NAME` AS `NAME`,`clt_parameter_type`.`DESCRIPTION` AS `DESCRIPTION`,`clt_parameter_type`.`SORT_KEY` AS `SORT_KEY`,`clt_parameter_type`.`ACTIVE` AS `ACTIVE`,`clt_parameter_type`.`DATE_CREATION` AS `DATE_CREATION`,`clt_parameter_type`.`USER_CREATION` AS `USER_CREATION`,`clt_parameter_type`.`DATE_UPDATE` AS `DATE_UPDATE`,`clt_parameter_type`.`USER_UPDATE` AS `USER_UPDATE` from `clt_parameter_type`

;

-- --------------------------------------------------------

--
-- Structure de la vue `v_clt_user`
--
DROP TABLE IF EXISTS `v_clt_user`;
-- utilisé(#1356 - View 'mystock.v_clt_user' references invalid table(s) or column(s) or function(s) or definer/invoker of view lack rights to use them)

-- --------------------------------------------------------

--
-- Structure de la vue `v_clt_user_client`
--
DROP TABLE IF EXISTS `v_clt_user_client`;

CREATE ALGORITHM=UNDEFINED DEFINER=`root`@`localhost` SQL SECURITY DEFINER VIEW `v_clt_user_client` AS select `cuc`.`ID` AS `ID`,`cuc`.`USER_ID` AS `user_id`,`cuc`.`CLIENT_ID` AS `client_id`,`cuc`.`ACTIVE` AS `active`,`cc`.`FIRST_NAME` AS `first_name_client`,`cc`.`LAST_NAME` AS `last_name_client`,`cc`.`COMPANY_NAME` AS `company_name`,`cc`.`EMAIL` AS `email` from ((`clt_user_client` `cuc` join `clt_user` `cu`) join `clt_client` `cc`) where ((`cuc`.`USER_ID` = `cu`.`ID`) and (`cuc`.`CLIENT_ID` = `cc`.`ID`));

-- --------------------------------------------------------

--
-- Structure de la vue `v_clt_user_details`
--
DROP TABLE IF EXISTS `v_clt_user_details`;
-- utilisé(#1356 - View 'mystock.v_clt_user_details' references invalid table(s) or column(s) or function(s) or definer/invoker of view lack rights to use them)

-- --------------------------------------------------------

--
-- Structure de la vue `v_clt_user_module`
--
DROP TABLE IF EXISTS `v_clt_user_module`;

CREATE ALGORITHM=UNDEFINED DEFINER=`root`@`localhost` SQL SECURITY DEFINER VIEW `v_clt_user_module` AS select `clt_user_module`.`ID` AS `ID`,`clt_user_module`.`USER_ID` AS `USER_ID`,`clt_user_module`.`MODULE_ID` AS `MODULE_ID`,`clt_user_module`.`SUPER_ADMIN` AS `SUPER_ADMIN` from `clt_user_module` where (ucase(`clt_user_module`.`ACTIVE`) = convert(ucase('Y') using latin1));

-- --------------------------------------------------------

--
-- Structure de la vue `v_compos_cat`
--
DROP TABLE IF EXISTS `v_compos_cat`;

CREATE ALGORITHM=UNDEFINED DEFINER=`root`@`localhost` SQL SECURITY DEFINER VIEW `v_compos_cat` AS select `pm_composition`.`CLT_MODULE_ID` AS `clt_module_id`,`pm_composition`.`GROUP_ID` AS `group_id`,NULL AS `category_sort`,`pm_composition`.`CATEGORY_ID` AS `category_id`,`pm_composition`.`ACTIVE` AS `active` from `pm_composition` group by `pm_composition`.`CLT_MODULE_ID`,`pm_composition`.`GROUP_ID`,`pm_composition`.`CATEGORY_SORT`,`pm_composition`.`CATEGORY_ID`,`pm_composition`.`ACTIVE`;

-- --------------------------------------------------------

--
-- Structure de la vue `v_inf_basic_parameter`
--
DROP TABLE IF EXISTS `v_inf_basic_parameter`;

CREATE ALGORITHM=UNDEFINED DEFINER=`root`@`localhost` SQL SECURITY DEFINER VIEW `v_inf_basic_parameter` AS select `inf_cb`.`ID` AS `id`,`inf_cb`.`NAME` AS `name`,`inf_cb`.`DESCRIPTION` AS `description`,`inf_cb`.`VALUE` AS `value`,`inf_cb`.`BASIC_PARAMETER_TYPE_ID` AS `basic_parameter_type_id`,`inf_cbt`.`NAME` AS `basic_parameter_type_name`,`inf_cb`.`ACTIVE` AS `active`,1 AS `CAN_BE_DELETE` from (`inf_basic_parameter` `inf_cb` join `inf_basic_parameter_type` `inf_cbt`) where (`inf_cb`.`BASIC_PARAMETER_TYPE_ID` = `inf_cbt`.`ID`);

-- --------------------------------------------------------

--
-- Structure de la vue `v_inf_basic_parameter_type`
--
DROP TABLE IF EXISTS `v_inf_basic_parameter_type`;

CREATE ALGORITHM=UNDEFINED DEFINER=`root`@`localhost` SQL SECURITY DEFINER VIEW `v_inf_basic_parameter_type` AS select `inf_basic_parameter_type`.`ID` AS `ID`,`inf_basic_parameter_type`.`NAME` AS `NAME`,`inf_basic_parameter_type`.`DESCRIPTION` AS `DESCRIPTION`,`inf_basic_parameter_type`.`SORT_KEY` AS `SORT_KEY`,`inf_basic_parameter_type`.`ACTIVE` AS `ACTIVE`,`inf_basic_parameter_type`.`DATE_CREATION` AS `DATE_CREATION`,`inf_basic_parameter_type`.`USER_CREATION` AS `USER_CREATION`,`inf_basic_parameter_type`.`DATE_UPDATE` AS `DATE_UPDATE`,`inf_basic_parameter_type`.`USER_UPDATE` AS `USER_UPDATE`,NULL AS `CAN_BE_DELETE` from `inf_basic_parameter_type`

;

-- --------------------------------------------------------

--
-- Structure de la vue `v_inf_city`
--
DROP TABLE IF EXISTS `v_inf_city`;

CREATE ALGORITHM=UNDEFINED DEFINER=`root`@`localhost` SQL SECURITY DEFINER VIEW `v_inf_city` AS select `inf_city`.`ID` AS `ID`,`inf_city`.`CODE` AS `CODE`,`inf_city`.`NAME` AS `NAME`,`inf_city`.`DESCRIPTION` AS `DESCRIPTION`,`inf_city`.`SORT_KEY` AS `SORT_KEY`,`inf_city`.`COUNTRY_ID` AS `COUNTRY_ID`,`inf_city`.`CLT_MODULE_ID` AS `CLT_MODULE_ID`,`inf_city`.`ACTIVE` AS `ACTIVE`,`inf_city`.`DATE_CREATION` AS `DATE_CREATION`,`inf_city`.`USER_CREATION` AS `USER_CREATION`,`inf_city`.`DATE_UPDATE` AS `DATE_UPDATE`,`inf_city`.`USER_UPDATE` AS `USER_UPDATE` from `inf_city`

;

-- --------------------------------------------------------

--
-- Structure de la vue `v_inf_country`
--
DROP TABLE IF EXISTS `v_inf_country`;

CREATE ALGORITHM=UNDEFINED DEFINER=`root`@`localhost` SQL SECURITY DEFINER VIEW `v_inf_country` AS select `inf_country`.`ID` AS `ID`,`inf_country`.`CODE` AS `CODE`,`inf_country`.`NAME` AS `NAME`,`inf_country`.`DESCRIPTION` AS `DESCRIPTION`,`inf_country`.`SORT_KEY` AS `SORT_KEY`,`inf_country`.`ACTIVE` AS `ACTIVE`,`inf_country`.`DATE_CREATION` AS `DATE_CREATION`,`inf_country`.`USER_CREATION` AS `USER_CREATION`,`inf_country`.`DATE_UPDATE` AS `DATE_UPDATE`,`inf_country`.`USER_UPDATE` AS `USER_UPDATE`,`inf_country`.`CLT_MODULE_ID` AS `CLT_MODULE_ID` from `inf_country`

;

-- --------------------------------------------------------

--
-- Structure de la vue `v_inf_lovs`
--
DROP TABLE IF EXISTS `v_inf_lovs`;

CREATE ALGORITHM=UNDEFINED DEFINER=`root`@`localhost` SQL SECURITY DEFINER VIEW `v_inf_lovs` AS select `inf_lovs`.`ID` AS `ID`,`inf_lovs`.`NAME` AS `NAME`,`inf_lovs`.`DESCRIPTION` AS `DESCRIPTION`,`inf_lovs`.`TABLE_PREFIX` AS `TABLE_PREFIX`,`inf_lovs`.`TABLE` AS `TABLE`,`inf_lovs`.`VIEW` AS `VIEW`,`inf_lovs`.`ITEM_CODE` AS `ITEM_CODE`,`inf_lovs`.`SORT_KEY` AS `SORT_KEY`,`inf_lovs`.`ACTIVE` AS `ACTIVE`,`inf_lovs`.`DATE_CREATION` AS `DATE_CREATION`,`inf_lovs`.`USER_CREATION` AS `USER_CREATION`,`inf_lovs`.`DATE_UPDATE` AS `DATE_UPDATE`,`inf_lovs`.`USER_UPDATE` AS `USER_UPDATE`,`inf_lovs`.`CLT_MODULE_ID` AS `CLT_MODULE_ID`,`inf_lovs`.`ENTITY` AS `ENTITY` from `inf_lovs`

;

-- --------------------------------------------------------

--
-- Structure de la vue `v_inf_meta_model`
--
DROP TABLE IF EXISTS `v_inf_meta_model`;

CREATE ALGORITHM=UNDEFINED DEFINER=`root`@`localhost` SQL SECURITY DEFINER VIEW `v_inf_meta_model` AS select concat_ws('.',`INF_P`.`CODE`,`INF_L`.`CODE`,`INF_I`.`CODE`,convert(`INF_TT`.`CODE` using utf8)) AS `CODE`,`INF_P`.`ID` AS `PREFIX_ID`,`INF_P`.`CODE` AS `PREFIX_CODE`,`INF_I`.`CODE` AS `ITEM_CODE`,`INF_T`.`VALUE` AS `VALUE`,`INF_TT`.`ID` AS `TEXT_TYPE_ID`,`INF_TT`.`CODE` AS `TEXT_TYPE_CODE`,`INF_L`.`ID` AS `LANGUAGE_ID`,`INF_L`.`CODE` AS `LANGUAGE_CODE` from ((((`inf_prefix` `INF_P` join `inf_language` `INF_L`) join `inf_text_type` `INF_TT`) join `inf_item` `INF_I`) join `inf_text` `INF_T`) where ((`INF_T`.`PREFIX` = `INF_P`.`ID`) and (`INF_T`.`LANGUAGE_ID` = `INF_L`.`ID`) and (`INF_T`.`TEXT_TYPE_ID` = `INF_TT`.`ID`) and (`INF_T`.`ITEM_CODE` = `INF_I`.`CODE`) and (ucase(`INF_P`.`ACTIVE`) = 'Y') and (ucase(`INF_L`.`ACTIVE`) = 'Y') and (ucase(`INF_TT`.`ACTIVE`) = 'Y') and (ucase(`INF_I`.`ACTIVE`) = 'Y') and (ucase(`INF_T`.`ACTIVE`) = 'Y'));

-- --------------------------------------------------------

--
-- Structure de la vue `v_inf_privileges`
--
DROP TABLE IF EXISTS `v_inf_privileges`;

CREATE ALGORITHM=UNDEFINED DEFINER=`root`@`localhost` SQL SECURITY DEFINER VIEW `v_inf_privileges` AS select concat_ws('.',`clt_um`.`MODULE_ID`,`clt_u`.`ID`,`inf_i`.`CODE`) AS `CODE`,`inf_i`.`CODE` AS `ITEM_CODE`,`inf_r`.`ID` AS `ROLE_ID`,`inf_r`.`NAME` AS `ROLE_NAME`,`inf_g`.`ID` AS `GROUP_ID`,`inf_g`.`NAME` AS `GROUP_NAME`,`clt_u`.`ID` AS `USER_ID`,`clt_um`.`MODULE_ID` AS `MODULE_ID`,`clt_u`.`CLIENT_ID` AS `CLIENT_ID` from (((((((`inf_item` `inf_i` join `inf_privilege` `inf_p`) join `inf_role` `inf_r`) join `inf_role_group` `inf_rg`) join `inf_group` `inf_g`) join `clt_user_group` `clt_ug`) join `clt_user` `clt_u`) join `clt_user_module` `clt_um`) where ((`inf_i`.`CODE` = `inf_p`.`ITEM_CODE`) and (`inf_p`.`ROLE_ID` = `inf_r`.`ID`) and (`inf_r`.`ID` = `inf_rg`.`ROLE_ID`) and (`inf_rg`.`GROUP_ID` = `inf_g`.`ID`) and (`inf_g`.`ID` = `clt_ug`.`INF_GROUP_ID`) and (`clt_ug`.`USER_ID` = `clt_u`.`ID`) and (`clt_u`.`ID` = `clt_um`.`USER_ID`) and (`clt_um`.`MODULE_ID` = `inf_r`.`CLT_MODULE_ID`) and (`clt_um`.`MODULE_ID` = `inf_g`.`CLT_MODULE_ID`) and (ucase(`inf_i`.`ACTIVE`) = 'Y') and (ucase(`inf_p`.`ACTIVE`) = 'Y') and (ucase(`inf_r`.`ACTIVE`) = 'Y') and (ucase(`inf_rg`.`ACTIVE`) = 'Y') and (ucase(`inf_g`.`ACTIVE`) = 'Y') and (ucase(`clt_ug`.`ACTIVE`) = 'Y') and (ucase(`clt_u`.`ACTIVE`) = 'Y') and (ucase(`clt_um`.`ACTIVE`) = 'Y'));

-- --------------------------------------------------------

--
-- Structure de la vue `v_pm_attribute_date_type`
--
DROP TABLE IF EXISTS `v_pm_attribute_date_type`;

CREATE ALGORITHM=UNDEFINED DEFINER=`root`@`localhost` SQL SECURITY DEFINER VIEW `v_pm_attribute_date_type` AS select concat_ws('.',3,`ppa`.`INF_ITEM_CODE`,4) AS `code`,`ppa`.`INF_ITEM_CODE` AS `inf_item_code`,`ppa`.`PAGE_ID` AS `page_id`,3 AS `clt_module_id`,`pvt`.`ID` AS `validation_id`,`pdt`.`PARAMS` AS `params`,`pdt`.`PARAM_NUMBER` AS `param_number`,`pdt`.`HELP` AS `help`,NULL AS `custom_error`,`pdt`.`ERROR_MESSAGE` AS `error_message` from ((`pm_page_attribute` `ppa` join `pm_data_type` `pdt`) join `pm_validation_type` `pvt`) where ((`ppa`.`DATA_TYPE_ID` = `pdt`.`ID`) and (ucase(`ppa`.`ACTIVE`) = convert(ucase('y') using latin1)) and (ucase(`pdt`.`ACTIVE`) = ucase('y')) and (`pvt`.`ID` = 4));

-- --------------------------------------------------------

--
-- Structure de la vue `v_pm_attribute_exclud`
--
DROP TABLE IF EXISTS `v_pm_attribute_exclud`;

CREATE ALGORITHM=UNDEFINED DEFINER=`root`@`localhost` SQL SECURITY DEFINER VIEW `v_pm_attribute_exclud` AS select concat_ws('.',3,`pm_page_attribute`.`INF_ITEM_CODE`) AS `code`,`pm_page_attribute`.`INF_ITEM_CODE` AS `inf_item_code`,`pm_page_attribute`.`PAGE_ID` AS `page_id`,3 AS `clt_module_id` from `pm_page_attribute` where ((ucase(`pm_page_attribute`.`IS_EXCLUD`) = ucase('y')) and (ucase(`pm_page_attribute`.`ACTIVE`) = convert(ucase('y') using latin1)));

-- --------------------------------------------------------

--
-- Structure de la vue `v_pm_attribute_format_type`
--
DROP TABLE IF EXISTS `v_pm_attribute_format_type`;

CREATE ALGORITHM=UNDEFINED DEFINER=`root`@`localhost` SQL SECURITY DEFINER VIEW `v_pm_attribute_format_type` AS select concat_ws('.',3,`ppa`.`INF_ITEM_CODE`,5) AS `code`,`ppa`.`INF_ITEM_CODE` AS `inf_item_code`,`ppa`.`PAGE_ID` AS `page_id`,3 AS `clt_module_id`,`pvt`.`ID` AS `validation_id`,`pft`.`PARAMS` AS `params`,`pft`.`PARAM_NUMBER` AS `param_number`,`pft`.`HELP` AS `help`,NULL AS `custom_error`,`pft`.`ERROR_MESSAGE` AS `error_message` from ((`pm_page_attribute` `ppa` join `pm_format_type` `pft`) join `pm_validation_type` `pvt`) where ((`ppa`.`FORMAT_TYPE_ID` = `pft`.`ID`) and (ucase(`ppa`.`ACTIVE`) = convert(ucase('y') using latin1)) and (ucase(`pft`.`ACTIVE`) = ucase('y')) and (`pvt`.`ID` = 5));

-- --------------------------------------------------------

--
-- Structure de la vue `v_pm_attribute_max_length`
--
DROP TABLE IF EXISTS `v_pm_attribute_max_length`;

CREATE ALGORITHM=UNDEFINED DEFINER=`root`@`localhost` SQL SECURITY DEFINER VIEW `v_pm_attribute_max_length` AS select concat_ws('.',3,`ppa`.`INF_ITEM_CODE`,2) AS `code`,`ppa`.`INF_ITEM_CODE` AS `inf_item_code`,`ppa`.`PAGE_ID` AS `page_id`,3 AS `clt_module_id`,`pvt`.`ID` AS `validation_id`,`ppa`.`MAX_LENGHT` AS `params`,`pvt`.`PARAM_NUMBER` AS `param_number`,`pvt`.`HELP` AS `help`,NULL AS `custom_error`,`pvt`.`ERROR_MESSAGE` AS `error_message` from (`pm_page_attribute` `ppa` join `pm_validation_type` `pvt`) where ((`ppa`.`MAX_LENGHT` is not null) and (`ppa`.`MAX_LENGHT` > 0) and (ucase(`ppa`.`ACTIVE`) = convert(ucase('y') using latin1)) and (ucase(`pvt`.`ACTIVE`) = convert(ucase('y') using latin1)) and (`pvt`.`ID` = 2));

-- --------------------------------------------------------

--
-- Structure de la vue `v_pm_attribute_max_word`
--
DROP TABLE IF EXISTS `v_pm_attribute_max_word`;

CREATE ALGORITHM=UNDEFINED DEFINER=`root`@`localhost` SQL SECURITY DEFINER VIEW `v_pm_attribute_max_word` AS select concat_ws('.',3,`ppa`.`INF_ITEM_CODE`,3) AS `code`,`ppa`.`INF_ITEM_CODE` AS `inf_item_code`,`ppa`.`PAGE_ID` AS `page_id`,3 AS `clt_module_id`,`pvt`.`ID` AS `validation_id`,`ppa`.`MAX_WORD` AS `params`,`pvt`.`PARAM_NUMBER` AS `param_number`,`pvt`.`HELP` AS `help`,NULL AS `custom_error`,`pvt`.`ERROR_MESSAGE` AS `error_message` from (`pm_page_attribute` `ppa` join `pm_validation_type` `pvt`) where ((`ppa`.`MAX_WORD` is not null) and (`ppa`.`MAX_WORD` > 0) and (ucase(`ppa`.`ACTIVE`) = convert(ucase('y') using latin1)) and (ucase(`pvt`.`ACTIVE`) = convert(ucase('y') using latin1)) and (`pvt`.`ID` = 3));

-- --------------------------------------------------------

--
-- Structure de la vue `v_pm_attribute_readonly`
--
DROP TABLE IF EXISTS `v_pm_attribute_readonly`;

CREATE ALGORITHM=UNDEFINED DEFINER=`root`@`localhost` SQL SECURITY DEFINER VIEW `v_pm_attribute_readonly` AS select concat_ws('.',3,`pm_page_attribute`.`INF_ITEM_CODE`) AS `code`,`pm_page_attribute`.`INF_ITEM_CODE` AS `inf_item_code`,`pm_page_attribute`.`PAGE_ID` AS `page_id`,3 AS `clt_module_id` from `pm_page_attribute` where ((`pm_page_attribute`.`IS_READONLY` = ucase('y')) and (ucase(`pm_page_attribute`.`ACTIVE`) = convert(ucase('y') using latin1)));

-- --------------------------------------------------------

--
-- Structure de la vue `v_pm_attribute_required`
--
DROP TABLE IF EXISTS `v_pm_attribute_required`;

CREATE ALGORITHM=UNDEFINED DEFINER=`root`@`localhost` SQL SECURITY DEFINER VIEW `v_pm_attribute_required` AS select concat_ws('.',3,`ppa`.`INF_ITEM_CODE`,1) AS `code`,`ppa`.`INF_ITEM_CODE` AS `inf_item_code`,`ppa`.`PAGE_ID` AS `page_id`,3 AS `clt_module_id`,`pvt`.`ID` AS `validation_id`,NULL AS `params`,`pvt`.`PARAM_NUMBER` AS `param_number`,`pvt`.`HELP` AS `help`,NULL AS `custom_error`,`pvt`.`ERROR_MESSAGE` AS `error_message` from (`pm_page_attribute` `ppa` join `pm_validation_type` `pvt`) where ((ucase(`ppa`.`IS_REQUIRED`) = ucase('y')) and (ucase(`ppa`.`ACTIVE`) = convert(ucase('y') using latin1)) and (ucase(`pvt`.`ACTIVE`) = convert(ucase('y') using latin1)) and (`pvt`.`ID` = 1));

-- --------------------------------------------------------

--
-- Structure de la vue `v_pm_attribute_validation`
--
DROP TABLE IF EXISTS `v_pm_attribute_validation`;

CREATE ALGORITHM=UNDEFINED DEFINER=`root`@`localhost` SQL SECURITY DEFINER VIEW `v_pm_attribute_validation` AS select concat_ws('.',`pm_va`.`CLT_MODULE_ID`,`pm_va`.`PAGE_ID`,`pm_va`.`INF_ITEM_CODE`,`pm_va`.`VALIDATION_ID`) AS `code`,`pm_va`.`PAGE_ID` AS `page_id`,`pm_va`.`INF_ITEM_CODE` AS `item_code`,`pm_va`.`VALIDATION_ID` AS `validation_id`,`pm_va`.`PARAMS` AS `params`,`pm_vt`.`PARAM_NUMBER` AS `param_number`,`pm_vt`.`HELP` AS `help`,`pm_va`.`CUSTOM_ERROR` AS `custom_error`,`pm_va`.`CLT_MODULE_ID` AS `clt_module_id`,`pm_vt`.`ERROR_MESSAGE` AS `error_message` from (`pm_attribute_validation` `pm_va` join `pm_validation_type` `pm_vt`) where ((`pm_va`.`VALIDATION_ID` = `pm_vt`.`ID`) and (ucase(`pm_va`.`ACTIVE`) = 'y') and (ucase(`pm_vt`.`ACTIVE`) = 'y'));

-- --------------------------------------------------------

--
-- Structure de la vue `v_pm_categorys_dto`
--
DROP TABLE IF EXISTS `v_pm_categorys_dto`;

CREATE ALGORITHM=UNDEFINED DEFINER=`root`@`localhost` SQL SECURITY DEFINER VIEW `v_pm_categorys_dto` AS select concat_ws('.',`pm_c`.`clt_module_id`,`pm_c`.`group_id`,`pm_g`.`ID`) AS `code`,`pm_g`.`ID` AS `id`,`pm_g`.`NAME` AS `name`,`pm_g`.`DESCRIPTION` AS `description`,`pm_g`.`CATEGORY_TYPE_ID` AS `category_type_id`,`pm_c`.`category_sort` AS `category_sort`,`pm_c`.`clt_module_id` AS `clt_module_id`,`pm_c`.`group_id` AS `group_id` from (((`pm_category` `pm_g` join `pm_category_type` `mp_gt`) join `v_compos_cat` `pm_c`) join `clt_module` `clt_m`) where ((`pm_g`.`CATEGORY_TYPE_ID` = `mp_gt`.`ID`) and (`pm_g`.`ID` = `pm_c`.`category_id`) and (`pm_c`.`clt_module_id` = `clt_m`.`ID`) and (ucase(`pm_g`.`ACTIVE`) = 'y') and (ucase(`mp_gt`.`ACTIVE`) = 'y') and (ucase(`pm_c`.`active`) = 'y') and (ucase(`clt_m`.`ACTIVE`) = 'y')) group by `pm_g`.`ID`,`pm_g`.`NAME`,`pm_g`.`DESCRIPTION`,`pm_g`.`CATEGORY_TYPE_ID`,`pm_c`.`category_sort`,`pm_c`.`clt_module_id`,`pm_c`.`group_id`;

-- --------------------------------------------------------

--
-- Structure de la vue `v_pm_composition`
--
DROP TABLE IF EXISTS `v_pm_composition`;

CREATE ALGORITHM=UNDEFINED DEFINER=`root`@`localhost` SQL SECURITY DEFINER VIEW `v_pm_composition` AS select `pm_composition`.`ID` AS `ID`,`pm_composition`.`CLT_MODULE_ID` AS `CLT_MODULE_ID`,`pm_composition`.`GROUP_ID` AS `GROUP_ID`,`pm_composition`.`CATEGORY_ID` AS `CATEGORY_ID`,`pm_composition`.`MENU_ID` AS `MENU_ID`,`pm_composition`.`PAGE_ID` AS `PAGE_ID`,`pm_composition`.`INDEX_SHOW` AS `INDEX_SHOW`,`pm_composition`.`INDEX_SORT` AS `INDEX_SORT` from `pm_composition` where (ucase(`pm_composition`.`ACTIVE`) = convert(ucase('Y') using latin1)) order by `pm_composition`.`CLT_MODULE_ID`,`pm_composition`.`GROUP_SORT`,`pm_composition`.`CATEGORY_SORT`,`pm_composition`.`MENU_SORT`,`pm_composition`.`PAGE_SORT`;

-- --------------------------------------------------------

--
-- Structure de la vue `v_pm_groups_dto`
--
DROP TABLE IF EXISTS `v_pm_groups_dto`;

CREATE ALGORITHM=UNDEFINED DEFINER=`root`@`localhost` SQL SECURITY DEFINER VIEW `v_pm_groups_dto` AS select concat_ws('.',`pm_c`.`CLT_MODULE_ID`,`pm_g`.`ID`) AS `code`,`pm_g`.`ID` AS `id`,`pm_g`.`NAME` AS `name`,`pm_g`.`DESCRIPTION` AS `description`,`pm_g`.`GROUP_TYPE_ID` AS `group_type_id`,`pm_g`.`SORT_KEY` AS `sort_key`,`pm_c`.`CLT_MODULE_ID` AS `clt_module_id` from (((`pm_group` `pm_g` join `pm_group_type` `mp_gt`) join `pm_composition` `pm_c`) join `clt_module` `clt_m`) where ((`pm_g`.`GROUP_TYPE_ID` = `mp_gt`.`ID`) and (`pm_g`.`ID` = `pm_c`.`GROUP_ID`) and (`pm_c`.`CLT_MODULE_ID` = `clt_m`.`ID`) and (ucase(`pm_g`.`ACTIVE`) = 'y') and (ucase(`mp_gt`.`ACTIVE`) = 'y') and (ucase(`pm_c`.`ACTIVE`) = 'y') and (ucase(`clt_m`.`ACTIVE`) = 'y')) group by `pm_g`.`ID`,`pm_g`.`NAME`,`pm_g`.`DESCRIPTION`,`pm_g`.`GROUP_TYPE_ID`,`pm_g`.`SORT_KEY`,`pm_c`.`CLT_MODULE_ID`

;

-- --------------------------------------------------------

--
-- Structure de la vue `v_pm_menus_dto`
--
DROP TABLE IF EXISTS `v_pm_menus_dto`;

CREATE ALGORITHM=UNDEFINED DEFINER=`root`@`localhost` SQL SECURITY DEFINER VIEW `v_pm_menus_dto` AS select concat_ws('.',`pm_c`.`CLT_MODULE_ID`,`pm_c`.`GROUP_ID`,`pm_c`.`CATEGORY_ID`,`pm_m`.`ID`) AS `code`,`pm_m`.`ID` AS `id`,`pm_m`.`NAME` AS `name`,`pm_m`.`DESCRIPTION` AS `description`,`pm_m`.`MENU_TYPE_ID` AS `menu_type_id`,`pm_c`.`MENU_SORT` AS `menu_sort`,`pm_c`.`CLT_MODULE_ID` AS `clt_module_id`,`pm_c`.`GROUP_ID` AS `group_id`,`pm_c`.`CATEGORY_ID` AS `category_id` from (((`pm_menu` `pm_m` join `pm_menu_type` `mp_mt`) join `pm_composition` `pm_c`) join `clt_module` `clt_m`) where ((`pm_m`.`MENU_TYPE_ID` = `mp_mt`.`ID`) and (`pm_m`.`ID` = `pm_c`.`MENU_ID`) and (`pm_c`.`CLT_MODULE_ID` = `clt_m`.`ID`) and (ucase(`pm_m`.`ACTIVE`) = 'y') and (ucase(`mp_mt`.`ACTIVE`) = 'y') and (ucase(`pm_c`.`ACTIVE`) = 'y') and (ucase(`clt_m`.`ACTIVE`) = 'y')) group by `pm_m`.`ID`,`pm_m`.`NAME`,`pm_m`.`DESCRIPTION`,`pm_m`.`MENU_TYPE_ID`,`pm_c`.`MENU_SORT`,`pm_c`.`CLT_MODULE_ID`,`pm_c`.`GROUP_ID`,`pm_c`.`CATEGORY_ID`;

-- --------------------------------------------------------

--
-- Structure de la vue `v_pm_page`
--
DROP TABLE IF EXISTS `v_pm_page`;
-- utilisé(#1356 - View 'mystock.v_pm_page' references invalid table(s) or column(s) or function(s) or definer/invoker of view lack rights to use them)

-- --------------------------------------------------------

--
-- Structure de la vue `v_pm_pages`
--
DROP TABLE IF EXISTS `v_pm_pages`;

CREATE ALGORITHM=UNDEFINED DEFINER=`root`@`localhost` SQL SECURITY DEFINER VIEW `v_pm_pages` AS select `pm_p`.`ID` AS `id`,`pm_p`.`NAME` AS `name`,`pm_p`.`DESCRIPTION` AS `description`,NULL AS `classe`,NULL AS `jsp`,`pm_p`.`PAGE_TYPE_ID` AS `page_type_id`,`pm_p`.`SORT_KEY` AS `sort_key`,`pm_p`.`ACTIVE` AS `active` from (`pm_page` `pm_p` join `pm_page_type` `mp_pt`) where ((`pm_p`.`PAGE_TYPE_ID` = `mp_pt`.`ID`) and (ucase(`pm_p`.`ACTIVE`) = 'y') and (ucase(`mp_pt`.`ACTIVE`) = 'y'))

;

-- --------------------------------------------------------

--
-- Structure de la vue `v_pm_pages_dto`
--
DROP TABLE IF EXISTS `v_pm_pages_dto`;

CREATE ALGORITHM=UNDEFINED DEFINER=`root`@`localhost` SQL SECURITY DEFINER VIEW `v_pm_pages_dto` AS select concat_ws('.',`pm_c`.`CLT_MODULE_ID`,`pm_c`.`GROUP_ID`,`pm_c`.`CATEGORY_ID`,`pm_c`.`MENU_ID`,`pm_p`.`ID`) AS `code`,NULL AS `classe`,NULL AS `jsp`,`pm_p`.`ID` AS `id`,`pm_p`.`NAME` AS `name`,`pm_p`.`DESCRIPTION` AS `description`,`pm_p`.`IN_DEV` AS `in_dev`,`pm_p`.`PAGE_TYPE_ID` AS `page_type_id`,`pm_c`.`PAGE_SORT` AS `page_sort`,`pm_c`.`CLT_MODULE_ID` AS `clt_module_id`,`pm_c`.`GROUP_ID` AS `group_id`,`pm_c`.`CATEGORY_ID` AS `category_id`,`pm_c`.`MENU_ID` AS `menu_id` from (((`pm_page` `pm_p` join `pm_page_type` `mp_pt`) join `pm_composition` `pm_c`) join `clt_module` `clt_m`) where ((`pm_p`.`PAGE_TYPE_ID` = `mp_pt`.`ID`) and (`pm_p`.`ID` = `pm_c`.`PAGE_ID`) and (`pm_c`.`CLT_MODULE_ID` = `clt_m`.`ID`) and (ucase(`pm_p`.`ACTIVE`) = 'y') and (ucase(`mp_pt`.`ACTIVE`) = 'y') and (ucase(`pm_c`.`ACTIVE`) = 'y') and (ucase(`clt_m`.`ACTIVE`) = 'y')) group by `pm_p`.`ID`,`pm_p`.`NAME`,`pm_p`.`DESCRIPTION`,`pm_p`.`IN_DEV`,`pm_p`.`PAGE_TYPE_ID`,`pm_c`.`PAGE_SORT`,`pm_c`.`CLT_MODULE_ID`,`pm_c`.`GROUP_ID`,`pm_c`.`CATEGORY_ID`,`pm_c`.`MENU_ID`;

-- --------------------------------------------------------

--
-- Structure de la vue `v_pm_page_attribute`
--
DROP TABLE IF EXISTS `v_pm_page_attribute`;

CREATE ALGORITHM=UNDEFINED DEFINER=`root`@`localhost` SQL SECURITY DEFINER VIEW `v_pm_page_attribute` AS select `pm_page_attribute`.`ID` AS `ID`,`pm_page_attribute`.`PAGE_ID` AS `PAGE_ID`,`pm_page_attribute`.`INF_ITEM_CODE` AS `INF_ITEM_CODE`,`pm_page_attribute`.`PM_COMPONENT_ID` AS `PM_COMPONENT_ID`,`pm_page_attribute`.`SORT_KEY` AS `SORT_KEY`,`pm_page_attribute`.`ACTIVE` AS `ACTIVE`,`pm_page_attribute`.`IS_REQUIRED` AS `IS_REQUIRED`,`pm_page_attribute`.`IS_READONLY` AS `IS_READONLY`,`pm_page_attribute`.`IS_EXCLUD` AS `IS_EXCLUD`,`pm_page_attribute`.`DATA_TYPE_ID` AS `DATA_TYPE_ID`,`pm_page_attribute`.`FORMAT_TYPE_ID` AS `FORMAT_TYPE_ID`,`pm_page_attribute`.`MAX_LENGHT` AS `MAX_LENGHT`,`pm_page_attribute`.`MAX_WORD` AS `MAX_WORD`,`pm_page_attribute`.`DATE_CREATION` AS `DATE_CREATION`,`pm_page_attribute`.`DATE_UPDATE` AS `DATE_UPDATE`,`pm_page_attribute`.`USER_CREATION` AS `USER_CREATION`,`pm_page_attribute`.`USER_UPDATE` AS `USER_UPDATE` from `pm_page_attribute`

;

-- --------------------------------------------------------

--
-- Structure de la vue `v_pm_page_module`
--
DROP TABLE IF EXISTS `v_pm_page_module`;

CREATE ALGORITHM=UNDEFINED DEFINER=`root`@`localhost` SQL SECURITY DEFINER VIEW `v_pm_page_module` AS select `pc`.`ID` AS `ID`,`pp`.`ID` AS `id_page`,`pc`.`CLT_MODULE_ID` AS `CLT_MODULE_ID`,`pp`.`NAME` AS `page_name`,`pp`.`DESCRIPTION` AS `description`,`ppt`.`NAME` AS `page_type_name`,`pp`.`ACTIVE` AS `active` from ((`pm_composition` `pc` join `pm_page` `pp`) join `pm_page_type` `ppt`) where ((`pp`.`ID` = `pc`.`PAGE_ID`) and (`pp`.`PAGE_TYPE_ID` = `ppt`.`ID`));

-- --------------------------------------------------------

--
-- Structure de la vue `v_pm_page_parameter`
--
DROP TABLE IF EXISTS `v_pm_page_parameter`;

CREATE ALGORITHM=UNDEFINED DEFINER=`root`@`localhost` SQL SECURITY DEFINER VIEW `v_pm_page_parameter` AS select `pm_pg_par`.`ID` AS `id`,`pm_pg_par`.`NAME` AS `name`,`pm_pg_par`.`DESCRIPTION` AS `description`,`pm_pg_par`.`DEFAULT_VALUE` AS `DEFAULT_VALUE`,`pm_pg_par`.`PAGE_PARAMETER_TYPE_ID` AS `PAGE_PARAMETER_TYPE_ID`,`pm_pg_par_type`.`NAME` AS `pm_page_parameter_type_name`,`pm_pg_par`.`PAGE_ID` AS `PAGE_ID`,`pp`.`NAME` AS `pm_page_name`,`pm_pg_par`.`ACTIVE` AS `active`,'false' AS `can_be_delete` from ((`pm_page_parameter` `pm_pg_par` join `pm_page_parameter_type` `pm_pg_par_type`) join `pm_page` `pp`) where ((`pm_pg_par`.`PAGE_PARAMETER_TYPE_ID` = `pm_pg_par_type`.`ID`) and (`pm_pg_par`.`PAGE_ID` = `pp`.`ID`));

-- --------------------------------------------------------

--
-- Structure de la vue `v_pm_page_parameter_module`
--
DROP TABLE IF EXISTS `v_pm_page_parameter_module`;

CREATE ALGORITHM=UNDEFINED DEFINER=`root`@`localhost` SQL SECURITY DEFINER VIEW `v_pm_page_parameter_module` AS select concat_ws('.',`pppd`.`CLT_MODULE_ID`,`ppp`.`ID`) AS `code`,`pppd`.`ID` AS `pm_page_parameter_module_id`,`pppd`.`PAGE_PARAMETER_ID` AS `PAGE_PARAMETER_ID`,`pppd`.`VALUE` AS `VALUE`,`pppd`.`CLT_MODULE_ID` AS `CLT_MODULE_ID`,`pppd`.`ACTIVE` AS `ACTIVE`,`ppp`.`NAME` AS `name_page_parameter`,`ppp`.`DESCRIPTION` AS `page_parameter_description`,`ppp`.`DEFAULT_VALUE` AS `page_parameter_DEFAULT_VALUE`,`ppp`.`PAGE_ID` AS `PAGE_ID`,`ppp`.`PAGE_PARAMETER_TYPE_ID` AS `PAGE_PARAMETER_TYPE_ID`,`pppt`.`NAME` AS `name_page_parameter_type`,`cm`.`CLIENT_ID` AS `CLIENT_ID`,'false' AS `can_be_delete` from (((`pm_page_parameter_module` `pppd` join `pm_page_parameter` `ppp`) join `pm_page_parameter_type` `pppt`) join `clt_module` `cm`) where ((`pppd`.`PAGE_PARAMETER_ID` = `ppp`.`ID`) and (`ppp`.`PAGE_PARAMETER_TYPE_ID` = `pppt`.`ID`) and (`pppd`.`CLT_MODULE_ID` = `cm`.`ID`));

-- --------------------------------------------------------

--
-- Structure de la vue `v_pm_page_parameter_type`
--
DROP TABLE IF EXISTS `v_pm_page_parameter_type`;

CREATE ALGORITHM=UNDEFINED DEFINER=`root`@`localhost` SQL SECURITY DEFINER VIEW `v_pm_page_parameter_type` AS select `pm_page_parameter_type`.`ID` AS `ID`,`pm_page_parameter_type`.`NAME` AS `NAME`,`pm_page_parameter_type`.`DESCRIPTION` AS `DESCRIPTION`,`pm_page_parameter_type`.`SORT_KEY` AS `SORT_KEY`,`pm_page_parameter_type`.`ACTIVE` AS `ACTIVE`,`pm_page_parameter_type`.`DATE_CREATION` AS `DATE_CREATION`,`pm_page_parameter_type`.`USER_CREATION` AS `USER_CREATION`,`pm_page_parameter_type`.`DATE_UPDATE` AS `DATE_UPDATE`,`pm_page_parameter_type`.`USER_UPDATE` AS `USER_UPDATE` from `pm_page_parameter_type`

;

-- --------------------------------------------------------

--
-- Structure de la vue `v_pm_validation`
--
DROP TABLE IF EXISTS `v_pm_validation`;

CREATE ALGORITHM=UNDEFINED DEFINER=`root`@`localhost` SQL SECURITY DEFINER VIEW `v_pm_validation` AS select `v_pm_attribute_required`.`code` AS `code`,`v_pm_attribute_required`.`page_id` AS `page_id`,`v_pm_attribute_required`.`inf_item_code` AS `item_code`,`v_pm_attribute_required`.`validation_id` AS `validation_id`,`v_pm_attribute_required`.`params` AS `params`,`v_pm_attribute_required`.`param_number` AS `param_number`,`v_pm_attribute_required`.`help` AS `help`,`v_pm_attribute_required`.`custom_error` AS `custom_error`,`v_pm_attribute_required`.`clt_module_id` AS `clt_module_id`,`v_pm_attribute_required`.`error_message` AS `error_message` from `v_pm_attribute_required` union select `v_pm_attribute_max_length`.`code` AS `code`,`v_pm_attribute_max_length`.`page_id` AS `page_id`,`v_pm_attribute_max_length`.`inf_item_code` AS `item_code`,`v_pm_attribute_max_length`.`validation_id` AS `validation_id`,`v_pm_attribute_max_length`.`params` AS `params`,`v_pm_attribute_max_length`.`param_number` AS `param_number`,`v_pm_attribute_max_length`.`help` AS `help`,`v_pm_attribute_max_length`.`custom_error` AS `custom_error`,`v_pm_attribute_max_length`.`clt_module_id` AS `clt_module_id`,`v_pm_attribute_max_length`.`error_message` AS `error_message` from `v_pm_attribute_max_length` union select `v_pm_attribute_max_word`.`code` AS `code`,`v_pm_attribute_max_word`.`page_id` AS `page_id`,`v_pm_attribute_max_word`.`inf_item_code` AS `item_code`,`v_pm_attribute_max_word`.`validation_id` AS `validation_id`,`v_pm_attribute_max_word`.`params` AS `params`,`v_pm_attribute_max_word`.`param_number` AS `param_number`,`v_pm_attribute_max_word`.`help` AS `help`,`v_pm_attribute_max_word`.`custom_error` AS `custom_error`,`v_pm_attribute_max_word`.`clt_module_id` AS `clt_module_id`,`v_pm_attribute_max_word`.`error_message` AS `error_message` from `v_pm_attribute_max_word` union select `v_pm_attribute_date_type`.`code` AS `code`,`v_pm_attribute_date_type`.`page_id` AS `page_id`,`v_pm_attribute_date_type`.`inf_item_code` AS `item_code`,`v_pm_attribute_date_type`.`validation_id` AS `validation_id`,`v_pm_attribute_date_type`.`params` AS `params`,`v_pm_attribute_date_type`.`param_number` AS `param_number`,`v_pm_attribute_date_type`.`help` AS `help`,`v_pm_attribute_date_type`.`custom_error` AS `custom_error`,`v_pm_attribute_date_type`.`clt_module_id` AS `clt_module_id`,`v_pm_attribute_date_type`.`error_message` AS `error_message` from `v_pm_attribute_date_type` union select `v_pm_attribute_format_type`.`code` AS `code`,`v_pm_attribute_format_type`.`page_id` AS `page_id`,`v_pm_attribute_format_type`.`inf_item_code` AS `item_code`,`v_pm_attribute_format_type`.`validation_id` AS `validation_id`,`v_pm_attribute_format_type`.`params` AS `params`,`v_pm_attribute_format_type`.`param_number` AS `param_number`,`v_pm_attribute_format_type`.`help` AS `help`,`v_pm_attribute_format_type`.`custom_error` AS `custom_error`,`v_pm_attribute_format_type`.`clt_module_id` AS `clt_module_id`,`v_pm_attribute_format_type`.`error_message` AS `error_message` from `v_pm_attribute_format_type`;

-- --------------------------------------------------------

--
-- Structure de la vue `v_sm_color_by_reference`
--
DROP TABLE IF EXISTS `v_sm_color_by_reference`;

CREATE ALGORITHM=UNDEFINED DEFINER=`root`@`localhost` SQL SECURITY DEFINER VIEW `v_sm_color_by_reference` AS select concat_ws('.',`sm_p`.`CLT_MODULE_ID`,`sm_p`.`REFERENCE`,`sm_pc`.`ID`) AS `CODE`,`sm_p`.`REFERENCE` AS `REFERENCE`,`sm_pc`.`ID` AS `PRODUCT_COLOR_ID`,`sm_pc`.`NAME` AS `PRODUCT_COLOR_NAME`,`sm_p`.`CLT_MODULE_ID` AS `CLT_MODULE_ID` from (`sm_product` `sm_p` join `sm_product_color` `sm_pc`) where (`sm_p`.`PRODUCT_COLOR_ID` = `sm_pc`.`ID`) group by `sm_p`.`REFERENCE`,`sm_pc`.`ID`,`sm_pc`.`NAME`,`sm_p`.`CLT_MODULE_ID`;

-- --------------------------------------------------------

--
-- Structure de la vue `v_sm_customer`
--
DROP TABLE IF EXISTS `v_sm_customer`;

CREATE ALGORITHM=UNDEFINED DEFINER=`root`@`localhost` SQL SECURITY DEFINER VIEW `v_sm_customer` AS select `sm_c`.`ID` AS `ID`,`sm_c`.`FIRST_NAME` AS `FIRST_NAME`,`sm_c`.`LAST_NAME` AS `LAST_NAME`,`sm_c`.`INF_COUNTRY_ID` AS `INF_COUNTRY_ID`,`sm_c`.`INF_CITY_ID` AS `INF_CITY_ID`,`sm_c`.`CELL_PHONE` AS `CELL_PHONE`,`sm_c`.`FIXED_PHONE` AS `FIXED_PHONE`,`sm_c`.`ADRESS` AS `ADRESS`,`sm_c`.`EMAIL` AS `EMAIL`,`sm_c`.`CLT_MODULE_ID` AS `CLT_MODULE_ID`,`sm_c`.`CUSTOMER_TYPE_ID` AS `CUSTOMER_TYPE_ID`,`sm_c`.`SORT_KEY` AS `SORT_KEY`,`sm_c`.`ACTIVE` AS `ACTIVE`,`sm_c`.`DATE_CREATION` AS `DATE_CREATION`,`sm_c`.`USER_CREATION` AS `USER_CREATION`,`sm_c`.`DATE_UPDATE` AS `DATE_UPDATE`,`sm_c`.`USER_UPDATE` AS `USER_UPDATE`,`vsm_ct`.`NAME` AS `supplier_type_name`,`vinf_c1`.`NAME` AS `inf_country_name`,`vinf_c2`.`NAME` AS `inf_city_name`,(select (case when (count(0) > 0) then 'N' else 'Y' end) from `sm_order` `o` where (`o`.`CUSTOMER_ID` = `sm_c`.`ID`)) AS `can_be_belete` from (((`sm_customer` `sm_c` join `v_sm_customer_type` `vsm_ct`) join `v_inf_country` `vinf_c1`) join `v_inf_city` `vinf_c2`) where ((`sm_c`.`CUSTOMER_TYPE_ID` = `vsm_ct`.`ID`) and (`sm_c`.`INF_COUNTRY_ID` = `vinf_c1`.`ID`) and (`sm_c`.`INF_CITY_ID` = `vinf_c2`.`ID`))

;

-- --------------------------------------------------------

--
-- Structure de la vue `v_sm_customer_type`
--
DROP TABLE IF EXISTS `v_sm_customer_type`;

CREATE ALGORITHM=UNDEFINED DEFINER=`root`@`localhost` SQL SECURITY DEFINER VIEW `v_sm_customer_type` AS select `sm_customer_type`.`ID` AS `ID`,`sm_customer_type`.`NAME` AS `NAME`,`sm_customer_type`.`DESCRIPTION` AS `DESCRIPTION`,`sm_customer_type`.`CLT_MODULE_ID` AS `CLT_MODULE_ID`,`sm_customer_type`.`SORT_KEY` AS `SORT_KEY`,`sm_customer_type`.`ACTIVE` AS `ACTIVE`,`sm_customer_type`.`DATE_CREATION` AS `DATE_CREATION`,`sm_customer_type`.`USER_CREATION` AS `USER_CREATION`,`sm_customer_type`.`DATE_UPDATE` AS `DATE_UPDATE`,`sm_customer_type`.`USER_UPDATE` AS `USER_UPDATE` from `sm_customer_type`

;

-- --------------------------------------------------------

--
-- Structure de la vue `v_sm_deposit`
--
DROP TABLE IF EXISTS `v_sm_deposit`;

CREATE ALGORITHM=UNDEFINED DEFINER=`root`@`localhost` SQL SECURITY DEFINER VIEW `v_sm_deposit` AS select `sm_deposit`.`ID` AS `ID`,`sm_deposit`.`NAME` AS `NAME`,`sm_deposit`.`DESCRIPTION` AS `DESCRIPTION`,`sm_deposit`.`SORT_KEY` AS `SORT_KEY`,`sm_deposit`.`CLT_MODULE_ID` AS `CLT_MODULE_ID`,`sm_deposit`.`ACTIVE` AS `ACTIVE`,`sm_deposit`.`DATE_CREATION` AS `DATE_CREATION`,`sm_deposit`.`USER_CREATION` AS `USER_CREATION`,`sm_deposit`.`DATE_UPDATE` AS `DATE_UPDATE`,`sm_deposit`.`USER_UPDATE` AS `USER_UPDATE` from `sm_deposit`

;

-- --------------------------------------------------------

--
-- Structure de la vue `v_sm_expense`
--
DROP TABLE IF EXISTS `v_sm_expense`;

CREATE ALGORITHM=UNDEFINED DEFINER=`root`@`localhost` SQL SECURITY DEFINER VIEW `v_sm_expense` AS select `t`.`ID` AS `ID`,`t`.`NAME` AS `NAME`,`t`.`DESCRIPTION` AS `DESCRIPTION`,`t`.`AMOUNT` AS `AMOUNT`,`t`.`EXPENSE_TYPE_ID` AS `EXPENSE_TYPE_ID`,`t`.`CLT_MODULE_ID` AS `CLT_MODULE_ID`,`t`.`SORT_KEY` AS `SORT_KEY`,`t`.`ACTIVE` AS `ACTIVE`,`t`.`DATE_CREATION` AS `DATE_CREATION`,`t`.`USER_CREATION` AS `USER_CREATION`,`t`.`DATE_UPDATE` AS `DATE_UPDATE`,`t`.`USER_UPDATE` AS `USER_UPDATE`,`s`.`NAME` AS `EXPENSE_TYPE_NAME`,`c`.`NAME` AS `CLT_MODULE_NAME` from ((`sm_expense` `t` join `sm_expense_type` `s`) join `clt_module` `c`) where ((`t`.`EXPENSE_TYPE_ID` = `s`.`ID`) and (`t`.`CLT_MODULE_ID` = `c`.`ID`))

;

-- --------------------------------------------------------

--
-- Structure de la vue `v_sm_expense_type`
--
DROP TABLE IF EXISTS `v_sm_expense_type`;

CREATE ALGORITHM=UNDEFINED DEFINER=`root`@`localhost` SQL SECURITY DEFINER VIEW `v_sm_expense_type` AS select `sm_expense_type`.`ID` AS `ID`,`sm_expense_type`.`NAME` AS `NAME`,`sm_expense_type`.`DESCRIPTION` AS `DESCRIPTION`,`sm_expense_type`.`ACTIVE` AS `ACTIVE`,`sm_expense_type`.`SORT_KEY` AS `SORT_KEY`,`sm_expense_type`.`CLT_MODULE_ID` AS `CLT_MODULE_ID` from `sm_expense_type`

;

-- --------------------------------------------------------

--
-- Structure de la vue `v_sm_inventaire`
--
DROP TABLE IF EXISTS `v_sm_inventaire`;

CREATE ALGORITHM=UNDEFINED DEFINER=`root`@`localhost` SQL SECURITY DEFINER VIEW `v_sm_inventaire` AS select `sm_p`.`ID` AS `id`,`sm_p`.`REFERENCE` AS `reference`,`sm_pc`.`NAME` AS `product_color_name`,`sm_ps`.`NAME` AS `product_size_name`,`sm_p`.`DESIGNATION` AS `designation`,`sm_p`.`QUANTITY` AS `quantity`,`sm_p`.`PRICE_BUY` AS `price_buy`,`sm_p`.`PRICE_SALE` AS `price_sale`,`sm_p`.`ACTIVE` AS `active`,count(`sm_pd`.`RECEPTION_ID`) AS `reception_valid_count`,max(`sm_pd`.`UNIT_PRICE_BUY`) AS `unit_price_buy_max`,avg(`sm_pd`.`UNIT_PRICE_BUY`) AS `unit_price_buy_moyenne`,min(`sm_pd`.`UNIT_PRICE_BUY`) AS `unit_price_buy_min`,count(`sm_pd`.`QUANTITY`) AS `quantity_count` from (((`sm_product` `sm_p` join `sm_product_details` `sm_pd`) join `sm_product_color` `sm_pc`) join `sm_product_size` `sm_ps`) where ((`sm_p`.`ID` = `sm_pd`.`PRODUCT_ID`) and (`sm_p`.`PRODUCT_COLOR_ID` = `sm_pc`.`ID`) and (`sm_p`.`PRODUCT_SIZE_ID` = `sm_ps`.`ID`) and (ucase(`sm_pd`.`ACTIVE`) like convert(ucase('y') using latin1))) group by `sm_p`.`REFERENCE`,`sm_p`.`DESIGNATION`,`sm_p`.`QUANTITY`,`sm_p`.`PRICE_BUY`,`sm_p`.`PRICE_SALE`,`sm_p`.`ACTIVE`;

-- --------------------------------------------------------

--
-- Structure de la vue `v_sm_lovs`
--
DROP TABLE IF EXISTS `v_sm_lovs`;

CREATE ALGORITHM=UNDEFINED DEFINER=`root`@`localhost` SQL SECURITY DEFINER VIEW `v_sm_lovs` AS select concat_ws('.',`v_sm_product_status`.`ID`,'SM_PRODUCT_STATUS') AS `code`,'SM_PRODUCT_STATUS' AS `TABLE_CODE`,`v_sm_product_status`.`ID` AS `ID`,`v_sm_product_status`.`NAME` AS `NAME`,`v_sm_product_status`.`DESCRIPTION` AS `DESCRIPTION`,`v_sm_product_status`.`ACTIVE` AS `ACTIVE`,`v_sm_product_status`.`SORT_KEY` AS `SORT_KEY`,`v_sm_product_status`.`CLT_MODULE_ID` AS `CLT_MODULE_ID` from `v_sm_product_status` union select concat_ws('.',`v_sm_expense_type`.`ID`,'SM_EXPENSE_TYPE') AS `code`,'SM_EXPENSE_TYPE' AS `TABLE_CODE`,`v_sm_expense_type`.`ID` AS `ID`,`v_sm_expense_type`.`NAME` AS `NAME`,`v_sm_expense_type`.`DESCRIPTION` AS `DESCRIPTION`,`v_sm_expense_type`.`ACTIVE` AS `ACTIVE`,`v_sm_expense_type`.`SORT_KEY` AS `SORT_KEY`,`v_sm_expense_type`.`CLT_MODULE_ID` AS `CLT_MODULE_ID` from `v_sm_expense_type` union select concat_ws('.',`v_sm_supplier_type`.`ID`,'M_SUPPLIER_TYPE') AS `code`,'SM_SUPPLIER_TYPE' AS `TABLE_CODE`,`v_sm_supplier_type`.`ID` AS `ID`,`v_sm_supplier_type`.`NAME` AS `NAME`,`v_sm_supplier_type`.`DESCRIPTION` AS `DESCRIPTION`,`v_sm_supplier_type`.`ACTIVE` AS `ACTIVE`,`v_sm_supplier_type`.`SORT_KEY` AS `SORT_KEY`,`v_sm_supplier_type`.`CLT_MODULE_ID` AS `CLT_MODULE_ID` from `v_sm_supplier_type` union select concat_ws('.',`v_inf_country`.`ID`,'V_INF_COUNTRY') AS `code`,'INF_COUNTRY' AS `TABLE_CODE`,`v_inf_country`.`ID` AS `ID`,`v_inf_country`.`NAME` AS `NAME`,`v_inf_country`.`DESCRIPTION` AS `DESCRIPTION`,`v_inf_country`.`ACTIVE` AS `ACTIVE`,`v_inf_country`.`SORT_KEY` AS `SORT_KEY`,`v_inf_country`.`CLT_MODULE_ID` AS `CLT_MODULE_ID` from `v_inf_country` union select concat_ws('.',`v_inf_city`.`ID`,'V_INF_CITY') AS `code`,'INF_CITY' AS `TABLE_CODE`,`v_inf_city`.`ID` AS `ID`,`v_inf_city`.`NAME` AS `NAME`,`v_inf_city`.`DESCRIPTION` AS `DESCRIPTION`,`v_inf_city`.`ACTIVE` AS `ACTIVE`,`v_inf_city`.`SORT_KEY` AS `SORT_KEY`,`v_inf_city`.`CLT_MODULE_ID` AS `CLT_MODULE_ID` from `v_inf_city` union select concat_ws('.',`v_sm_product_size`.`ID`,'V_SM_PRODUCT_SIZE') AS `code`,'SM_PRODUCT_SIZE' AS `TABLE_CODE`,`v_sm_product_size`.`ID` AS `ID`,`v_sm_product_size`.`NAME` AS `NAME`,`v_sm_product_size`.`DESCRIPTION` AS `DESCRIPTION`,`v_sm_product_size`.`ACTIVE` AS `ACTIVE`,`v_sm_product_size`.`SORT_KEY` AS `SORT_KEY`,`v_sm_product_size`.`CLT_MODULE_ID` AS `CLT_MODULE_ID` from `v_sm_product_size` union select concat_ws('.',`v_sm_product_family`.`ID`,'V_SM_PRODUCT_FAMILY') AS `code`,'SM_PRODUCT_FAMILY' AS `TABLE_CODE`,`v_sm_product_family`.`ID` AS `ID`,`v_sm_product_family`.`NAME` AS `NAME`,`v_sm_product_family`.`DESCRIPTION` AS `DESCRIPTION`,`v_sm_product_family`.`ACTIVE` AS `ACTIVE`,`v_sm_product_family`.`SORT_KEY` AS `SORT_KEY`,`v_sm_product_family`.`CLT_MODULE_ID` AS `CLT_MODULE_ID` from `v_sm_product_family` union select concat_ws('.',`v_sm_product_color`.`ID`,'V_SM_PRODUCT_COLOR') AS `code`,'SM_PRODUCT_COLOR' AS `TABLE_CODE`,`v_sm_product_color`.`ID` AS `ID`,`v_sm_product_color`.`NAME` AS `NAME`,NULL AS `DESCRIPTION`,`v_sm_product_color`.`ACTIVE` AS `ACTIVE`,`v_sm_product_color`.`SORT_KEY` AS `SORT_KEY`,`v_sm_product_color`.`CLT_MODULE_ID` AS `CLT_MODULE_ID` from `v_sm_product_color` union select concat_ws('.',`v_sm_supplier`.`ID`,'V_SM_SUPPLIER') AS `code`,'SM_SUPPLIER' AS `TABLE_CODE`,`v_sm_supplier`.`ID` AS `ID`,concat_ws(', ',`v_sm_supplier`.`FIRST_NAME`,ucase(`v_sm_supplier`.`LAST_NAME`)) AS `NAME`,NULL AS `DESCRIPTION`,`v_sm_supplier`.`ACTIVE` AS `ACTIVE`,`v_sm_supplier`.`SORT_KEY` AS `SORT_KEY`,`v_sm_supplier`.`CLT_MODULE_ID` AS `CLT_MODULE_ID` from `v_sm_supplier` union select concat_ws('.',`v_sm_deposit`.`ID`,'V_SM_DEPOSIT') AS `code`,'SM_DEPOSIT' AS `TABLE_CODE`,`v_sm_deposit`.`ID` AS `ID`,`v_sm_deposit`.`NAME` AS `NAME`,NULL AS `DESCRIPTION`,`v_sm_deposit`.`ACTIVE` AS `ACTIVE`,`v_sm_deposit`.`SORT_KEY` AS `SORT_KEY`,`v_sm_deposit`.`CLT_MODULE_ID` AS `CLT_MODULE_ID` from `v_sm_deposit` union select concat_ws('.',`v_sm_customer_type`.`ID`,'V_SM_CUSTOMER_TYPE') AS `code`,'SM_CUSTOMER_TYPE' AS `TABLE_CODE`,`v_sm_customer_type`.`ID` AS `ID`,`v_sm_customer_type`.`NAME` AS `NAME`,NULL AS `DESCRIPTION`,`v_sm_customer_type`.`ACTIVE` AS `ACTIVE`,`v_sm_customer_type`.`SORT_KEY` AS `SORT_KEY`,`v_sm_customer_type`.`CLT_MODULE_ID` AS `CLT_MODULE_ID` from `v_sm_customer_type`

;

-- --------------------------------------------------------

--
-- Structure de la vue `v_sm_order`
--
DROP TABLE IF EXISTS `v_sm_order`;

CREATE ALGORITHM=UNDEFINED DEFINER=`root`@`localhost` SQL SECURITY DEFINER VIEW `v_sm_order` AS select `sm_o`.`ID` AS `ID`,`sm_o`.`NAME` AS `NAME`,`sm_o`.`DESCRIPTION` AS `DESCRIPTION`,`sm_o`.`ORDER_STATUS_ID` AS `ORDER_STATUS_ID`,`sm_o`.`PAYMENT_METHOD_ID` AS `PAYMENT_METHOD_ID`,`sm_o`.`CUSTOMER_ID` AS `CUSTOMER_ID`,`sm_o`.`CHECK_ID` AS `CHECK_ID`,`sm_o`.`VALID` AS `VALID`,`sm_o`.`OLD_ORDER_ID` AS `OLD_ORDER_ID`,`sm_o`.`ACTIVE` AS `ACTIVE`,`sm_o`.`DATE_CREATION` AS `DATE_CREATION`,`sm_o`.`USER_CREATION` AS `USER_CREATION`,`sm_o`.`DATE_UPDATE` AS `DATE_UPDATE`,`sm_o`.`USER_UPDATE` AS `USER_UPDATE`,`sm_o`.`CLT_MODULE_ID` AS `CLT_MODULE_ID`,'Abdessamad HALLAL' AS `customer_full_name`,`vsm_os`.`SUM_QUANTITY` AS `sum_quantity`,`vsm_os`.`SUM_TOTAL_PRICE_BUY` AS `sum_total_price_buy` from (`sm_order` `sm_o` join `v_sm_order_summary` `vsm_os`) where (`sm_o`.`ID` = `vsm_os`.`ID`);

-- --------------------------------------------------------

--
-- Structure de la vue `v_sm_order_line`
--
DROP TABLE IF EXISTS `v_sm_order_line`;

CREATE ALGORITHM=UNDEFINED DEFINER=`root`@`localhost` SQL SECURITY DEFINER VIEW `v_sm_order_line` AS select `sm_ol`.`ID` AS `ID`,`sm_ol`.`DESCRIPTION` AS `DESCRIPTION`,`sm_ol`.`PRODUCT_ID` AS `PRODUCT_ID`,`sm_ol`.`DESIGNATION` AS `DESIGNATION`,`sm_ol`.`ORDER_ID` AS `ORDER_ID`,`sm_ol`.`PROMOTION_ID` AS `PROMOTION_ID`,`sm_ol`.`NEGOTIATE_PRICE` AS `NEGOTIATE_PRICE`,`sm_ol`.`QUANTITY` AS `QUANTITY`,`sm_ol`.`ACTIVE` AS `ACTIVE`,`sm_ol`.`DATE_CREATION` AS `DATE_CREATION`,`sm_ol`.`USER_CREATION` AS `USER_CREATION`,`sm_ol`.`DATE_UPDATE` AS `DATE_UPDATE`,`sm_ol`.`USER_UPDATE` AS `USER_UPDATE`,`sm_ol`.`REFERENCE` AS `REFERENCE`,`sm_ol`.`PRODUCT_SIZE_ID` AS `PRODUCT_SIZE_ID`,`sm_ol`.`PRODUCT_COLOR_ID` AS `PRODUCT_COLOR_ID`,`sm_ol`.`UNIT_PRICE_BUY` AS `UNIT_PRICE_BUY`,`sm_ol`.`TOTAL_PRICE_BUY` AS `TOTAL_PRICE_BUY`,`sm_pc`.`NAME` AS `PRODUCT_COLOR_NAME`,`sm_ps`.`NAME` AS `PRODUCT_SIZE_NAME` from ((`sm_order_line` `sm_ol` join `sm_product_color` `sm_pc`) join `sm_product_size` `sm_ps`) where ((`sm_ol`.`PRODUCT_COLOR_ID` = `sm_pc`.`ID`) and (`sm_ol`.`PRODUCT_SIZE_ID` = `sm_ps`.`ID`));

-- --------------------------------------------------------

--
-- Structure de la vue `v_sm_order_summary`
--
DROP TABLE IF EXISTS `v_sm_order_summary`;

CREATE ALGORITHM=UNDEFINED DEFINER=`root`@`localhost` SQL SECURITY DEFINER VIEW `v_sm_order_summary` AS select `sm_o`.`ID` AS `ID`,sum(`sm_ol`.`QUANTITY`) AS `SUM_QUANTITY`,sum(`sm_ol`.`TOTAL_PRICE_BUY`) AS `SUM_TOTAL_PRICE_BUY` from (`sm_order` `sm_o` join `sm_order_line` `sm_ol`) where (`sm_o`.`ID` = `sm_ol`.`ORDER_ID`) group by `sm_o`.`ID`;

-- --------------------------------------------------------

--
-- Structure de la vue `v_sm_product`
--
DROP TABLE IF EXISTS `v_sm_product`;

CREATE ALGORITHM=UNDEFINED DEFINER=`root`@`localhost` SQL SECURITY DEFINER VIEW `v_sm_product` AS select `sm_p`.`ID` AS `ID`,`sm_p`.`DESIGNATION` AS `DESIGNATION`,`sm_p`.`PRODUCT_STATUS_ID` AS `PRODUCT_STATUS_ID`,`sm_p`.`PRODUCT_FAMILY_ID` AS `PRODUCT_FAMILY_ID`,`sm_p`.`QUANTITY` AS `QUANTITY`,`sm_p`.`REFERENCE` AS `REFERENCE`,`sm_p`.`PRODUCT_SIZE_ID` AS `PRODUCT_SIZE_ID`,`sm_p`.`PRODUCT_COLOR_ID` AS `PRODUCT_COLOR_ID`,`sm_p`.`PRICE_SALE` AS `PRICE_SALE`,`sm_p`.`PRICE_BUY` AS `PRICE_BUY`,`sm_p`.`ACTIVE` AS `ACTIVE`,`sm_p`.`DATE_CREATION` AS `DATE_CREATION`,`sm_p`.`USER_CREATION` AS `USER_CREATION`,`sm_p`.`DATE_UPDATE` AS `DATE_UPDATE`,`sm_p`.`USER_UPDATE` AS `USER_UPDATE`,`sm_p`.`CLT_MODULE_ID` AS `CLT_MODULE_ID`,`sm_pc`.`NAME` AS `PRODUCT_COLOR_NAME`,'' AS `PRODUCT_FAMILY_NAME`,`sm_ps`.`NAME` AS `PRODUCT_SIZE_NAME`,'' AS `PRODUCT_STATUT_NAME` from ((`sm_product` `sm_p` join `sm_product_color` `sm_pc`) join `sm_product_size` `sm_ps`) where ((`sm_p`.`PRODUCT_COLOR_ID` = `sm_pc`.`ID`) and (`sm_p`.`PRODUCT_SIZE_ID` = `sm_ps`.`ID`));

-- --------------------------------------------------------

--
-- Structure de la vue `v_sm_product_color`
--
DROP TABLE IF EXISTS `v_sm_product_color`;

CREATE ALGORITHM=UNDEFINED DEFINER=`root`@`localhost` SQL SECURITY DEFINER VIEW `v_sm_product_color` AS select `sm_product_color`.`ID` AS `ID`,`sm_product_color`.`NAME` AS `NAME`,`sm_product_color`.`HEX` AS `HEX`,`sm_product_color`.`RGB` AS `RGB`,`sm_product_color`.`SORT_KEY` AS `SORT_KEY`,`sm_product_color`.`ACTIVE` AS `ACTIVE`,`sm_product_color`.`DATE_CREATION` AS `DATE_CREATION`,`sm_product_color`.`CLT_MODULE_ID` AS `CLT_MODULE_ID`,`sm_product_color`.`USER_CREATION` AS `USER_CREATION`,`sm_product_color`.`DATE_UPDATE` AS `DATE_UPDATE`,`sm_product_color`.`USER_UPDATE` AS `USER_UPDATE` from `sm_product_color`

;

-- --------------------------------------------------------

--
-- Structure de la vue `v_sm_product_details`
--
DROP TABLE IF EXISTS `v_sm_product_details`;

CREATE ALGORITHM=UNDEFINED DEFINER=`root`@`localhost` SQL SECURITY DEFINER VIEW `v_sm_product_details` AS select `sm_product_details`.`ID` AS `id`,`sm_product_details`.`PRODUCT_ID` AS `product_id`,`sm_product_details`.`DESIGNATION` AS `designation`,`sm_product_details`.`UNIT_PRICE_BUY` AS `unit_price_buy`,`sm_product_details`.`REMISE` AS `remise`,`sm_product_details`.`QUANTITY` AS `quantity`,`sm_product_details`.`ACTIVE` AS `active`,`sm_product_details`.`RECEPTION_ID` AS `reception_id`,`sm_product_details`.`DATE_CREATION` AS `date_creation`,`sm_product_details`.`USER_CREATION` AS `user_creation`,`sm_product_details`.`DATE_UPDATE` AS `date_update`,`sm_product_details`.`USER_UPDATE` AS `user_update`,((((`sm_product_details`.`UNIT_PRICE_BUY` * `sm_product_details`.`QUANTITY`) - ((`sm_product_details`.`UNIT_PRICE_BUY` * `sm_product_details`.`QUANTITY`) * (`sm_product_details`.`REMISE` / 100))) * 1.2) - ((`sm_product_details`.`UNIT_PRICE_BUY` * `sm_product_details`.`QUANTITY`) - ((`sm_product_details`.`UNIT_PRICE_BUY` * `sm_product_details`.`QUANTITY`) * (`sm_product_details`.`REMISE` / 100)))) AS `tva`,((((`sm_product_details`.`UNIT_PRICE_BUY` * `sm_product_details`.`QUANTITY`) - (((`sm_product_details`.`UNIT_PRICE_BUY` * `sm_product_details`.`QUANTITY`) * (`sm_product_details`.`REMISE` / 100)) * 1.2)) - (`sm_product_details`.`UNIT_PRICE_BUY` * `sm_product_details`.`QUANTITY`)) - ((`sm_product_details`.`UNIT_PRICE_BUY` * `sm_product_details`.`QUANTITY`) * (`sm_product_details`.`REMISE` / 100))) AS `ttt`,((`sm_product_details`.`UNIT_PRICE_BUY` * `sm_product_details`.`QUANTITY`) - ((`sm_product_details`.`UNIT_PRICE_BUY` * `sm_product_details`.`QUANTITY`) * (`sm_product_details`.`REMISE` / 100))) AS `total_ht`,(((`sm_product_details`.`UNIT_PRICE_BUY` * `sm_product_details`.`QUANTITY`) - ((`sm_product_details`.`UNIT_PRICE_BUY` * `sm_product_details`.`QUANTITY`) * (`sm_product_details`.`REMISE` / 100))) * 1.2) AS `total_ttc` from `sm_product_details`;

-- --------------------------------------------------------

--
-- Structure de la vue `v_sm_product_details_group`
--
DROP TABLE IF EXISTS `v_sm_product_details_group`;

CREATE ALGORITHM=UNDEFINED DEFINER=`root`@`localhost` SQL SECURITY DEFINER VIEW `v_sm_product_details_group` AS select `sm_p`.`ID` AS `product_id`,group_concat(`sm_pd`.`ID` separator ',') AS `ids`,`sm_p`.`REFERENCE` AS `reference`,`sm_pc`.`NAME` AS `product_color_name`,group_concat(`sm_ps`.`NAME` separator ',') AS `product_size_names`,group_concat(`sm_pd`.`QUANTITY` separator ',') AS `quantitys`,sum(`sm_pd`.`QUANTITY`) AS `sum_quantity`,`sm_pd`.`UNIT_PRICE_BUY` AS `unit_price_buy`,(sum(`sm_pd`.`QUANTITY`) * `sm_pd`.`UNIT_PRICE_BUY`) AS `sum_unit_price_buy`,`sm_pd`.`RECEPTION_ID` AS `reception_id`,`sm_pc`.`ID` AS `product_color_id` from (((`sm_product` `sm_p` join `sm_product_details` `sm_pd`) join `sm_product_color` `sm_pc`) join `sm_product_size` `sm_ps`) where ((`sm_p`.`ID` = `sm_pd`.`PRODUCT_ID`) and (`sm_p`.`PRODUCT_COLOR_ID` = `sm_pc`.`ID`) and (`sm_p`.`PRODUCT_SIZE_ID` = `sm_ps`.`ID`)) group by `sm_p`.`REFERENCE`,`sm_pc`.`NAME`,`sm_pd`.`UNIT_PRICE_BUY`,`sm_pd`.`RECEPTION_ID`;

-- --------------------------------------------------------

--
-- Structure de la vue `v_sm_product_family`
--
DROP TABLE IF EXISTS `v_sm_product_family`;

CREATE ALGORITHM=UNDEFINED DEFINER=`root`@`localhost` SQL SECURITY DEFINER VIEW `v_sm_product_family` AS select `sm_product_family`.`ID` AS `ID`,`sm_product_family`.`NAME` AS `NAME`,`sm_product_family`.`DESCRIPTION` AS `DESCRIPTION`,`sm_product_family`.`PRODUCT_GROUP_ID` AS `PRODUCT_GROUP_ID`,`sm_product_family`.`SORT_KEY` AS `SORT_KEY`,`sm_product_family`.`ACTIVE` AS `ACTIVE`,`sm_product_family`.`CLT_MODULE_ID` AS `CLT_MODULE_ID`,`sm_product_family`.`DATE_CREATION` AS `DATE_CREATION`,`sm_product_family`.`USER_CREATION` AS `USER_CREATION`,`sm_product_family`.`DATE_UPDATE` AS `DATE_UPDATE`,`sm_product_family`.`USER_UPDATE` AS `USER_UPDATE` from `sm_product_family`

;

-- --------------------------------------------------------

--
-- Structure de la vue `v_sm_product_size`
--
DROP TABLE IF EXISTS `v_sm_product_size`;

CREATE ALGORITHM=UNDEFINED DEFINER=`root`@`localhost` SQL SECURITY DEFINER VIEW `v_sm_product_size` AS select `sm_product_size`.`ID` AS `ID`,`sm_product_size`.`NAME` AS `NAME`,`sm_product_size`.`DESCRIPTION` AS `DESCRIPTION`,`sm_product_size`.`SORT_KEY` AS `SORT_KEY`,`sm_product_size`.`CLT_MODULE_ID` AS `CLT_MODULE_ID`,`sm_product_size`.`ACTIVE` AS `ACTIVE`,`sm_product_size`.`DATE_CREATION` AS `DATE_CREATION`,`sm_product_size`.`USER_CREATION` AS `USER_CREATION`,`sm_product_size`.`DATE_UPDATE` AS `DATE_UPDATE`,`sm_product_size`.`USER_UPDATE` AS `USER_UPDATE` from `sm_product_size`

;

-- --------------------------------------------------------

--
-- Structure de la vue `v_sm_product_status`
--
DROP TABLE IF EXISTS `v_sm_product_status`;

CREATE ALGORITHM=UNDEFINED DEFINER=`root`@`localhost` SQL SECURITY DEFINER VIEW `v_sm_product_status` AS select `sm_product_status`.`ID` AS `ID`,`sm_product_status`.`NAME` AS `NAME`,`sm_product_status`.`DESCRIPTION` AS `DESCRIPTION`,`sm_product_status`.`SORT_KEY` AS `SORT_KEY`,`sm_product_status`.`ACTIVE` AS `ACTIVE`,`sm_product_status`.`CLT_MODULE_ID` AS `CLT_MODULE_ID`,`sm_product_status`.`DATE_CREATION` AS `DATE_CREATION`,`sm_product_status`.`USER_CREATION` AS `USER_CREATION`,`sm_product_status`.`DATE_UPDATE` AS `DATE_UPDATE`,`sm_product_status`.`USER_UPDATE` AS `USER_UPDATE` from `sm_product_status`

;

-- --------------------------------------------------------

--
-- Structure de la vue `v_sm_rap_daily`
--
DROP TABLE IF EXISTS `v_sm_rap_daily`;

CREATE ALGORITHM=UNDEFINED DEFINER=`root`@`localhost` SQL SECURITY DEFINER VIEW `v_sm_rap_daily` AS select `sm_ol`.`ID` AS `order_line_id`,`clt_c`.`ID` AS `clinet_id`,`clt_m`.`ID` AS `module_id`,`sm_c`.`FIRST_NAME` AS `clinet_first_name`,`sm_ol`.`REFERENCE` AS `reference`,`sm_pc`.`NAME` AS `product_color_name`,`sm_ps`.`NAME` AS `product_size_name`,`sm_ol`.`UNIT_PRICE_BUY` AS `unit_price_buy`,`sm_ol`.`QUANTITY` AS `quantity`,`sm_ol`.`TOTAL_PRICE_BUY` AS `total_price_buy`,`sm_o`.`DATE_CREATION` AS `date_creation` from ((((((`clt_client` `clt_c` join `clt_module` `clt_m`) join `sm_customer` `sm_c`) join `sm_order` `sm_o`) join `sm_order_line` `sm_ol`) join `sm_product_color` `sm_pc`) join `sm_product_size` `sm_ps`) where ((`clt_c`.`ID` = `clt_m`.`CLIENT_ID`) and (`clt_m`.`ID` = `sm_o`.`CLT_MODULE_ID`) and (`sm_o`.`ID` = `sm_ol`.`ORDER_ID`) and (`sm_c`.`ID` = `sm_o`.`CUSTOMER_ID`) and (`sm_ol`.`PRODUCT_COLOR_ID` = `sm_pc`.`ID`) and (`sm_ol`.`PRODUCT_SIZE_ID` = `sm_ps`.`ID`) and (ucase(`sm_o`.`VALID`) = convert(ucase('y') using latin1)));

-- --------------------------------------------------------

--
-- Structure de la vue `v_sm_reception`
--
DROP TABLE IF EXISTS `v_sm_reception`;

CREATE ALGORITHM=UNDEFINED DEFINER=`root`@`localhost` SQL SECURITY DEFINER VIEW `v_sm_reception` AS select `sm_r`.`ID` AS `id`,`sm_r`.`NAME` AS `name`,`sm_r`.`DESCRIPTION` AS `description`,`sm_r`.`SUPPLIER_ID` AS `supplier_id`,`sm_r`.`ACTIVE` AS `active`,`sm_r`.`DEADLINE` AS `deadline`,`sm_r`.`SOUCHE` AS `souche`,`sm_r`.`DEPOSIT_ID` AS `deposit_id`,`sm_r`.`VALID` AS `valid`,`sm_r`.`SIZES` AS `sizes`,`sm_r`.`DATE_CREATION` AS `date_creation`,`sm_r`.`USER_CREATION` AS `user_creation`,`sm_r`.`DATE_UPDATE` AS `date_update`,`sm_r`.`USER_UPDATE` AS `user_update`,`sm_r`.`CLT_MODULE_ID` AS `clt_module_id`,ifnull((select sum((`sm_pdi`.`UNIT_PRICE_BUY` * `sm_pdi`.`QUANTITY`)) from `sm_product_details` `sm_pdi` where (`sm_pdi`.`RECEPTION_ID` = `sm_r`.`ID`)),0) AS `amount`,`sm_s`.`COMPANY_NAME` AS `COMPANY_NAME` from (`sm_reception` `sm_r` join `sm_supplier` `sm_s`) where (`sm_r`.`SUPPLIER_ID` = `sm_s`.`ID`);

-- --------------------------------------------------------

--
-- Structure de la vue `v_sm_reception_summary`
--
DROP TABLE IF EXISTS `v_sm_reception_summary`;

CREATE ALGORITHM=UNDEFINED DEFINER=`root`@`localhost` SQL SECURITY DEFINER VIEW `v_sm_reception_summary` AS select `vsm_r`.`id` AS `id`,sum(`vsm_pd`.`quantity`) AS `quantity_total`,sum(`vsm_pd`.`unit_price_buy`) AS `unit_price_buy_total`,avg(`vsm_pd`.`remise`) AS `remise_avg`,avg(`vsm_pd`.`tva`) AS `tva_avg`,avg(`vsm_pd`.`total_ht`) AS `total_ht_total`,avg(`vsm_pd`.`total_ttc`) AS `total_ttc_total` from (`v_sm_reception` `vsm_r` join `v_sm_product_details` `vsm_pd`) where (`vsm_r`.`id` = `vsm_pd`.`reception_id`) group by `vsm_r`.`id`;

-- --------------------------------------------------------

--
-- Structure de la vue `v_sm_size_by_reference`
--
DROP TABLE IF EXISTS `v_sm_size_by_reference`;

CREATE ALGORITHM=UNDEFINED DEFINER=`root`@`localhost` SQL SECURITY DEFINER VIEW `v_sm_size_by_reference` AS select concat_ws('.',`sm_p`.`CLT_MODULE_ID`,`sm_p`.`REFERENCE`,`sm_ps`.`ID`) AS `CODE`,`sm_p`.`REFERENCE` AS `REFERENCE`,`sm_ps`.`ID` AS `PRODUCT_SIZE_ID`,`sm_ps`.`NAME` AS `PRODUCT_SIZE_NAME`,`sm_p`.`CLT_MODULE_ID` AS `CLT_MODULE_ID` from (`sm_product` `sm_p` join `sm_product_size` `sm_ps`) where (`sm_p`.`PRODUCT_SIZE_ID` = `sm_ps`.`ID`) group by `sm_p`.`REFERENCE`,`sm_ps`.`ID`,`sm_ps`.`NAME`,`sm_p`.`CLT_MODULE_ID`;

-- --------------------------------------------------------

--
-- Structure de la vue `v_sm_stock_state`
--
DROP TABLE IF EXISTS `v_sm_stock_state`;

CREATE ALGORITHM=UNDEFINED DEFINER=`root`@`localhost` SQL SECURITY DEFINER VIEW `v_sm_stock_state` AS select sum((`sm_pd`.`UNIT_PRICE_BUY` * `sm_pd`.`QUANTITY`)) AS `total_price_buy`,sum(`sm_pd`.`QUANTITY`) AS `sum_quantity`,floor((rand() * 999)) AS `code`,count(`sm_pd`.`RECEPTION_ID`) AS `reception_valid_count`,max(`sm_pd`.`UNIT_PRICE_BUY`) AS `unit_price_buy_max`,avg(`sm_pd`.`UNIT_PRICE_BUY`) AS `unit_price_buy_moyenne`,min(`sm_pd`.`UNIT_PRICE_BUY`) AS `unit_price_buy_min`,count(`sm_pd`.`QUANTITY`) AS `quantity_count`,3 AS `product_valid`,5 AS `product_not_valid`,45 AS `reception_inprogress_count`,`sm_r`.`CLT_MODULE_ID` AS `clt_module_id` from ((`sm_product` `sm_p` join `sm_product_details` `sm_pd`) join `sm_reception` `sm_r`) where ((`sm_p`.`ID` = `sm_pd`.`PRODUCT_ID`) and (`sm_r`.`ID` = `sm_pd`.`RECEPTION_ID`)) group by `sm_r`.`CLT_MODULE_ID`;

-- --------------------------------------------------------

--
-- Structure de la vue `v_sm_supplier`
--
DROP TABLE IF EXISTS `v_sm_supplier`;

CREATE ALGORITHM=UNDEFINED DEFINER=`root`@`localhost` SQL SECURITY DEFINER VIEW `v_sm_supplier` AS select `sm_s`.`ID` AS `ID`,`sm_s`.`SUPPLIER_TYPE_ID` AS `SUPPLIER_TYPE_ID`,`sm_s`.`FIRST_NAME` AS `FIRST_NAME`,`sm_s`.`LAST_NAME` AS `LAST_NAME`,`sm_s`.`INF_COUNTRY_ID` AS `INF_COUNTRY_ID`,`sm_s`.`INF_CITY_ID` AS `INF_CITY_ID`,`sm_s`.`COMPANY_NAME` AS `COMPANY_NAME`,`sm_s`.`CELL_PHONE` AS `CELL_PHONE`,`sm_s`.`FIXED_PHONE` AS `FIXED_PHONE`,`sm_s`.`ADRESS` AS `ADRESS`,`sm_s`.`EMAIL` AS `EMAIL`,`sm_s`.`CLT_MODULE_ID` AS `CLT_MODULE_ID`,`sm_s`.`SORT_KEY` AS `SORT_KEY`,`sm_s`.`ACTIVE` AS `ACTIVE`,`sm_s`.`DATE_CREATION` AS `DATE_CREATION`,`sm_s`.`USER_CREATION` AS `USER_CREATION`,`sm_s`.`DATE_UPDATE` AS `DATE_UPDATE`,`sm_s`.`USER_UPDATE` AS `USER_UPDATE`,`sm_s`.`POST_CODE` AS `POST_CODE`,`vsm_st`.`NAME` AS `supplier_type_name`,`vinf_c1`.`NAME` AS `inf_country_name`,`vinf_c2`.`NAME` AS `inf_city_name`,(select (case when (count(0) > 0) then 'N' else 'Y' end) from `sm_reception` `d` where (`d`.`SUPPLIER_ID` = `sm_s`.`ID`)) AS `can_be_belete` from (((`sm_supplier` `sm_s` join `v_sm_supplier_type` `vsm_st`) join `v_inf_country` `vinf_c1`) join `v_inf_city` `vinf_c2`) where ((`sm_s`.`SUPPLIER_TYPE_ID` = `vsm_st`.`ID`) and (`sm_s`.`INF_COUNTRY_ID` = `vinf_c1`.`ID`) and (`sm_s`.`INF_CITY_ID` = `vinf_c2`.`ID`))

;

-- --------------------------------------------------------

--
-- Structure de la vue `v_sm_supplier_type`
--
DROP TABLE IF EXISTS `v_sm_supplier_type`;

CREATE ALGORITHM=UNDEFINED DEFINER=`root`@`localhost` SQL SECURITY DEFINER VIEW `v_sm_supplier_type` AS select `sm_supplier_type`.`ID` AS `ID`,`sm_supplier_type`.`NAME` AS `NAME`,`sm_supplier_type`.`DESCRIPTION` AS `DESCRIPTION`,`sm_supplier_type`.`CLT_MODULE_ID` AS `CLT_MODULE_ID`,`sm_supplier_type`.`SORT_KEY` AS `SORT_KEY`,`sm_supplier_type`.`ACTIVE` AS `ACTIVE`,`sm_supplier_type`.`DATE_CREATION` AS `DATE_CREATION`,`sm_supplier_type`.`USER_CREATION` AS `USER_CREATION`,`sm_supplier_type`.`DATE_UPDATE` AS `DATE_UPDATE`,`sm_supplier_type`.`USER_UPDATE` AS `USER_UPDATE` from `sm_supplier_type`

;

--
-- Index pour les tables exportées
--

--
-- Index pour la table `clt_client`
--
ALTER TABLE `clt_client`
 ADD PRIMARY KEY (`ID`), ADD KEY `fk_CLT_CLIENT_INF_COUNTRY1_idx` (`INF_COUNTRY_ID`), ADD KEY `fk_CLT_CLIENT_INF_CITY1_idx` (`INF_CITY_ID`), ADD KEY `fk_CLT_CLIENT_CLT_CLIENT_STATUS1_idx` (`CLIENT_STATUS_ID`);

--
-- Index pour la table `clt_client_language`
--
ALTER TABLE `clt_client_language`
 ADD PRIMARY KEY (`ID`), ADD KEY `fk_CLT_CLIENT_LANGUAGE_CLT_CLIENT1_idx` (`CLIENT_ID`), ADD KEY `fk_CLT_CLIENT_LANGUAGE_INF_LANGUAGE1_idx` (`LANGUAGE_ID`), ADD KEY `fk_CLT_CLIENT_LANGUAGE_INF_PREFIX_ID` (`INF_PREFIX_ID`);

--
-- Index pour la table `clt_client_status`
--
ALTER TABLE `clt_client_status`
 ADD PRIMARY KEY (`ID`);

--
-- Index pour la table `clt_module`
--
ALTER TABLE `clt_module`
 ADD PRIMARY KEY (`ID`), ADD KEY `fk_CLT_FOLDER_CLT_CLIENT1_idx` (`CLIENT_ID`), ADD KEY `fk_CLT_MODULE_CLT_MODULE_STATUS1_idx` (`MODULE_STATUS_ID`), ADD KEY `fk_CLT_MODULE_TYPE1_idx` (`MODULE_TYPE_ID`);

--
-- Index pour la table `clt_module_parameter`
--
ALTER TABLE `clt_module_parameter`
 ADD PRIMARY KEY (`ID`), ADD KEY `idx_clt_module_parameter` (`MODULE_PARAMETER_TYPE_ID`);

--
-- Index pour la table `clt_module_parameter_client`
--
ALTER TABLE `clt_module_parameter_client`
 ADD PRIMARY KEY (`ID`), ADD KEY `idx_clt_module_parameter_client` (`MODULE_PARAMETER_ID`), ADD KEY `idx_clt_module_parameter_client_0` (`MODULE_ID`);

--
-- Index pour la table `clt_module_parameter_type`
--
ALTER TABLE `clt_module_parameter_type`
 ADD PRIMARY KEY (`ID`);

--
-- Index pour la table `clt_module_status`
--
ALTER TABLE `clt_module_status`
 ADD PRIMARY KEY (`ID`);

--
-- Index pour la table `clt_module_type`
--
ALTER TABLE `clt_module_type`
 ADD PRIMARY KEY (`ID`);

--
-- Index pour la table `clt_parameter`
--
ALTER TABLE `clt_parameter`
 ADD PRIMARY KEY (`ID`), ADD KEY `fk_CLT_PARAMETER_CLT_TYPE_PARAMETER1_idx` (`PARAMETER_TYPE_ID`);

--
-- Index pour la table `clt_parameter_client`
--
ALTER TABLE `clt_parameter_client`
 ADD PRIMARY KEY (`ID`), ADD KEY `idx_clt_parameter_client` (`PARAMETER_ID`), ADD KEY `idx_clt_parameter_client_0` (`CLINET_ID`);

--
-- Index pour la table `clt_parameter_type`
--
ALTER TABLE `clt_parameter_type`
 ADD PRIMARY KEY (`ID`);

--
-- Index pour la table `clt_user`
--
ALTER TABLE `clt_user`
 ADD PRIMARY KEY (`ID`), ADD KEY `fk_CLT_USER_CLT_CLIENT1_idx` (`CLIENT_ID`), ADD KEY `fk_CLT_USER_CLT_CATEGORY_USER1_idx` (`CATEGORY_ID`), ADD KEY `fk_CLT_USER_INF_COUNTRY1_idx` (`INF_COUNTRY_ID`), ADD KEY `fk_CLT_USER_INF_CITY1_idx` (`INF_CITY_ID`), ADD KEY `idx_clt_user` (`USER_STATUS_ID`);

--
-- Index pour la table `clt_user_category`
--
ALTER TABLE `clt_user_category`
 ADD PRIMARY KEY (`ID`), ADD KEY `fk_CLT_USER_CATEGORY_CLT_MODULE1_idx` (`MODULE_ID`);

--
-- Index pour la table `clt_user_client`
--
ALTER TABLE `clt_user_client`
 ADD PRIMARY KEY (`ID`), ADD KEY `FK_USER_CLIENT_ID_idx` (`CLIENT_ID`), ADD KEY `FK2_USER_CLIENT_idx` (`USER_ID`);

--
-- Index pour la table `clt_user_group`
--
ALTER TABLE `clt_user_group`
 ADD PRIMARY KEY (`ID`), ADD KEY `fk_CLT_USER_GROUP_CLT_USER1_idx` (`USER_ID`), ADD KEY `fk_CLT_USER_GROUP_INF_GROUP1_idx` (`INF_GROUP_ID`);

--
-- Index pour la table `clt_user_module`
--
ALTER TABLE `clt_user_module`
 ADD PRIMARY KEY (`ID`), ADD KEY `fk_CLT_USER_FOLDER_CLT_USER1_idx` (`USER_ID`), ADD KEY `fk_CLT_USER_FOLDER_CLT_FOLDER1_idx` (`MODULE_ID`);

--
-- Index pour la table `clt_user_status`
--
ALTER TABLE `clt_user_status`
 ADD PRIMARY KEY (`ID`);

--
-- Index pour la table `inf_basic_parameter`
--
ALTER TABLE `inf_basic_parameter`
 ADD PRIMARY KEY (`ID`);

--
-- Index pour la table `inf_basic_parameter_type`
--
ALTER TABLE `inf_basic_parameter_type`
 ADD PRIMARY KEY (`ID`);

--
-- Index pour la table `inf_city`
--
ALTER TABLE `inf_city`
 ADD PRIMARY KEY (`ID`), ADD KEY `fk_INF_CITY_INF_COUNTRY1_idx` (`COUNTRY_ID`);

--
-- Index pour la table `inf_country`
--
ALTER TABLE `inf_country`
 ADD PRIMARY KEY (`ID`);

--
-- Index pour la table `inf_group`
--
ALTER TABLE `inf_group`
 ADD PRIMARY KEY (`ID`), ADD KEY `fk_INF_GROUP_CLT_MODULE1_idx` (`CLT_MODULE_ID`);

--
-- Index pour la table `inf_item`
--
ALTER TABLE `inf_item`
 ADD PRIMARY KEY (`CODE`);

--
-- Index pour la table `inf_language`
--
ALTER TABLE `inf_language`
 ADD PRIMARY KEY (`ID`);

--
-- Index pour la table `inf_lovs`
--
ALTER TABLE `inf_lovs`
 ADD PRIMARY KEY (`ID`);

--
-- Index pour la table `inf_prefix`
--
ALTER TABLE `inf_prefix`
 ADD PRIMARY KEY (`ID`);

--
-- Index pour la table `inf_privilege`
--
ALTER TABLE `inf_privilege`
 ADD PRIMARY KEY (`ID`), ADD KEY `fk_INF_PRIVILEGE_INF_ITEM1_idx` (`ITEM_CODE`), ADD KEY `fk_INF_PRIVILEGE_INF_ROLE1_idx` (`ROLE_ID`);

--
-- Index pour la table `inf_role`
--
ALTER TABLE `inf_role`
 ADD PRIMARY KEY (`ID`);

--
-- Index pour la table `inf_role_group`
--
ALTER TABLE `inf_role_group`
 ADD PRIMARY KEY (`ID`), ADD KEY `fk_INF_ROLE_GROUP_INF_GROUP_idx` (`GROUP_ID`), ADD KEY `fk_INF_ROLE_GROUP_INF_ROLE1_idx` (`ROLE_ID`);

--
-- Index pour la table `inf_text`
--
ALTER TABLE `inf_text`
 ADD PRIMARY KEY (`ID`), ADD KEY `fk_INF_TEXT_INF_PREFIX1_idx` (`PREFIX`), ADD KEY `fk_inf_text` (`ITEM_CODE`);

--
-- Index pour la table `inf_text_type`
--
ALTER TABLE `inf_text_type`
 ADD PRIMARY KEY (`ID`);

--
-- Index pour la table `pm_attribute_exclud`
--
ALTER TABLE `pm_attribute_exclud`
 ADD PRIMARY KEY (`ID`), ADD KEY `fk_PM_COMPOS_EXECLUD_PM_PAGE_ITEM1_idx` (`PAGE_ID`);

--
-- Index pour la table `pm_attribute_validation`
--
ALTER TABLE `pm_attribute_validation`
 ADD PRIMARY KEY (`ID`), ADD KEY `fk_PM_VALID_SIMPLE_PAGE_PM_VALID_SIMPLE1_idx` (`VALIDATION_ID`), ADD KEY `fk_PM_VALID_SIMPLE_PAGE_PM_PAGE1_idx` (`PAGE_ID`);

--
-- Index pour la table `pm_category`
--
ALTER TABLE `pm_category`
 ADD PRIMARY KEY (`ID`), ADD KEY `fk_PM_MENU_PM_MENU_TYPE1_idx` (`CATEGORY_TYPE_ID`);

--
-- Index pour la table `pm_category_type`
--
ALTER TABLE `pm_category_type`
 ADD PRIMARY KEY (`ID`);

--
-- Index pour la table `pm_component`
--
ALTER TABLE `pm_component`
 ADD PRIMARY KEY (`ID`);

--
-- Index pour la table `pm_composition`
--
ALTER TABLE `pm_composition`
 ADD PRIMARY KEY (`ID`), ADD KEY `fk_PM_COMPOSITION_PM_MENU1_idx` (`MENU_ID`), ADD KEY `fk_PM_COMPOSITION_PM_PAGE1_idx` (`PAGE_ID`), ADD KEY `fk_PM_COMPOSITION_CLT_FOLDER1_idx` (`CLT_MODULE_ID`), ADD KEY `FK2` (`GROUP_ID`), ADD KEY `FK3` (`CATEGORY_ID`);

--
-- Index pour la table `pm_data_type`
--
ALTER TABLE `pm_data_type`
 ADD PRIMARY KEY (`ID`);

--
-- Index pour la table `pm_format_type`
--
ALTER TABLE `pm_format_type`
 ADD PRIMARY KEY (`ID`);

--
-- Index pour la table `pm_group`
--
ALTER TABLE `pm_group`
 ADD PRIMARY KEY (`ID`), ADD KEY `fk_PM_GROUP_PM_GROUP_TYPE1_idx` (`GROUP_TYPE_ID`);

--
-- Index pour la table `pm_group_type`
--
ALTER TABLE `pm_group_type`
 ADD PRIMARY KEY (`ID`);

--
-- Index pour la table `pm_menu`
--
ALTER TABLE `pm_menu`
 ADD PRIMARY KEY (`ID`), ADD KEY `fk_PM_SECTION_PM_SECTION_TYPE1_idx` (`MENU_TYPE_ID`);

--
-- Index pour la table `pm_menu_type`
--
ALTER TABLE `pm_menu_type`
 ADD PRIMARY KEY (`ID`);

--
-- Index pour la table `pm_module_attribute`
--
ALTER TABLE `pm_module_attribute`
 ADD PRIMARY KEY (`ID`), ADD KEY `fk_PM_PAGE_ATTRIBUTE1_idx` (`PM_PAGE_ATTRIBUTE_ID`), ADD KEY `fk_DATA_TYPE2_idx` (`DATA_TYPE_ID`), ADD KEY `FORMAT_TYPE_ID2_idx` (`FORMAT_TYPE_ID`);

--
-- Index pour la table `pm_page`
--
ALTER TABLE `pm_page`
 ADD PRIMARY KEY (`ID`), ADD KEY `fk_PM_PAGE_PM_TYPE_PAGE1_idx` (`PAGE_TYPE_ID`);

--
-- Index pour la table `pm_page_attribute`
--
ALTER TABLE `pm_page_attribute`
 ADD PRIMARY KEY (`ID`), ADD KEY `fk_PM_PAGE_ITEM_PM_PAGE1_idx` (`PAGE_ID`), ADD KEY `fk_PM_PAGE_ITEM_INF_ITEM1_idx` (`INF_ITEM_CODE`), ADD KEY `fk_PM_PAGE_ITEM_PM_COMPONENTE1_idx` (`PM_COMPONENT_ID`), ADD KEY `fk_data_type1_idx` (`DATA_TYPE_ID`), ADD KEY `fk_foramt_type1_idx` (`FORMAT_TYPE_ID`);

--
-- Index pour la table `pm_page_parameter`
--
ALTER TABLE `pm_page_parameter`
 ADD PRIMARY KEY (`ID`), ADD KEY `FK1_PAGE_PAPRAMETER_idx` (`PAGE_PARAMETER_TYPE_ID`), ADD KEY `idx_pm_page_parameter` (`PAGE_ID`);

--
-- Index pour la table `pm_page_parameter_module`
--
ALTER TABLE `pm_page_parameter_module`
 ADD PRIMARY KEY (`ID`), ADD KEY `idx_pm_page_parameter_module` (`PAGE_PARAMETER_ID`);

--
-- Index pour la table `pm_page_parameter_type`
--
ALTER TABLE `pm_page_parameter_type`
 ADD PRIMARY KEY (`ID`);

--
-- Index pour la table `pm_page_type`
--
ALTER TABLE `pm_page_type`
 ADD PRIMARY KEY (`ID`);

--
-- Index pour la table `pm_validation_type`
--
ALTER TABLE `pm_validation_type`
 ADD PRIMARY KEY (`ID`);

--
-- Index pour la table `sm_advanced`
--
ALTER TABLE `sm_advanced`
 ADD PRIMARY KEY (`ID`), ADD KEY `fk_SM_ADVANCED_SM_ADVANCED_STATUS1_idx` (`ADVANCED_STATUS_ID`), ADD KEY `fk_SM_ADVANCED_SM_CUSTOMER1_idx` (`CUSTOMER_ID`), ADD KEY `fk_SM_ADVANCED_SM_PRODUCT1_idx` (`PRODUCT_ID`);

--
-- Index pour la table `sm_advanced_status`
--
ALTER TABLE `sm_advanced_status`
 ADD PRIMARY KEY (`ID`);

--
-- Index pour la table `sm_bank_type`
--
ALTER TABLE `sm_bank_type`
 ADD PRIMARY KEY (`ID`);

--
-- Index pour la table `sm_check`
--
ALTER TABLE `sm_check`
 ADD PRIMARY KEY (`ID`), ADD UNIQUE KEY `pk_sm_check_0` (`BANK_ID`);

--
-- Index pour la table `sm_customer`
--
ALTER TABLE `sm_customer`
 ADD PRIMARY KEY (`ID`), ADD KEY `fk_SM_CUSTOMER_CLT_MODULE1_idx` (`CLT_MODULE_ID`), ADD KEY `idx_sm_customer` (`CUSTOMER_TYPE_ID`);

--
-- Index pour la table `sm_customer_type`
--
ALTER TABLE `sm_customer_type`
 ADD PRIMARY KEY (`ID`), ADD KEY `fk_SM_CUSTOMER_TYPE_CLT_FOLDER1_idx` (`CLT_MODULE_ID`);

--
-- Index pour la table `sm_deposit`
--
ALTER TABLE `sm_deposit`
 ADD PRIMARY KEY (`ID`);

--
-- Index pour la table `sm_expense`
--
ALTER TABLE `sm_expense`
 ADD PRIMARY KEY (`ID`), ADD KEY `fk_SM_EXPENSE_SM_EXPENSE_TYPE1_idx` (`EXPENSE_TYPE_ID`), ADD KEY `fk_SM_EXPENSE_CLT_FOLDER1_idx` (`CLT_MODULE_ID`);

--
-- Index pour la table `sm_expense_type`
--
ALTER TABLE `sm_expense_type`
 ADD PRIMARY KEY (`ID`);

--
-- Index pour la table `sm_order`
--
ALTER TABLE `sm_order`
 ADD PRIMARY KEY (`ID`), ADD KEY `fk_SM_ORDER_SM_ORDER_STATUS1_idx` (`ORDER_STATUS_ID`), ADD KEY `fk_SM_ORDER_SM_PAYMENT_METHOD1_idx` (`PAYMENT_METHOD_ID`), ADD KEY `fk_SM_ORDER_SM_CUSTOMER1_idx` (`CUSTOMER_ID`), ADD KEY `fk_SM_ORDER_SM_CHECK1_idx` (`CHECK_ID`);

--
-- Index pour la table `sm_order_line`
--
ALTER TABLE `sm_order_line`
 ADD PRIMARY KEY (`ID`), ADD KEY `fk_SM_ORDER_LINE_SM_PRODUCT1_idx` (`PRODUCT_ID`), ADD KEY `fk_SM_ORDER_LINE_SM_ORDER1_idx` (`ORDER_ID`);

--
-- Index pour la table `sm_order_status`
--
ALTER TABLE `sm_order_status`
 ADD PRIMARY KEY (`ID`);

--
-- Index pour la table `sm_payment_method`
--
ALTER TABLE `sm_payment_method`
 ADD PRIMARY KEY (`ID`), ADD KEY `fk_SM_PAYMENT_METHOD_CLT_MODULE1_idx` (`CLT_MODULE_ID`);

--
-- Index pour la table `sm_product`
--
ALTER TABLE `sm_product`
 ADD PRIMARY KEY (`ID`), ADD KEY `fk_SM_PRODUCT_SM_PRODUCT_STATUS1_idx` (`PRODUCT_STATUS_ID`), ADD KEY `fk_SM_PRODUCT_SM_PRODUCT_FAMILY1_idx` (`PRODUCT_FAMILY_ID`), ADD KEY `fk_SM_PRODUCT_SM_PRODUCT_SIZE1_idx` (`PRODUCT_SIZE_ID`), ADD KEY `fk_SM_PRODUCT_SM_PRODUCT_COLOR1_idx` (`PRODUCT_COLOR_ID`);

--
-- Index pour la table `sm_product_color`
--
ALTER TABLE `sm_product_color`
 ADD PRIMARY KEY (`ID`), ADD KEY `fk_SM_PRODUCT_COLOR_CLT_MODULE1_idx` (`CLT_MODULE_ID`);

--
-- Index pour la table `sm_product_details`
--
ALTER TABLE `sm_product_details`
 ADD PRIMARY KEY (`ID`), ADD KEY `fk_SM_PRODUCT_DETAILS_SM_RECEPTION1_idx` (`RECEPTION_ID`), ADD KEY `fk_SM_PRODUCT_DETAILS_SM_PRODUCT1_idx` (`PRODUCT_ID`);

--
-- Index pour la table `sm_product_family`
--
ALTER TABLE `sm_product_family`
 ADD PRIMARY KEY (`ID`), ADD KEY `fk_SM_PRODUCT_FAMILY_SM_PRODUCT_GROUP1_idx` (`PRODUCT_GROUP_ID`), ADD KEY `fk_SM_PRODUCT_FAMILY_CLT_MODULE1_idx` (`CLT_MODULE_ID`);

--
-- Index pour la table `sm_product_group`
--
ALTER TABLE `sm_product_group`
 ADD PRIMARY KEY (`ID`), ADD KEY `fk_SM_PRODUCT_GROUP_CLT_MODULE1_idx` (`CLT_MODULE_ID`);

--
-- Index pour la table `sm_product_size`
--
ALTER TABLE `sm_product_size`
 ADD PRIMARY KEY (`ID`);

--
-- Index pour la table `sm_product_status`
--
ALTER TABLE `sm_product_status`
 ADD PRIMARY KEY (`ID`);

--
-- Index pour la table `sm_promotion`
--
ALTER TABLE `sm_promotion`
 ADD PRIMARY KEY (`ID`), ADD KEY `fk_SM_PROMOTION_SM_PROMOTION_TYPE1_idx` (`PROMOTION_TYPE_ID`), ADD KEY `fk_SM_PROMOTION_SM_PRODUCT1_idx` (`PRODUCT`);

--
-- Index pour la table `sm_promotion_type`
--
ALTER TABLE `sm_promotion_type`
 ADD PRIMARY KEY (`ID`), ADD KEY `fk_SM_PROMOTION_TYPE_CLT_MODULE1_idx` (`CLT_MODULE_ID`);

--
-- Index pour la table `sm_reception`
--
ALTER TABLE `sm_reception`
 ADD PRIMARY KEY (`ID`), ADD KEY `fk_SM_RECEPTION_SM_SUPPLIER1_idx` (`SUPPLIER_ID`);

--
-- Index pour la table `sm_supplier`
--
ALTER TABLE `sm_supplier`
 ADD PRIMARY KEY (`ID`), ADD KEY `fk_SM_SUPPLIER_SM_SUPPLIER_TYPE1_idx` (`SUPPLIER_TYPE_ID`);

--
-- Index pour la table `sm_supplier_type`
--
ALTER TABLE `sm_supplier_type`
 ADD PRIMARY KEY (`ID`), ADD KEY `fk_SM_SUPPLIER_TYPE_CLT_FOLDER1_idx` (`CLT_MODULE_ID`);

--
-- AUTO_INCREMENT pour les tables exportées
--

--
-- AUTO_INCREMENT pour la table `clt_client`
--
ALTER TABLE `clt_client`
MODIFY `ID` bigint(20) NOT NULL AUTO_INCREMENT,AUTO_INCREMENT=2;
--
-- AUTO_INCREMENT pour la table `clt_client_language`
--
ALTER TABLE `clt_client_language`
MODIFY `ID` bigint(20) NOT NULL AUTO_INCREMENT,AUTO_INCREMENT=2;
--
-- AUTO_INCREMENT pour la table `clt_client_status`
--
ALTER TABLE `clt_client_status`
MODIFY `ID` bigint(20) NOT NULL AUTO_INCREMENT,AUTO_INCREMENT=2;
--
-- AUTO_INCREMENT pour la table `clt_module`
--
ALTER TABLE `clt_module`
MODIFY `ID` bigint(20) NOT NULL AUTO_INCREMENT,AUTO_INCREMENT=4;
--
-- AUTO_INCREMENT pour la table `clt_module_parameter`
--
ALTER TABLE `clt_module_parameter`
MODIFY `ID` bigint(20) NOT NULL AUTO_INCREMENT,AUTO_INCREMENT=3;
--
-- AUTO_INCREMENT pour la table `clt_module_parameter_client`
--
ALTER TABLE `clt_module_parameter_client`
MODIFY `ID` bigint(20) NOT NULL AUTO_INCREMENT,AUTO_INCREMENT=2;
--
-- AUTO_INCREMENT pour la table `clt_module_parameter_type`
--
ALTER TABLE `clt_module_parameter_type`
MODIFY `ID` bigint(20) NOT NULL AUTO_INCREMENT,AUTO_INCREMENT=2;
--
-- AUTO_INCREMENT pour la table `clt_module_status`
--
ALTER TABLE `clt_module_status`
MODIFY `ID` bigint(20) NOT NULL AUTO_INCREMENT,AUTO_INCREMENT=2;
--
-- AUTO_INCREMENT pour la table `clt_module_type`
--
ALTER TABLE `clt_module_type`
MODIFY `ID` bigint(20) NOT NULL AUTO_INCREMENT,AUTO_INCREMENT=4;
--
-- AUTO_INCREMENT pour la table `clt_parameter`
--
ALTER TABLE `clt_parameter`
MODIFY `ID` bigint(20) NOT NULL AUTO_INCREMENT,AUTO_INCREMENT=6;
--
-- AUTO_INCREMENT pour la table `clt_parameter_client`
--
ALTER TABLE `clt_parameter_client`
MODIFY `ID` bigint(20) NOT NULL AUTO_INCREMENT,AUTO_INCREMENT=5;
--
-- AUTO_INCREMENT pour la table `clt_user`
--
ALTER TABLE `clt_user`
MODIFY `ID` bigint(20) NOT NULL AUTO_INCREMENT,AUTO_INCREMENT=2;
--
-- AUTO_INCREMENT pour la table `clt_user_category`
--
ALTER TABLE `clt_user_category`
MODIFY `ID` bigint(20) NOT NULL AUTO_INCREMENT,AUTO_INCREMENT=2;
--
-- AUTO_INCREMENT pour la table `clt_user_client`
--
ALTER TABLE `clt_user_client`
MODIFY `ID` bigint(20) NOT NULL AUTO_INCREMENT,AUTO_INCREMENT=2;
--
-- AUTO_INCREMENT pour la table `clt_user_group`
--
ALTER TABLE `clt_user_group`
MODIFY `ID` bigint(20) NOT NULL AUTO_INCREMENT,AUTO_INCREMENT=3;
--
-- AUTO_INCREMENT pour la table `clt_user_module`
--
ALTER TABLE `clt_user_module`
MODIFY `ID` bigint(20) NOT NULL AUTO_INCREMENT,AUTO_INCREMENT=4;
--
-- AUTO_INCREMENT pour la table `clt_user_status`
--
ALTER TABLE `clt_user_status`
MODIFY `ID` bigint(20) NOT NULL AUTO_INCREMENT,AUTO_INCREMENT=2;
--
-- AUTO_INCREMENT pour la table `inf_basic_parameter`
--
ALTER TABLE `inf_basic_parameter`
MODIFY `ID` bigint(20) NOT NULL AUTO_INCREMENT,AUTO_INCREMENT=11;
--
-- AUTO_INCREMENT pour la table `inf_basic_parameter_type`
--
ALTER TABLE `inf_basic_parameter_type`
MODIFY `ID` bigint(20) NOT NULL AUTO_INCREMENT,AUTO_INCREMENT=3;
--
-- AUTO_INCREMENT pour la table `inf_city`
--
ALTER TABLE `inf_city`
MODIFY `ID` bigint(20) NOT NULL AUTO_INCREMENT,AUTO_INCREMENT=5;
--
-- AUTO_INCREMENT pour la table `inf_country`
--
ALTER TABLE `inf_country`
MODIFY `ID` bigint(20) NOT NULL AUTO_INCREMENT,AUTO_INCREMENT=4;
--
-- AUTO_INCREMENT pour la table `inf_group`
--
ALTER TABLE `inf_group`
MODIFY `ID` bigint(20) NOT NULL AUTO_INCREMENT,AUTO_INCREMENT=2;
--
-- AUTO_INCREMENT pour la table `inf_language`
--
ALTER TABLE `inf_language`
MODIFY `ID` bigint(20) NOT NULL AUTO_INCREMENT,AUTO_INCREMENT=3;
--
-- AUTO_INCREMENT pour la table `inf_lovs`
--
ALTER TABLE `inf_lovs`
MODIFY `ID` bigint(20) NOT NULL AUTO_INCREMENT,AUTO_INCREMENT=5;
--
-- AUTO_INCREMENT pour la table `inf_prefix`
--
ALTER TABLE `inf_prefix`
MODIFY `ID` bigint(20) NOT NULL AUTO_INCREMENT,AUTO_INCREMENT=2;
--
-- AUTO_INCREMENT pour la table `inf_privilege`
--
ALTER TABLE `inf_privilege`
MODIFY `ID` bigint(20) NOT NULL AUTO_INCREMENT,AUTO_INCREMENT=5;
--
-- AUTO_INCREMENT pour la table `inf_role`
--
ALTER TABLE `inf_role`
MODIFY `ID` bigint(20) NOT NULL AUTO_INCREMENT,AUTO_INCREMENT=2;
--
-- AUTO_INCREMENT pour la table `inf_role_group`
--
ALTER TABLE `inf_role_group`
MODIFY `ID` bigint(20) NOT NULL AUTO_INCREMENT,AUTO_INCREMENT=2;
--
-- AUTO_INCREMENT pour la table `inf_text`
--
ALTER TABLE `inf_text`
MODIFY `ID` bigint(20) NOT NULL AUTO_INCREMENT,AUTO_INCREMENT=524;
--
-- AUTO_INCREMENT pour la table `inf_text_type`
--
ALTER TABLE `inf_text_type`
MODIFY `ID` bigint(20) NOT NULL AUTO_INCREMENT,AUTO_INCREMENT=8;
--
-- AUTO_INCREMENT pour la table `pm_attribute_exclud`
--
ALTER TABLE `pm_attribute_exclud`
MODIFY `ID` bigint(20) NOT NULL AUTO_INCREMENT,AUTO_INCREMENT=2;
--
-- AUTO_INCREMENT pour la table `pm_attribute_validation`
--
ALTER TABLE `pm_attribute_validation`
MODIFY `ID` bigint(20) NOT NULL AUTO_INCREMENT,AUTO_INCREMENT=286;
--
-- AUTO_INCREMENT pour la table `pm_category`
--
ALTER TABLE `pm_category`
MODIFY `ID` bigint(20) NOT NULL AUTO_INCREMENT,AUTO_INCREMENT=9;
--
-- AUTO_INCREMENT pour la table `pm_category_type`
--
ALTER TABLE `pm_category_type`
MODIFY `ID` bigint(20) NOT NULL AUTO_INCREMENT,AUTO_INCREMENT=6;
--
-- AUTO_INCREMENT pour la table `pm_component`
--
ALTER TABLE `pm_component`
MODIFY `ID` bigint(20) NOT NULL AUTO_INCREMENT,AUTO_INCREMENT=7;
--
-- AUTO_INCREMENT pour la table `pm_composition`
--
ALTER TABLE `pm_composition`
MODIFY `ID` bigint(20) NOT NULL AUTO_INCREMENT,AUTO_INCREMENT=214;
--
-- AUTO_INCREMENT pour la table `pm_data_type`
--
ALTER TABLE `pm_data_type`
MODIFY `ID` bigint(20) NOT NULL AUTO_INCREMENT,AUTO_INCREMENT=6;
--
-- AUTO_INCREMENT pour la table `pm_format_type`
--
ALTER TABLE `pm_format_type`
MODIFY `ID` bigint(20) NOT NULL AUTO_INCREMENT,AUTO_INCREMENT=10;
--
-- AUTO_INCREMENT pour la table `pm_group`
--
ALTER TABLE `pm_group`
MODIFY `ID` bigint(20) NOT NULL AUTO_INCREMENT,AUTO_INCREMENT=5;
--
-- AUTO_INCREMENT pour la table `pm_group_type`
--
ALTER TABLE `pm_group_type`
MODIFY `ID` bigint(20) NOT NULL AUTO_INCREMENT,AUTO_INCREMENT=3;
--
-- AUTO_INCREMENT pour la table `pm_menu`
--
ALTER TABLE `pm_menu`
MODIFY `ID` bigint(20) NOT NULL AUTO_INCREMENT,AUTO_INCREMENT=40;
--
-- AUTO_INCREMENT pour la table `pm_menu_type`
--
ALTER TABLE `pm_menu_type`
MODIFY `ID` bigint(20) NOT NULL AUTO_INCREMENT,AUTO_INCREMENT=7;
--
-- AUTO_INCREMENT pour la table `pm_module_attribute`
--
ALTER TABLE `pm_module_attribute`
MODIFY `ID` bigint(20) NOT NULL AUTO_INCREMENT;
--
-- AUTO_INCREMENT pour la table `pm_page`
--
ALTER TABLE `pm_page`
MODIFY `ID` bigint(20) NOT NULL AUTO_INCREMENT,AUTO_INCREMENT=28;
--
-- AUTO_INCREMENT pour la table `pm_page_attribute`
--
ALTER TABLE `pm_page_attribute`
MODIFY `ID` bigint(20) NOT NULL AUTO_INCREMENT,AUTO_INCREMENT=134;
--
-- AUTO_INCREMENT pour la table `pm_page_parameter`
--
ALTER TABLE `pm_page_parameter`
MODIFY `ID` bigint(20) NOT NULL AUTO_INCREMENT,AUTO_INCREMENT=5;
--
-- AUTO_INCREMENT pour la table `pm_page_parameter_module`
--
ALTER TABLE `pm_page_parameter_module`
MODIFY `ID` bigint(20) NOT NULL AUTO_INCREMENT;
--
-- AUTO_INCREMENT pour la table `pm_page_parameter_type`
--
ALTER TABLE `pm_page_parameter_type`
MODIFY `ID` bigint(20) NOT NULL AUTO_INCREMENT,AUTO_INCREMENT=2;
--
-- AUTO_INCREMENT pour la table `pm_page_type`
--
ALTER TABLE `pm_page_type`
MODIFY `ID` bigint(20) NOT NULL AUTO_INCREMENT,AUTO_INCREMENT=3;
--
-- AUTO_INCREMENT pour la table `pm_validation_type`
--
ALTER TABLE `pm_validation_type`
MODIFY `ID` bigint(20) NOT NULL AUTO_INCREMENT,AUTO_INCREMENT=6;
--
-- AUTO_INCREMENT pour la table `sm_advanced`
--
ALTER TABLE `sm_advanced`
MODIFY `ID` bigint(20) NOT NULL AUTO_INCREMENT;
--
-- AUTO_INCREMENT pour la table `sm_advanced_status`
--
ALTER TABLE `sm_advanced_status`
MODIFY `ID` bigint(20) NOT NULL AUTO_INCREMENT;
--
-- AUTO_INCREMENT pour la table `sm_bank_type`
--
ALTER TABLE `sm_bank_type`
MODIFY `ID` bigint(20) NOT NULL AUTO_INCREMENT;
--
-- AUTO_INCREMENT pour la table `sm_check`
--
ALTER TABLE `sm_check`
MODIFY `ID` bigint(20) NOT NULL AUTO_INCREMENT;
--
-- AUTO_INCREMENT pour la table `sm_customer`
--
ALTER TABLE `sm_customer`
MODIFY `ID` bigint(20) NOT NULL AUTO_INCREMENT,AUTO_INCREMENT=11;
--
-- AUTO_INCREMENT pour la table `sm_customer_type`
--
ALTER TABLE `sm_customer_type`
MODIFY `ID` bigint(20) NOT NULL AUTO_INCREMENT,AUTO_INCREMENT=3;
--
-- AUTO_INCREMENT pour la table `sm_deposit`
--
ALTER TABLE `sm_deposit`
MODIFY `ID` bigint(20) NOT NULL AUTO_INCREMENT,AUTO_INCREMENT=2;
--
-- AUTO_INCREMENT pour la table `sm_expense`
--
ALTER TABLE `sm_expense`
MODIFY `ID` bigint(20) NOT NULL AUTO_INCREMENT,AUTO_INCREMENT=32;
--
-- AUTO_INCREMENT pour la table `sm_expense_type`
--
ALTER TABLE `sm_expense_type`
MODIFY `ID` bigint(20) NOT NULL AUTO_INCREMENT,AUTO_INCREMENT=66;
--
-- AUTO_INCREMENT pour la table `sm_order`
--
ALTER TABLE `sm_order`
MODIFY `ID` bigint(20) NOT NULL AUTO_INCREMENT,AUTO_INCREMENT=35;
--
-- AUTO_INCREMENT pour la table `sm_order_line`
--
ALTER TABLE `sm_order_line`
MODIFY `ID` bigint(20) NOT NULL AUTO_INCREMENT,AUTO_INCREMENT=54;
--
-- AUTO_INCREMENT pour la table `sm_order_status`
--
ALTER TABLE `sm_order_status`
MODIFY `ID` bigint(20) NOT NULL AUTO_INCREMENT;
--
-- AUTO_INCREMENT pour la table `sm_payment_method`
--
ALTER TABLE `sm_payment_method`
MODIFY `ID` bigint(20) NOT NULL AUTO_INCREMENT;
--
-- AUTO_INCREMENT pour la table `sm_product`
--
ALTER TABLE `sm_product`
MODIFY `ID` bigint(20) NOT NULL AUTO_INCREMENT,AUTO_INCREMENT=130;
--
-- AUTO_INCREMENT pour la table `sm_product_color`
--
ALTER TABLE `sm_product_color`
MODIFY `ID` bigint(20) NOT NULL AUTO_INCREMENT,AUTO_INCREMENT=14;
--
-- AUTO_INCREMENT pour la table `sm_product_details`
--
ALTER TABLE `sm_product_details`
MODIFY `ID` bigint(20) NOT NULL AUTO_INCREMENT,AUTO_INCREMENT=203;
--
-- AUTO_INCREMENT pour la table `sm_product_family`
--
ALTER TABLE `sm_product_family`
MODIFY `ID` bigint(20) NOT NULL AUTO_INCREMENT,AUTO_INCREMENT=5;
--
-- AUTO_INCREMENT pour la table `sm_product_group`
--
ALTER TABLE `sm_product_group`
MODIFY `ID` bigint(20) NOT NULL AUTO_INCREMENT;
--
-- AUTO_INCREMENT pour la table `sm_product_size`
--
ALTER TABLE `sm_product_size`
MODIFY `ID` bigint(20) NOT NULL AUTO_INCREMENT,AUTO_INCREMENT=62;
--
-- AUTO_INCREMENT pour la table `sm_product_status`
--
ALTER TABLE `sm_product_status`
MODIFY `ID` bigint(20) NOT NULL AUTO_INCREMENT,AUTO_INCREMENT=2;
--
-- AUTO_INCREMENT pour la table `sm_promotion`
--
ALTER TABLE `sm_promotion`
MODIFY `ID` bigint(20) NOT NULL AUTO_INCREMENT;
--
-- AUTO_INCREMENT pour la table `sm_promotion_type`
--
ALTER TABLE `sm_promotion_type`
MODIFY `ID` bigint(20) NOT NULL AUTO_INCREMENT;
--
-- AUTO_INCREMENT pour la table `sm_reception`
--
ALTER TABLE `sm_reception`
MODIFY `ID` bigint(20) NOT NULL AUTO_INCREMENT,AUTO_INCREMENT=35;
--
-- AUTO_INCREMENT pour la table `sm_supplier`
--
ALTER TABLE `sm_supplier`
MODIFY `ID` bigint(20) NOT NULL AUTO_INCREMENT,AUTO_INCREMENT=17;
--
-- AUTO_INCREMENT pour la table `sm_supplier_type`
--
ALTER TABLE `sm_supplier_type`
MODIFY `ID` bigint(20) NOT NULL AUTO_INCREMENT,AUTO_INCREMENT=8;
--
-- Contraintes pour les tables exportées
--

--
-- Contraintes pour la table `clt_client`
--
ALTER TABLE `clt_client`
ADD CONSTRAINT `fk_CLT_CLIENT_CLT_CLIENT_STATUS1` FOREIGN KEY (`CLIENT_STATUS_ID`) REFERENCES `clt_client_status` (`ID`) ON DELETE NO ACTION ON UPDATE NO ACTION,
ADD CONSTRAINT `fk_CLT_CLIENT_INF_CITY1` FOREIGN KEY (`INF_CITY_ID`) REFERENCES `inf_city` (`ID`) ON DELETE NO ACTION ON UPDATE NO ACTION,
ADD CONSTRAINT `fk_CLT_CLIENT_INF_COUNTRY1` FOREIGN KEY (`INF_COUNTRY_ID`) REFERENCES `inf_country` (`ID`) ON DELETE NO ACTION ON UPDATE NO ACTION;

--
-- Contraintes pour la table `clt_client_language`
--
ALTER TABLE `clt_client_language`
ADD CONSTRAINT `fk_CLT_CLIENT_LANGUAGE_CLT_CLIENT1` FOREIGN KEY (`CLIENT_ID`) REFERENCES `clt_client` (`ID`) ON DELETE NO ACTION ON UPDATE NO ACTION,
ADD CONSTRAINT `fk_CLT_CLIENT_LANGUAGE_INF_PREFIX_ID` FOREIGN KEY (`INF_PREFIX_ID`) REFERENCES `inf_prefix` (`ID`) ON DELETE NO ACTION ON UPDATE NO ACTION,
ADD CONSTRAINT `fk_CLT_CLIENT_LANGUAGE_LANGUAGE_ID` FOREIGN KEY (`LANGUAGE_ID`) REFERENCES `inf_language` (`ID`) ON DELETE NO ACTION ON UPDATE NO ACTION;

--
-- Contraintes pour la table `clt_module`
--
ALTER TABLE `clt_module`
ADD CONSTRAINT `fk_CLT_MODULE_CLT_CLIENT1` FOREIGN KEY (`CLIENT_ID`) REFERENCES `clt_client` (`ID`) ON DELETE NO ACTION ON UPDATE NO ACTION,
ADD CONSTRAINT `fk_CLT_MODULE_CLT_MODULE_STATUS1` FOREIGN KEY (`MODULE_STATUS_ID`) REFERENCES `clt_module_status` (`ID`) ON DELETE NO ACTION ON UPDATE NO ACTION,
ADD CONSTRAINT `fk_CLT_MODULE_TYPE1` FOREIGN KEY (`MODULE_TYPE_ID`) REFERENCES `clt_module_type` (`ID`) ON DELETE NO ACTION ON UPDATE NO ACTION;

--
-- Contraintes pour la table `clt_module_parameter`
--
ALTER TABLE `clt_module_parameter`
ADD CONSTRAINT `fk_clt_module_parameter` FOREIGN KEY (`MODULE_PARAMETER_TYPE_ID`) REFERENCES `clt_module_parameter_type` (`ID`) ON DELETE NO ACTION ON UPDATE NO ACTION;

--
-- Contraintes pour la table `clt_module_parameter_client`
--
ALTER TABLE `clt_module_parameter_client`
ADD CONSTRAINT `fk_clt_module_parameter_client` FOREIGN KEY (`MODULE_PARAMETER_ID`) REFERENCES `clt_module_parameter` (`ID`) ON DELETE NO ACTION ON UPDATE NO ACTION,
ADD CONSTRAINT `fk_clt_module_parameter_client_0` FOREIGN KEY (`MODULE_ID`) REFERENCES `clt_module` (`ID`) ON DELETE NO ACTION ON UPDATE NO ACTION;

--
-- Contraintes pour la table `clt_parameter`
--
ALTER TABLE `clt_parameter`
ADD CONSTRAINT `fk_clt_parameter` FOREIGN KEY (`PARAMETER_TYPE_ID`) REFERENCES `clt_parameter_type` (`ID`) ON DELETE NO ACTION ON UPDATE NO ACTION;

--
-- Contraintes pour la table `clt_parameter_client`
--
ALTER TABLE `clt_parameter_client`
ADD CONSTRAINT `fk_clt_parameter_client` FOREIGN KEY (`PARAMETER_ID`) REFERENCES `clt_parameter` (`ID`) ON DELETE NO ACTION ON UPDATE NO ACTION,
ADD CONSTRAINT `fk_clt_parameter_client_0` FOREIGN KEY (`CLINET_ID`) REFERENCES `clt_client` (`ID`) ON DELETE NO ACTION ON UPDATE NO ACTION;

--
-- Contraintes pour la table `clt_user`
--
ALTER TABLE `clt_user`
ADD CONSTRAINT `fk_clt_user` FOREIGN KEY (`USER_STATUS_ID`) REFERENCES `clt_user_status` (`ID`) ON DELETE NO ACTION ON UPDATE NO ACTION,
ADD CONSTRAINT `fk_CLT_USER_CLT_CATEGORY_USER1` FOREIGN KEY (`CATEGORY_ID`) REFERENCES `clt_user_category` (`ID`) ON DELETE NO ACTION ON UPDATE NO ACTION,
ADD CONSTRAINT `fk_CLT_USER_CLT_CLIENT1` FOREIGN KEY (`CLIENT_ID`) REFERENCES `clt_client` (`ID`) ON DELETE NO ACTION ON UPDATE NO ACTION,
ADD CONSTRAINT `fk_CLT_USER_INF_CITY1` FOREIGN KEY (`INF_CITY_ID`) REFERENCES `inf_city` (`ID`) ON DELETE NO ACTION ON UPDATE NO ACTION,
ADD CONSTRAINT `fk_CLT_USER_INF_COUNTRY1` FOREIGN KEY (`INF_COUNTRY_ID`) REFERENCES `inf_country` (`ID`) ON DELETE NO ACTION ON UPDATE NO ACTION;

--
-- Contraintes pour la table `clt_user_client`
--
ALTER TABLE `clt_user_client`
ADD CONSTRAINT `FK1_USER_CLIENT` FOREIGN KEY (`CLIENT_ID`) REFERENCES `clt_client` (`ID`) ON DELETE NO ACTION ON UPDATE NO ACTION,
ADD CONSTRAINT `FK2_USER_CLIENT` FOREIGN KEY (`USER_ID`) REFERENCES `clt_user` (`ID`) ON DELETE NO ACTION ON UPDATE NO ACTION;

--
-- Contraintes pour la table `clt_user_group`
--
ALTER TABLE `clt_user_group`
ADD CONSTRAINT `fk_CLT_USER_GROUP_CLT_USER1` FOREIGN KEY (`USER_ID`) REFERENCES `clt_user` (`ID`) ON DELETE NO ACTION ON UPDATE NO ACTION,
ADD CONSTRAINT `fk_CLT_USER_GROUP_INF_GROUP1` FOREIGN KEY (`INF_GROUP_ID`) REFERENCES `inf_group` (`ID`) ON DELETE NO ACTION ON UPDATE NO ACTION;

--
-- Contraintes pour la table `clt_user_module`
--
ALTER TABLE `clt_user_module`
ADD CONSTRAINT `fk_CLT_USER_FOLDER_CLT_FOLDER1` FOREIGN KEY (`MODULE_ID`) REFERENCES `clt_module` (`ID`) ON DELETE NO ACTION ON UPDATE NO ACTION,
ADD CONSTRAINT `fk_CLT_USER_FOLDER_CLT_USER1` FOREIGN KEY (`USER_ID`) REFERENCES `clt_user` (`ID`) ON DELETE NO ACTION ON UPDATE NO ACTION;

--
-- Contraintes pour la table `inf_city`
--
ALTER TABLE `inf_city`
ADD CONSTRAINT `fk_INF_CITY_INF_COUNTRY1` FOREIGN KEY (`COUNTRY_ID`) REFERENCES `inf_country` (`ID`) ON DELETE NO ACTION ON UPDATE NO ACTION;

--
-- Contraintes pour la table `inf_group`
--
ALTER TABLE `inf_group`
ADD CONSTRAINT `fk_INF_GROUP_CLT_MODULE1` FOREIGN KEY (`CLT_MODULE_ID`) REFERENCES `clt_module` (`ID`) ON DELETE NO ACTION ON UPDATE NO ACTION;

--
-- Contraintes pour la table `inf_privilege`
--
ALTER TABLE `inf_privilege`
ADD CONSTRAINT `fk_inf_privilege` FOREIGN KEY (`ITEM_CODE`) REFERENCES `inf_item` (`CODE`) ON DELETE NO ACTION ON UPDATE NO ACTION,
ADD CONSTRAINT `fk_INF_PRIVILEGE_INF_ROLE1` FOREIGN KEY (`ROLE_ID`) REFERENCES `inf_role` (`ID`) ON DELETE NO ACTION ON UPDATE NO ACTION;

--
-- Contraintes pour la table `inf_role_group`
--
ALTER TABLE `inf_role_group`
ADD CONSTRAINT `fk_INF_ROLE_GROUP_INF_GROUP` FOREIGN KEY (`GROUP_ID`) REFERENCES `inf_group` (`ID`) ON DELETE NO ACTION ON UPDATE NO ACTION,
ADD CONSTRAINT `fk_INF_ROLE_GROUP_INF_ROLE1` FOREIGN KEY (`ROLE_ID`) REFERENCES `inf_role` (`ID`) ON DELETE NO ACTION ON UPDATE NO ACTION;

--
-- Contraintes pour la table `pm_attribute_exclud`
--
ALTER TABLE `pm_attribute_exclud`
ADD CONSTRAINT `fk_pm_attribute_exclud` FOREIGN KEY (`PAGE_ID`) REFERENCES `pm_page` (`ID`) ON DELETE NO ACTION ON UPDATE NO ACTION;

--
-- Contraintes pour la table `pm_attribute_validation`
--
ALTER TABLE `pm_attribute_validation`
ADD CONSTRAINT `fk_PM_VALID_SIMPLE_PAGE_PM_PAGE1` FOREIGN KEY (`PAGE_ID`) REFERENCES `pm_page` (`ID`) ON DELETE NO ACTION ON UPDATE NO ACTION;

--
-- Contraintes pour la table `pm_category`
--
ALTER TABLE `pm_category`
ADD CONSTRAINT `fk_pm_category` FOREIGN KEY (`CATEGORY_TYPE_ID`) REFERENCES `pm_category_type` (`ID`) ON DELETE NO ACTION ON UPDATE NO ACTION;

--
-- Contraintes pour la table `pm_composition`
--
ALTER TABLE `pm_composition`
ADD CONSTRAINT `FK1` FOREIGN KEY (`CLT_MODULE_ID`) REFERENCES `clt_module` (`ID`) ON DELETE SET NULL ON UPDATE SET NULL,
ADD CONSTRAINT `FK2` FOREIGN KEY (`GROUP_ID`) REFERENCES `pm_group` (`ID`) ON DELETE NO ACTION ON UPDATE NO ACTION,
ADD CONSTRAINT `FK3` FOREIGN KEY (`CATEGORY_ID`) REFERENCES `pm_category` (`ID`) ON DELETE NO ACTION ON UPDATE NO ACTION,
ADD CONSTRAINT `FK4` FOREIGN KEY (`MENU_ID`) REFERENCES `pm_menu` (`ID`) ON DELETE NO ACTION ON UPDATE NO ACTION,
ADD CONSTRAINT `FK5` FOREIGN KEY (`PAGE_ID`) REFERENCES `pm_page` (`ID`) ON DELETE NO ACTION ON UPDATE NO ACTION;

--
-- Contraintes pour la table `pm_group`
--
ALTER TABLE `pm_group`
ADD CONSTRAINT `fk_pm_group` FOREIGN KEY (`GROUP_TYPE_ID`) REFERENCES `pm_group_type` (`ID`) ON DELETE NO ACTION ON UPDATE NO ACTION;

--
-- Contraintes pour la table `pm_menu`
--
ALTER TABLE `pm_menu`
ADD CONSTRAINT `fk_PM_SECTION_PM_SECTION_TYPE1` FOREIGN KEY (`MENU_TYPE_ID`) REFERENCES `pm_menu_type` (`ID`) ON DELETE NO ACTION ON UPDATE NO ACTION;

--
-- Contraintes pour la table `pm_module_attribute`
--
ALTER TABLE `pm_module_attribute`
ADD CONSTRAINT `fk_DATA_TYPE2` FOREIGN KEY (`DATA_TYPE_ID`) REFERENCES `pm_data_type` (`ID`) ON DELETE NO ACTION ON UPDATE NO ACTION,
ADD CONSTRAINT `fk_PM_PAGE_ATTRIBUTE1` FOREIGN KEY (`PM_PAGE_ATTRIBUTE_ID`) REFERENCES `pm_page_attribute` (`ID`) ON DELETE NO ACTION ON UPDATE NO ACTION,
ADD CONSTRAINT `FORMAT_TYPE_ID2` FOREIGN KEY (`FORMAT_TYPE_ID`) REFERENCES `pm_format_type` (`ID`) ON DELETE NO ACTION ON UPDATE NO ACTION;

--
-- Contraintes pour la table `pm_page`
--
ALTER TABLE `pm_page`
ADD CONSTRAINT `fk_PM_PAGE_PM_TYPE_PAGE1` FOREIGN KEY (`PAGE_TYPE_ID`) REFERENCES `pm_page_type` (`ID`) ON DELETE NO ACTION ON UPDATE NO ACTION;

--
-- Contraintes pour la table `pm_page_attribute`
--
ALTER TABLE `pm_page_attribute`
ADD CONSTRAINT `fk_data_type1` FOREIGN KEY (`DATA_TYPE_ID`) REFERENCES `pm_data_type` (`ID`) ON DELETE NO ACTION ON UPDATE NO ACTION,
ADD CONSTRAINT `fk_foramt_type1` FOREIGN KEY (`FORMAT_TYPE_ID`) REFERENCES `pm_format_type` (`ID`) ON DELETE NO ACTION ON UPDATE NO ACTION,
ADD CONSTRAINT `fk_PM_PAGE_ITEM_PM_COMPONENTE1` FOREIGN KEY (`PM_COMPONENT_ID`) REFERENCES `pm_component` (`ID`) ON DELETE NO ACTION ON UPDATE NO ACTION,
ADD CONSTRAINT `fk_PM_PAGE_ITEM_PM_PAGE1` FOREIGN KEY (`PAGE_ID`) REFERENCES `pm_page` (`ID`) ON DELETE NO ACTION ON UPDATE NO ACTION;

--
-- Contraintes pour la table `pm_page_parameter`
--
ALTER TABLE `pm_page_parameter`
ADD CONSTRAINT `FK1_PAGE_PAPRAMETER` FOREIGN KEY (`PAGE_PARAMETER_TYPE_ID`) REFERENCES `pm_page_parameter_type` (`ID`) ON DELETE NO ACTION ON UPDATE NO ACTION,
ADD CONSTRAINT `fk_pm_page_parameter` FOREIGN KEY (`PAGE_ID`) REFERENCES `pm_page` (`ID`) ON DELETE NO ACTION ON UPDATE NO ACTION;

--
-- Contraintes pour la table `pm_page_parameter_module`
--
ALTER TABLE `pm_page_parameter_module`
ADD CONSTRAINT `fk_pm_page_parameter_module` FOREIGN KEY (`PAGE_PARAMETER_ID`) REFERENCES `pm_page_parameter` (`ID`) ON DELETE NO ACTION ON UPDATE NO ACTION;

--
-- Contraintes pour la table `sm_advanced`
--
ALTER TABLE `sm_advanced`
ADD CONSTRAINT `fk_SM_ADVANCED_SM_ADVANCED_STATUS1` FOREIGN KEY (`ADVANCED_STATUS_ID`) REFERENCES `sm_advanced_status` (`ID`) ON DELETE NO ACTION ON UPDATE NO ACTION,
ADD CONSTRAINT `fk_SM_ADVANCED_SM_CUSTOMER1` FOREIGN KEY (`CUSTOMER_ID`) REFERENCES `sm_customer` (`ID`) ON DELETE NO ACTION ON UPDATE NO ACTION,
ADD CONSTRAINT `fk_SM_ADVANCED_SM_PRODUCT1` FOREIGN KEY (`PRODUCT_ID`) REFERENCES `sm_product` (`ID`) ON DELETE NO ACTION ON UPDATE NO ACTION;

--
-- Contraintes pour la table `sm_customer`
--
ALTER TABLE `sm_customer`
ADD CONSTRAINT `fk_SM_CUSTOMER_CLT_MODULE1` FOREIGN KEY (`CLT_MODULE_ID`) REFERENCES `clt_module` (`ID`) ON DELETE NO ACTION ON UPDATE NO ACTION,
ADD CONSTRAINT `fk_sm_customer_sm_customer_type1` FOREIGN KEY (`CUSTOMER_TYPE_ID`) REFERENCES `sm_customer_type` (`ID`) ON DELETE NO ACTION ON UPDATE NO ACTION;

--
-- Contraintes pour la table `sm_customer_type`
--
ALTER TABLE `sm_customer_type`
ADD CONSTRAINT `fk_SM_CUSTOMER_TYPE_CLT_FOLDER1` FOREIGN KEY (`CLT_MODULE_ID`) REFERENCES `clt_module` (`ID`) ON DELETE NO ACTION ON UPDATE NO ACTION;

--
-- Contraintes pour la table `sm_expense`
--
ALTER TABLE `sm_expense`
ADD CONSTRAINT `fk_SM_EXPENSE_CLT_FOLDER1` FOREIGN KEY (`CLT_MODULE_ID`) REFERENCES `clt_module` (`ID`) ON DELETE NO ACTION ON UPDATE NO ACTION,
ADD CONSTRAINT `fk_SM_EXPENSE_SM_EXPENSE_TYPE1` FOREIGN KEY (`EXPENSE_TYPE_ID`) REFERENCES `sm_expense_type` (`ID`) ON DELETE NO ACTION ON UPDATE NO ACTION;

--
-- Contraintes pour la table `sm_order`
--
ALTER TABLE `sm_order`
ADD CONSTRAINT `fk_SM_ORDER_SM_CHECK1` FOREIGN KEY (`CHECK_ID`) REFERENCES `sm_check` (`ID`) ON DELETE NO ACTION ON UPDATE NO ACTION,
ADD CONSTRAINT `fk_SM_ORDER_SM_CUSTOMER1` FOREIGN KEY (`CUSTOMER_ID`) REFERENCES `sm_customer` (`ID`) ON DELETE NO ACTION ON UPDATE NO ACTION,
ADD CONSTRAINT `fk_SM_ORDER_SM_ORDER_STATUS1` FOREIGN KEY (`ORDER_STATUS_ID`) REFERENCES `sm_order_status` (`ID`) ON DELETE NO ACTION ON UPDATE NO ACTION,
ADD CONSTRAINT `fk_SM_ORDER_SM_PAYMENT_METHOD1` FOREIGN KEY (`PAYMENT_METHOD_ID`) REFERENCES `sm_payment_method` (`ID`) ON DELETE NO ACTION ON UPDATE NO ACTION;

--
-- Contraintes pour la table `sm_order_line`
--
ALTER TABLE `sm_order_line`
ADD CONSTRAINT `fk_SM_ORDER_LINE_SM_ORDER1` FOREIGN KEY (`ORDER_ID`) REFERENCES `sm_order` (`ID`) ON DELETE CASCADE ON UPDATE NO ACTION,
ADD CONSTRAINT `fk_SM_ORDER_LINE_SM_PRODUCT1` FOREIGN KEY (`PRODUCT_ID`) REFERENCES `sm_product` (`ID`) ON DELETE NO ACTION ON UPDATE NO ACTION;

--
-- Contraintes pour la table `sm_payment_method`
--
ALTER TABLE `sm_payment_method`
ADD CONSTRAINT `fk_SM_PAYMENT_METHOD_CLT_MODULE1` FOREIGN KEY (`CLT_MODULE_ID`) REFERENCES `clt_module` (`ID`) ON DELETE NO ACTION ON UPDATE NO ACTION;

--
-- Contraintes pour la table `sm_product`
--
ALTER TABLE `sm_product`
ADD CONSTRAINT `fk_SM_PRODUCT_SM_PRODUCT_COLOR1` FOREIGN KEY (`PRODUCT_COLOR_ID`) REFERENCES `sm_product_color` (`ID`) ON DELETE NO ACTION ON UPDATE NO ACTION,
ADD CONSTRAINT `fk_SM_PRODUCT_SM_PRODUCT_FAMILY1` FOREIGN KEY (`PRODUCT_FAMILY_ID`) REFERENCES `sm_product_family` (`ID`) ON DELETE NO ACTION ON UPDATE NO ACTION,
ADD CONSTRAINT `fk_sm_product_sm_product_size1` FOREIGN KEY (`PRODUCT_SIZE_ID`) REFERENCES `sm_product_size` (`ID`) ON DELETE NO ACTION ON UPDATE NO ACTION,
ADD CONSTRAINT `fk_SM_PRODUCT_SM_PRODUCT_STATUS1` FOREIGN KEY (`PRODUCT_STATUS_ID`) REFERENCES `sm_product_status` (`ID`) ON DELETE NO ACTION ON UPDATE NO ACTION;

--
-- Contraintes pour la table `sm_product_color`
--
ALTER TABLE `sm_product_color`
ADD CONSTRAINT `fk_SM_PRODUCT_COLOR_CLT_MODULE1` FOREIGN KEY (`CLT_MODULE_ID`) REFERENCES `clt_module` (`ID`) ON DELETE NO ACTION ON UPDATE NO ACTION;

--
-- Contraintes pour la table `sm_product_details`
--
ALTER TABLE `sm_product_details`
ADD CONSTRAINT `fk_SM_PRODUCT_DETAILS_SM_PRODUCT1` FOREIGN KEY (`PRODUCT_ID`) REFERENCES `sm_product` (`ID`) ON DELETE NO ACTION ON UPDATE NO ACTION,
ADD CONSTRAINT `fk_SM_PRODUCT_DETAILS_SM_RECEPTION1` FOREIGN KEY (`RECEPTION_ID`) REFERENCES `sm_reception` (`ID`) ON DELETE CASCADE ON UPDATE NO ACTION;

--
-- Contraintes pour la table `sm_product_family`
--
ALTER TABLE `sm_product_family`
ADD CONSTRAINT `fk_SM_PRODUCT_FAMILY_CLT_MODULE1` FOREIGN KEY (`CLT_MODULE_ID`) REFERENCES `clt_module` (`ID`) ON DELETE NO ACTION ON UPDATE NO ACTION,
ADD CONSTRAINT `fk_SM_PRODUCT_FAMILY_SM_PRODUCT_GROUP1` FOREIGN KEY (`PRODUCT_GROUP_ID`) REFERENCES `sm_product_group` (`ID`) ON DELETE NO ACTION ON UPDATE NO ACTION;

--
-- Contraintes pour la table `sm_product_group`
--
ALTER TABLE `sm_product_group`
ADD CONSTRAINT `fk_SM_PRODUCT_GROUP_CLT_MODULE1` FOREIGN KEY (`CLT_MODULE_ID`) REFERENCES `clt_module` (`ID`) ON DELETE NO ACTION ON UPDATE NO ACTION;

--
-- Contraintes pour la table `sm_promotion`
--
ALTER TABLE `sm_promotion`
ADD CONSTRAINT `fk_SM_PROMOTION_SM_PRODUCT1` FOREIGN KEY (`PRODUCT`) REFERENCES `sm_product` (`ID`) ON DELETE NO ACTION ON UPDATE NO ACTION,
ADD CONSTRAINT `fk_SM_PROMOTION_SM_PROMOTION_TYPE1` FOREIGN KEY (`PROMOTION_TYPE_ID`) REFERENCES `sm_promotion_type` (`ID`) ON DELETE NO ACTION ON UPDATE NO ACTION;

--
-- Contraintes pour la table `sm_promotion_type`
--
ALTER TABLE `sm_promotion_type`
ADD CONSTRAINT `fk_SM_PROMOTION_TYPE_CLT_MODULE1` FOREIGN KEY (`CLT_MODULE_ID`) REFERENCES `clt_module` (`ID`) ON DELETE NO ACTION ON UPDATE NO ACTION;

--
-- Contraintes pour la table `sm_reception`
--
ALTER TABLE `sm_reception`
ADD CONSTRAINT `fk_SM_RECEPTION_SM_SUPPLIER1` FOREIGN KEY (`SUPPLIER_ID`) REFERENCES `sm_supplier` (`ID`) ON DELETE NO ACTION ON UPDATE NO ACTION;

--
-- Contraintes pour la table `sm_supplier`
--
ALTER TABLE `sm_supplier`
ADD CONSTRAINT `fk_SM_SUPPLIER_SM_SUPPLIER_TYPE1` FOREIGN KEY (`SUPPLIER_TYPE_ID`) REFERENCES `sm_supplier_type` (`ID`) ON DELETE NO ACTION ON UPDATE NO ACTION;

--
-- Contraintes pour la table `sm_supplier_type`
--
ALTER TABLE `sm_supplier_type`
ADD CONSTRAINT `fk_SM_SUPPLIER_TYPE_CLT_FOLDER1` FOREIGN KEY (`CLT_MODULE_ID`) REFERENCES `clt_module` (`ID`) ON DELETE NO ACTION ON UPDATE NO ACTION;
